coupon_id,owner_id,category_id,brand_id,discount_type,discount_value,minimum_purchase,issue_date,expiry_date,coupon_value,status,city,source,transferable,validity_duration_days,effective_discount_pct,total_views_count,avg_view_duration,total_requests_count,total_usage_count,swap_offered_count,swap_requested_count,request_conversion_rate
CP0001,U0229,CAT09,B031,percentage,71.4,0,2024-01-14,2024-05-18,1353.32,claimed,Pune,earned,yes,125,71.4,1,163.0,0,0,0,0,0.0
CP0002,U0498,CAT03,B009,percentage,30.8,1999,2024-07-08,2025-03-06,2969.15,claimed,Chandigarh,earned,no,241,30.8,5,112.0,0,1,0,0,0.0
CP0003,U0244,CAT09,B032,flat,400.0,299,2024-08-09,2025-01-06,440.83,swapped,Delhi,gifted,yes,150,90.74,3,260.33,0,0,0,0,0.0
CP0004,U0065,CAT02,B008,percentage,78.8,0,2023-08-05,2023-12-11,2145.71,swapped,Bhopal,purchased,yes,128,78.8,3,216.33,0,0,0,0,0.0
CP0005,U0199,CAT10,B035,percentage,59.5,999,2023-03-10,2023-05-23,2016.91,available,Jaipur,gifted,yes,74,59.5,3,165.33,1,0,0,0,0.3333
CP0006,U0299,CAT10,B036,percentage,16.2,1999,2024-08-03,2025-06-30,4825.92,available,Hyderabad,earned,yes,331,16.2,0,0.0,0,0,0,0,0.0
CP0007,U0249,CAT05,B019,flat,200.0,999,2024-01-28,2025-01-27,3064.36,available,Jaipur,gifted,no,365,6.53,1,191.0,1,0,0,0,1.0
CP0008,U0026,CAT01,B004,flat,250.0,1499,2024-12-08,2025-05-08,2402.33,available,Kochi,purchased,no,151,10.41,0,0.0,1,0,0,0,0.0
CP0009,U0154,CAT05,B019,flat,75.0,1499,2023-08-22,2023-11-28,2243.4,expired,Jaipur,earned,yes,98,3.34,2,190.0,0,0,0,0,0.0
CP0010,U0445,CAT04,B016,percentage,66.8,299,2024-05-11,2025-03-01,4114.04,claimed,Chennai,purchased,no,294,66.8,2,124.0,0,0,0,0,0.0
CP0011,U0128,CAT03,B009,percentage,70.6,0,2023-07-25,2023-09-22,2309.42,swapped,Kolkata,purchased,no,59,70.6,4,158.25,1,0,0,0,0.25
CP0012,U0191,CAT09,B031,percentage,14.3,499,2023-02-01,2023-07-04,2990.52,available,Nagpur,earned,no,153,14.3,4,256.25,0,0,0,0,0.0
CP0013,U0146,CAT06,B021,flat,200.0,0,2024-12-06,2025-02-20,1963.5,available,Patna,earned,yes,76,10.19,5,206.8,0,0,0,0,0.0
CP0014,U0263,CAT04,B014,flat,200.0,0,2024-10-29,2025-06-25,4329.92,swapped,Mumbai,gifted,yes,239,4.62,3,147.67,0,0,0,0,0.0
CP0015,U0141,CAT03,B009,percentage,50.6,499,2023-11-09,2024-11-02,4482.64,swapped,Indore,purchased,no,359,50.6,3,149.33,1,1,0,1,0.3333
CP0016,U0288,CAT05,B020,percentage,5.6,1499,2024-11-09,2025-06-18,2989.17,available,Hyderabad,gifted,no,221,5.6,1,191.0,1,1,0,0,1.0
CP0017,U0153,CAT05,B019,flat,200.0,199,2024-11-02,2025-10-31,792.15,expired,Delhi,earned,no,363,25.25,2,209.0,0,0,0,2,0.0
CP0018,U0133,CAT06,B023,percentage,6.9,499,2024-05-24,2024-11-21,2052.76,expired,Patna,earned,yes,181,6.9,4,138.75,0,1,0,0,0.0
CP0019,U0465,CAT06,B023,flat,500.0,1499,2024-10-15,2025-07-15,1824.56,available,Chennai,earned,yes,273,27.4,4,149.0,1,1,0,0,0.25
CP0020,U0485,CAT05,B017,percentage,60.6,1499,2024-07-26,2024-11-26,4502.98,expired,Pune,gifted,no,123,60.6,2,193.0,0,0,0,0,0.0
CP0021,U0241,CAT07,B025,percentage,48.9,0,2024-04-19,2024-07-18,4338.65,claimed,Vadodara,purchased,yes,90,48.9,2,168.0,0,1,0,0,0.0
CP0022,U0212,CAT09,B030,flat,300.0,0,2024-06-26,2024-12-25,4360.7,available,Kolkata,gifted,no,182,6.88,3,201.0,1,0,0,0,0.3333
CP0023,U0171,CAT03,B011,flat,100.0,1499,2023-03-24,2023-12-28,4933.87,available,Delhi,purchased,no,279,2.03,2,58.5,3,0,0,0,1.5
CP0024,U0315,CAT04,B014,percentage,16.9,499,2023-04-01,2023-07-06,3185.76,available,Nagpur,gifted,yes,96,16.9,5,200.6,0,0,1,0,0.0
CP0025,U0098,CAT09,B030,flat,50.0,0,2023-11-26,2024-09-22,3399.9,claimed,Pune,purchased,no,301,1.47,1,271.0,0,0,1,0,0.0
CP0026,U0034,CAT05,B018,percentage,42.8,1999,2023-11-10,2024-03-04,276.31,swapped,Indore,earned,no,115,42.8,2,166.5,1,1,0,1,0.5
CP0027,U0385,CAT07,B026,flat,250.0,199,2024-05-16,2024-12-15,866.17,swapped,Chandigarh,purchased,yes,213,28.86,2,125.0,0,1,0,0,0.0
CP0028,U0188,CAT03,B010,flat,500.0,1499,2023-06-23,2023-09-24,3270.17,available,Jaipur,earned,yes,93,15.29,1,150.0,0,0,1,1,0.0
CP0029,U0214,CAT10,B033,flat,50.0,499,2023-02-19,2023-05-19,1932.26,claimed,Nagpur,earned,yes,89,2.59,1,178.0,0,0,0,0,0.0
CP0030,U0319,CAT01,B003,percentage,12.6,999,2024-06-16,2024-12-01,3518.6,available,Hyderabad,gifted,yes,168,12.6,4,151.25,1,0,0,0,0.25
CP0031,U0103,CAT05,B017,flat,400.0,1999,2023-07-23,2024-06-28,1351.82,claimed,Kolkata,gifted,no,341,29.59,1,142.0,1,1,0,0,1.0
CP0032,U0170,CAT05,B018,percentage,42.2,199,2023-08-01,2024-05-03,63.55,expired,Hyderabad,earned,no,276,42.2,2,173.0,1,0,0,0,0.5
CP0033,U0330,CAT03,B009,flat,75.0,199,2023-04-14,2023-09-22,2310.92,swapped,Jaipur,gifted,yes,161,3.25,7,88.43,1,0,1,1,0.1429
CP0034,U0219,CAT03,B009,flat,250.0,1499,2024-11-24,2025-06-02,623.71,swapped,Delhi,purchased,yes,190,40.08,2,236.0,0,0,1,0,0.0
CP0035,U0450,CAT03,B011,percentage,37.8,1499,2024-09-28,2025-03-14,510.11,expired,Chennai,purchased,no,167,37.8,0,0.0,0,1,0,0,0.0
CP0036,U0454,CAT08,B028,flat,400.0,1999,2024-03-07,2025-03-04,875.55,available,Delhi,referral,yes,362,45.69,1,186.0,2,0,0,0,2.0
CP0037,U0093,CAT02,B008,flat,400.0,999,2024-08-05,2025-04-16,1929.77,available,Mumbai,referral,yes,254,20.73,1,144.0,0,0,0,1,0.0
CP0038,U0134,CAT08,B028,percentage,35.8,1499,2023-02-17,2023-04-20,1605.48,expired,Visakhapatnam,earned,yes,62,35.8,1,205.0,0,0,0,0,0.0
CP0039,U0339,CAT06,B023,percentage,57.5,1499,2023-04-08,2023-12-15,1280.46,available,Chandigarh,purchased,yes,251,57.5,0,0.0,0,1,0,1,0.0
CP0040,U0039,CAT01,B002,percentage,40.2,1999,2024-05-22,2024-09-13,2483.66,available,Jaipur,purchased,yes,114,40.2,1,197.0,0,0,1,0,0.0
CP0041,U0228,CAT09,B032,percentage,66.3,1999,2023-03-22,2023-12-12,2886.52,available,Nagpur,gifted,yes,265,66.3,0,0.0,1,1,0,0,0.0
CP0042,U0019,CAT08,B029,flat,75.0,999,2024-02-18,2024-10-16,2768.04,expired,Vadodara,referral,no,241,2.71,2,39.5,1,0,0,0,0.5
CP0043,U0423,CAT09,B032,percentage,55.4,0,2023-12-16,2024-07-19,4092.11,expired,Surat,earned,no,216,55.4,0,0.0,1,2,0,1,0.0
CP0044,U0002,CAT06,B023,percentage,12.3,299,2024-11-05,2025-03-28,1807.94,claimed,Lucknow,gifted,no,143,12.3,4,242.0,0,0,0,1,0.0
CP0045,U0055,CAT02,B005,flat,400.0,299,2023-05-24,2024-01-18,3073.72,available,Chandigarh,purchased,yes,239,13.01,1,208.0,0,1,0,0,0.0
CP0046,U0064,CAT06,B021,flat,50.0,1999,2024-10-10,2025-09-06,4464.18,claimed,Patna,referral,yes,331,1.12,2,144.5,0,0,1,0,0.0
CP0047,U0248,CAT08,B027,percentage,8.6,999,2024-03-19,2025-02-11,3916.35,swapped,Patna,purchased,yes,329,8.6,0,0.0,2,0,0,0,0.0
CP0048,U0215,CAT02,B008,flat,250.0,999,2024-05-31,2025-01-12,4583.76,expired,Jaipur,gifted,no,226,5.45,0,0.0,0,1,0,0,0.0
CP0049,U0359,CAT05,B020,flat,100.0,1499,2024-02-27,2025-01-30,2585.86,expired,Coimbatore,referral,yes,338,3.87,2,235.0,1,0,0,0,0.5
CP0050,U0364,CAT04,B014,percentage,26.8,1499,2023-12-20,2024-03-26,4877.14,available,Coimbatore,earned,no,97,26.8,2,290.0,0,0,0,0,0.0
CP0051,U0346,CAT02,B007,percentage,48.7,1499,2024-11-14,2025-07-15,4474.64,claimed,Bhopal,earned,yes,243,48.7,1,164.0,1,0,0,0,1.0
CP0052,U0385,CAT01,B004,percentage,55.3,1999,2023-07-24,2024-01-06,846.63,available,Jaipur,purchased,yes,166,55.3,1,30.0,0,0,1,1,0.0
CP0053,U0053,CAT05,B018,flat,50.0,999,2024-01-03,2024-09-20,4346.78,expired,Pune,earned,no,261,1.15,1,26.0,0,0,1,1,0.0
CP0054,U0214,CAT04,B015,flat,50.0,1999,2024-01-26,2024-09-10,4880.32,available,Coimbatore,purchased,no,228,1.02,1,224.0,1,0,0,0,1.0
CP0055,U0379,CAT04,B016,flat,250.0,999,2024-08-25,2025-06-30,1022.52,expired,Kolkata,purchased,yes,309,24.45,1,85.0,1,0,0,0,1.0
CP0056,U0021,CAT02,B006,flat,500.0,499,2023-05-03,2023-12-12,1431.61,available,Chennai,earned,no,223,34.93,5,201.4,0,1,2,0,0.0
CP0057,U0476,CAT01,B003,percentage,75.3,299,2023-02-10,2023-05-29,3004.56,expired,Vadodara,earned,no,108,75.3,2,123.5,1,1,0,0,0.5
CP0058,U0270,CAT08,B029,percentage,10.5,199,2024-12-25,2025-07-05,4787.09,claimed,Visakhapatnam,purchased,no,192,10.5,5,200.0,1,1,0,0,0.2
CP0059,U0185,CAT02,B007,percentage,21.0,299,2023-12-06,2024-06-22,1131.3,expired,Visakhapatnam,gifted,yes,199,21.0,2,71.0,0,1,0,0,0.0
CP0060,U0125,CAT02,B007,percentage,72.8,0,2024-09-20,2025-09-03,3428.63,available,Hyderabad,gifted,no,348,72.8,1,194.0,0,1,1,0,0.0
CP0061,U0152,CAT01,B003,percentage,43.2,1499,2024-05-13,2024-07-04,1002.94,claimed,Hyderabad,purchased,yes,52,43.2,1,255.0,2,1,1,0,2.0
CP0062,U0428,CAT02,B006,flat,150.0,0,2024-12-02,2025-08-06,1067.62,expired,Bhopal,earned,yes,247,14.05,3,64.33,2,0,0,0,0.6667
CP0063,U0028,CAT03,B009,percentage,29.9,199,2023-03-31,2023-06-06,3981.36,claimed,Patna,earned,no,67,29.9,0,0.0,0,0,0,0,0.0
CP0064,U0200,CAT07,B025,percentage,35.3,1499,2023-11-20,2023-12-28,635.61,available,Vadodara,purchased,yes,38,35.3,4,216.0,0,0,0,0,0.0
CP0065,U0311,CAT02,B007,flat,75.0,0,2023-10-24,2024-04-25,1443.51,swapped,Chandigarh,gifted,yes,184,5.2,3,234.33,0,0,1,0,0.0
CP0066,U0152,CAT08,B027,percentage,15.2,1499,2024-02-05,2024-12-10,763.17,expired,Kochi,referral,yes,309,15.2,1,160.0,0,0,0,0,0.0
CP0067,U0202,CAT09,B032,percentage,8.1,999,2024-08-09,2025-07-10,2760.25,available,Kolkata,earned,no,335,8.1,1,215.0,0,1,0,0,0.0
CP0068,U0095,CAT04,B016,flat,500.0,199,2023-05-26,2023-09-15,3103.58,available,Hyderabad,purchased,yes,112,16.11,1,69.0,1,0,0,2,1.0
CP0069,U0129,CAT09,B031,percentage,10.5,0,2024-11-18,2025-01-21,1027.22,claimed,Surat,gifted,yes,64,10.5,3,189.0,0,1,0,0,0.0
CP0070,U0231,CAT02,B007,percentage,72.5,299,2023-11-22,2024-08-26,3100.9,available,Patna,purchased,no,278,72.5,5,107.6,0,2,0,1,0.0
CP0071,U0224,CAT06,B022,percentage,28.5,299,2023-08-15,2024-08-07,4208.54,available,Surat,referral,no,358,28.5,1,17.0,0,2,0,1,0.0
CP0072,U0090,CAT08,B028,flat,400.0,1499,2024-07-18,2024-10-11,3052.81,expired,Ahmedabad,referral,yes,85,13.1,3,126.0,1,0,0,1,0.3333
CP0073,U0016,CAT05,B017,flat,50.0,1999,2024-06-03,2025-05-22,2930.36,available,Patna,purchased,yes,353,1.71,6,201.33,0,1,1,0,0.0
CP0074,U0397,CAT09,B031,percentage,79.9,199,2024-04-28,2025-04-27,1860.8,available,Patna,earned,no,364,79.9,1,91.0,0,0,1,1,0.0
CP0075,U0006,CAT03,B012,percentage,11.8,1499,2024-01-08,2024-10-21,1232.46,swapped,Vadodara,earned,yes,287,11.8,2,243.5,1,1,0,0,0.5
CP0076,U0377,CAT08,B027,percentage,76.2,1499,2024-11-06,2025-02-18,2443.34,available,Pune,earned,yes,104,76.2,5,180.0,1,1,0,0,0.2
CP0077,U0465,CAT02,B007,percentage,8.2,1999,2023-07-31,2024-05-21,1838.19,claimed,Indore,referral,yes,295,8.2,2,230.0,0,0,0,0,0.0
CP0078,U0428,CAT06,B021,flat,500.0,1499,2024-10-10,2025-03-29,1353.41,claimed,Chennai,gifted,no,170,36.94,3,219.0,0,2,0,0,0.0
CP0079,U0193,CAT06,B023,flat,75.0,199,2024-06-13,2024-11-18,2606.04,available,Kochi,gifted,no,158,2.88,1,233.0,1,0,0,0,1.0
CP0080,U0040,CAT10,B033,percentage,15.4,999,2023-06-19,2023-11-13,3235.21,available,Chennai,purchased,yes,147,15.4,1,135.0,0,0,0,0,0.0
CP0081,U0246,CAT04,B016,flat,75.0,199,2024-05-08,2025-02-07,2974.41,claimed,Bhopal,purchased,yes,275,2.52,4,230.5,0,0,0,0,0.0
CP0082,U0029,CAT03,B010,percentage,43.4,199,2024-08-09,2024-11-22,1328.39,available,Chandigarh,earned,yes,105,43.4,2,65.5,0,1,0,0,0.0
CP0083,U0088,CAT05,B017,percentage,50.5,199,2024-04-27,2025-01-28,4160.3,claimed,Patna,earned,yes,276,50.5,2,81.5,1,1,0,0,0.5
CP0084,U0303,CAT10,B035,percentage,56.4,0,2024-04-09,2025-03-10,1187.58,available,Hyderabad,purchased,no,335,56.4,1,27.0,2,1,1,0,2.0
CP0085,U0450,CAT03,B009,percentage,72.6,1999,2024-09-06,2024-10-25,2680.58,expired,Bengaluru,gifted,yes,49,72.6,3,170.33,1,1,0,0,0.3333
CP0086,U0190,CAT10,B033,flat,300.0,1999,2024-06-18,2025-02-18,265.02,claimed,Pune,referral,no,245,113.2,6,176.5,3,0,0,1,0.5
CP0087,U0051,CAT07,B025,percentage,60.6,499,2024-12-14,2025-11-03,712.72,claimed,Pune,referral,yes,324,60.6,1,128.0,2,0,0,0,2.0
CP0088,U0268,CAT05,B020,percentage,5.4,0,2023-01-08,2023-11-29,2622.82,available,Kolkata,earned,no,325,5.4,4,201.0,1,0,0,0,0.25
CP0089,U0134,CAT07,B025,percentage,37.0,1999,2024-08-22,2025-01-28,2703.72,claimed,Vadodara,purchased,no,159,37.0,0,0.0,1,1,0,0,0.0
CP0090,U0287,CAT04,B016,percentage,46.8,999,2023-07-03,2024-02-07,2444.61,swapped,Patna,gifted,no,219,46.8,2,151.0,2,0,0,0,1.0
CP0091,U0052,CAT03,B009,flat,400.0,199,2024-12-17,2025-04-08,2566.3,expired,Coimbatore,earned,yes,112,15.59,4,108.0,0,1,0,0,0.0
CP0092,U0242,CAT03,B012,flat,50.0,999,2023-04-04,2023-07-17,2205.12,available,Pune,gifted,yes,104,2.27,2,79.0,0,0,0,0,0.0
CP0093,U0030,CAT07,B025,percentage,44.1,1999,2024-12-29,2025-11-29,4110.13,claimed,Indore,purchased,no,335,44.1,1,238.0,0,0,0,0,0.0
CP0094,U0315,CAT04,B013,flat,500.0,199,2024-06-12,2024-11-07,3386.42,available,Mumbai,referral,yes,148,14.76,1,219.0,1,0,0,0,1.0
CP0095,U0266,CAT05,B020,percentage,34.6,0,2024-08-23,2025-01-02,3697.78,available,Bengaluru,gifted,no,132,34.6,3,185.33,0,1,1,0,0.0
CP0096,U0295,CAT06,B022,percentage,77.2,0,2024-04-10,2024-12-02,1342.48,available,Hyderabad,earned,no,236,77.2,1,284.0,0,1,0,4,0.0
CP0097,U0129,CAT06,B021,flat,200.0,1499,2024-07-04,2025-05-24,2241.7,available,Nagpur,earned,no,324,8.92,1,14.0,0,1,0,0,0.0
CP0098,U0060,CAT08,B029,percentage,49.0,299,2023-01-29,2023-11-01,384.39,claimed,Pune,earned,yes,276,49.0,2,258.0,1,0,0,0,0.5
CP0099,U0359,CAT06,B022,flat,500.0,1999,2024-07-02,2024-08-05,1353.58,available,Chandigarh,earned,no,34,36.94,3,100.67,0,0,0,0,0.0
CP0100,U0094,CAT02,B006,percentage,31.5,1499,2024-08-10,2025-01-24,3431.38,swapped,Nagpur,earned,yes,167,31.5,3,146.33,0,1,0,0,0.0
CP0101,U0183,CAT04,B015,percentage,20.2,199,2023-09-13,2024-08-24,3905.75,available,Bengaluru,earned,no,346,20.2,3,111.33,0,0,0,0,0.0
CP0102,U0191,CAT10,B033,flat,500.0,999,2023-02-13,2023-11-16,1611.31,swapped,Patna,referral,no,276,31.03,0,0.0,1,0,0,0,0.0
CP0103,U0270,CAT03,B011,percentage,61.3,1999,2023-05-12,2023-07-08,2144.72,swapped,Delhi,gifted,no,57,61.3,1,201.0,0,0,0,0,0.0
CP0104,U0353,CAT03,B012,flat,500.0,0,2024-04-16,2024-10-24,108.51,available,Patna,purchased,no,191,460.79,0,0.0,0,0,0,0,0.0
CP0105,U0491,CAT10,B035,percentage,24.7,999,2023-10-03,2024-06-30,1748.33,available,Bhopal,purchased,no,271,24.7,1,245.0,0,1,0,0,0.0
CP0106,U0352,CAT06,B022,percentage,18.5,199,2023-05-15,2024-04-03,4080.24,expired,Pune,earned,no,324,18.5,4,137.0,0,0,1,1,0.0
CP0107,U0091,CAT04,B014,flat,100.0,499,2024-04-29,2024-06-02,2523.01,swapped,Visakhapatnam,gifted,no,34,3.96,4,191.0,0,0,0,0,0.0
CP0108,U0051,CAT08,B028,percentage,69.4,1499,2023-02-18,2023-10-09,858.54,available,Jaipur,gifted,yes,233,69.4,3,251.67,1,0,0,1,0.3333
CP0109,U0478,CAT08,B029,percentage,32.1,1999,2024-07-27,2025-06-07,1325.69,available,Hyderabad,gifted,yes,315,32.1,1,84.0,0,0,0,0,0.0
CP0110,U0345,CAT10,B034,flat,200.0,999,2023-12-30,2024-07-13,2463.09,expired,Bengaluru,gifted,no,196,8.12,1,71.0,0,0,0,0,0.0
CP0111,U0216,CAT08,B029,flat,100.0,1499,2024-10-17,2025-05-07,3080.94,available,Bengaluru,purchased,no,202,3.25,0,0.0,1,1,1,0,0.0
CP0112,U0331,CAT04,B015,percentage,26.9,499,2023-10-01,2024-09-04,1392.68,available,Kochi,earned,no,339,26.9,4,100.5,0,0,0,0,0.0
CP0113,U0482,CAT07,B024,percentage,6.7,1499,2023-08-29,2024-02-03,3518.45,available,Chennai,gifted,yes,158,6.7,0,0.0,1,0,0,1,0.0
CP0114,U0392,CAT02,B008,percentage,7.0,0,2024-02-11,2024-12-05,564.45,claimed,Bengaluru,earned,no,298,7.0,2,150.0,0,0,1,0,0.0
CP0115,U0068,CAT05,B018,percentage,26.3,999,2024-10-03,2025-01-05,4200.66,available,Kochi,referral,no,94,26.3,2,157.0,0,1,0,0,0.0
CP0116,U0228,CAT08,B028,flat,500.0,199,2023-10-06,2024-08-11,4849.23,expired,Chennai,earned,no,310,10.31,2,176.0,0,1,0,2,0.0
CP0117,U0247,CAT10,B036,percentage,53.0,999,2023-11-14,2024-06-08,1174.29,available,Lucknow,gifted,no,207,53.0,0,0.0,1,0,0,0,0.0
CP0118,U0147,CAT03,B011,percentage,44.2,499,2023-05-20,2023-12-12,2698.74,expired,Nagpur,referral,no,206,44.2,2,214.0,0,0,1,0,0.0
CP0119,U0408,CAT05,B017,flat,200.0,0,2024-09-03,2025-01-29,2763.65,available,Coimbatore,gifted,yes,148,7.24,0,0.0,2,0,0,0,0.0
CP0120,U0217,CAT03,B012,flat,150.0,1499,2023-09-27,2023-12-06,1235.83,expired,Vadodara,earned,no,70,12.14,1,121.0,0,2,0,0,0.0
CP0121,U0149,CAT05,B019,percentage,69.0,0,2023-07-06,2023-10-13,3202.62,claimed,Jaipur,earned,no,99,69.0,3,119.0,0,1,0,0,0.0
CP0122,U0096,CAT04,B015,percentage,8.7,0,2024-07-01,2024-08-11,1446.47,available,Indore,earned,yes,41,8.7,2,224.5,0,0,0,0,0.0
CP0123,U0403,CAT02,B006,percentage,21.3,1999,2024-03-06,2024-09-11,2517.06,available,Delhi,gifted,yes,189,21.3,3,195.33,0,0,0,0,0.0
CP0124,U0093,CAT01,B003,flat,75.0,199,2024-07-10,2025-04-06,4483.71,available,Chandigarh,earned,yes,270,1.67,2,137.5,0,1,0,0,0.0
CP0125,U0102,CAT04,B016,flat,400.0,499,2023-09-11,2023-10-28,3689.85,available,Kolkata,gifted,no,47,10.84,2,147.5,1,0,0,0,0.5
CP0126,U0063,CAT06,B021,percentage,8.2,299,2024-07-16,2025-05-08,2432.09,available,Kochi,referral,yes,296,8.2,0,0.0,1,0,1,0,0.0
CP0127,U0300,CAT02,B006,percentage,29.3,0,2023-06-21,2023-12-09,2009.25,available,Delhi,earned,no,171,29.3,1,172.0,0,1,0,0,0.0
CP0128,U0047,CAT10,B034,percentage,11.7,1499,2023-06-11,2024-03-22,3112.29,swapped,Delhi,purchased,yes,285,11.7,1,40.0,0,0,1,0,0.0
CP0129,U0388,CAT09,B030,percentage,22.5,299,2024-07-25,2025-07-20,4037.35,available,Kolkata,purchased,no,360,22.5,3,174.33,0,0,0,0,0.0
CP0130,U0287,CAT06,B023,percentage,72.4,299,2024-05-11,2025-01-20,2736.53,claimed,Patna,purchased,no,254,72.4,1,203.0,1,0,2,0,1.0
CP0131,U0083,CAT06,B023,percentage,70.1,0,2024-09-05,2025-07-15,2679.13,available,Jaipur,gifted,no,313,70.1,3,85.0,1,0,1,0,0.3333
CP0132,U0398,CAT01,B004,flat,50.0,999,2024-09-26,2025-04-30,1231.99,expired,Coimbatore,earned,yes,216,4.06,1,124.0,2,2,1,0,2.0
CP0133,U0166,CAT09,B032,percentage,46.4,499,2024-09-19,2025-03-12,3222.47,available,Visakhapatnam,earned,yes,174,46.4,3,92.0,0,0,0,0,0.0
CP0134,U0099,CAT03,B010,flat,150.0,0,2023-04-20,2024-01-23,207.49,claimed,Chandigarh,earned,no,278,72.29,0,0.0,0,1,0,0,0.0
CP0135,U0336,CAT01,B003,percentage,58.8,499,2023-01-14,2023-05-30,4645.6,expired,Indore,earned,yes,136,58.8,0,0.0,0,0,0,0,0.0
CP0136,U0422,CAT06,B023,flat,300.0,999,2024-01-13,2024-03-12,1365.79,available,Bengaluru,earned,yes,59,21.97,2,128.5,1,0,1,0,0.5
CP0137,U0099,CAT04,B013,percentage,22.3,999,2024-01-30,2024-06-05,3301.54,claimed,Chennai,earned,no,127,22.3,1,280.0,2,0,0,0,2.0
CP0138,U0406,CAT02,B007,flat,300.0,199,2023-04-17,2023-08-10,2772.33,claimed,Chennai,gifted,no,115,10.82,4,96.75,0,0,0,1,0.0
CP0139,U0392,CAT06,B022,percentage,79.8,1499,2024-01-16,2024-09-13,2181.41,expired,Vadodara,purchased,yes,241,79.8,2,111.5,1,0,0,0,0.5
CP0140,U0230,CAT07,B026,flat,200.0,499,2024-01-04,2024-09-21,50.97,available,Lucknow,earned,yes,261,392.39,2,57.0,0,0,0,0,0.0
CP0141,U0396,CAT05,B017,percentage,21.6,1999,2023-11-19,2023-12-30,4719.57,expired,Coimbatore,gifted,yes,41,21.6,2,169.0,0,0,1,0,0.0
CP0142,U0456,CAT02,B005,percentage,16.7,999,2023-09-29,2024-05-03,1286.79,available,Lucknow,purchased,no,217,16.7,1,24.0,0,0,0,0,0.0
CP0143,U0250,CAT10,B034,flat,250.0,1999,2024-05-09,2024-09-04,4500.17,expired,Hyderabad,earned,no,118,5.56,2,192.5,2,1,0,0,1.0
CP0144,U0451,CAT01,B004,percentage,9.2,1999,2023-12-09,2024-07-04,2199.81,swapped,Hyderabad,referral,yes,208,9.2,2,146.5,1,2,2,0,0.5
CP0145,U0269,CAT10,B033,percentage,52.4,0,2023-02-25,2023-08-30,1630.62,claimed,Surat,gifted,yes,186,52.4,2,185.0,0,1,0,0,0.0
CP0146,U0295,CAT03,B009,flat,300.0,999,2024-04-01,2025-03-01,495.91,available,Chandigarh,purchased,no,334,60.49,2,148.0,0,2,1,0,0.0
CP0147,U0044,CAT02,B008,percentage,8.7,499,2024-02-13,2024-07-26,2534.02,expired,Ahmedabad,earned,no,164,8.7,4,43.75,2,1,0,0,0.5
CP0148,U0316,CAT09,B030,percentage,53.9,1499,2023-07-20,2024-06-01,2645.03,available,Jaipur,earned,no,317,53.9,3,179.33,0,0,0,0,0.0
CP0149,U0098,CAT10,B033,percentage,36.0,299,2024-01-10,2024-08-05,1755.4,expired,Lucknow,purchased,no,208,36.0,1,169.0,0,0,0,0,0.0
CP0150,U0351,CAT10,B036,percentage,38.0,299,2023-08-28,2024-01-07,822.16,expired,Bengaluru,purchased,yes,132,38.0,0,0.0,0,0,0,0,0.0
CP0151,U0356,CAT04,B014,flat,200.0,1999,2023-01-15,2023-08-08,600.83,claimed,Mumbai,gifted,yes,205,33.29,0,0.0,1,0,0,0,0.0
CP0152,U0193,CAT04,B015,percentage,51.7,999,2023-05-25,2023-07-03,4534.9,claimed,Jaipur,purchased,no,39,51.7,1,267.0,0,1,1,0,0.0
CP0153,U0199,CAT04,B015,percentage,54.1,1499,2023-01-09,2023-03-14,1392.99,swapped,Kochi,referral,yes,64,54.1,1,125.0,3,0,0,0,3.0
CP0154,U0463,CAT05,B020,percentage,33.6,299,2024-12-27,2025-03-17,2449.08,claimed,Bengaluru,purchased,no,80,33.6,2,163.0,1,0,0,0,0.5
CP0155,U0171,CAT09,B032,percentage,23.6,499,2024-06-26,2024-12-29,1997.33,available,Kochi,earned,no,186,23.6,3,195.67,0,0,0,0,0.0
CP0156,U0321,CAT05,B018,flat,500.0,299,2023-10-10,2023-12-10,4399.45,swapped,Mumbai,referral,no,61,11.37,1,203.0,0,0,1,1,0.0
CP0157,U0374,CAT04,B014,percentage,34.5,499,2023-05-21,2023-08-03,2627.55,expired,Pune,gifted,yes,74,34.5,2,34.5,1,0,0,0,0.5
CP0158,U0068,CAT07,B025,flat,250.0,199,2024-04-04,2025-02-05,3279.74,claimed,Kolkata,referral,no,307,7.62,0,0.0,0,0,0,0,0.0
CP0159,U0478,CAT09,B030,percentage,73.2,999,2023-05-29,2024-05-28,4589.7,available,Coimbatore,gifted,yes,365,73.2,1,60.0,1,0,0,0,1.0
CP0160,U0451,CAT03,B011,flat,100.0,499,2023-01-31,2023-08-12,4807.92,available,Jaipur,purchased,yes,193,2.08,1,249.0,0,0,1,0,0.0
CP0161,U0137,CAT02,B006,percentage,62.2,999,2024-09-18,2025-08-29,2856.86,available,Pune,purchased,yes,345,62.2,2,170.0,2,0,1,1,1.0
CP0162,U0434,CAT06,B021,flat,400.0,999,2023-05-18,2024-02-29,2370.38,claimed,Chennai,referral,no,287,16.87,1,238.0,0,0,1,0,0.0
CP0163,U0474,CAT08,B027,percentage,22.0,299,2024-02-23,2024-03-31,4753.48,available,Kolkata,earned,yes,37,22.0,3,147.0,1,0,0,1,0.3333
CP0164,U0444,CAT03,B012,flat,400.0,499,2024-12-05,2025-06-19,4443.56,available,Delhi,earned,no,196,9.0,1,34.0,1,0,1,0,1.0
CP0165,U0269,CAT06,B022,percentage,60.7,1499,2024-08-31,2025-07-01,4385.13,expired,Visakhapatnam,purchased,no,304,60.7,2,43.0,1,2,2,1,0.5
CP0166,U0199,CAT01,B002,percentage,34.7,999,2023-02-10,2023-12-22,3837.54,swapped,Kolkata,purchased,no,315,34.7,1,214.0,0,0,0,0,0.0
CP0167,U0354,CAT05,B019,percentage,36.7,999,2024-09-19,2024-11-15,4523.19,claimed,Indore,purchased,yes,57,36.7,2,154.5,2,1,1,0,1.0
CP0168,U0233,CAT03,B010,percentage,29.3,999,2023-01-26,2023-05-27,4488.26,swapped,Indore,purchased,no,121,29.3,3,115.0,0,0,0,0,0.0
CP0169,U0044,CAT03,B009,percentage,58.0,999,2024-10-11,2025-05-14,3551.03,expired,Visakhapatnam,earned,yes,215,58.0,1,221.0,0,0,0,0,0.0
CP0170,U0447,CAT07,B026,percentage,62.6,1499,2023-12-10,2024-10-24,4320.23,available,Ahmedabad,purchased,yes,319,62.6,1,276.0,1,0,0,0,1.0
CP0171,U0321,CAT07,B025,percentage,62.6,199,2024-04-01,2024-09-25,631.89,available,Kolkata,purchased,no,177,62.6,2,103.5,1,0,0,0,0.5
CP0172,U0452,CAT01,B004,percentage,42.4,499,2023-01-06,2023-12-13,1227.5,claimed,Nagpur,gifted,no,341,42.4,1,65.0,0,1,0,0,0.0
CP0173,U0286,CAT02,B005,percentage,46.1,1999,2024-09-26,2025-09-12,4135.0,available,Ahmedabad,purchased,no,351,46.1,2,98.5,0,1,0,0,0.0
CP0174,U0026,CAT01,B002,flat,200.0,0,2023-12-06,2024-02-18,2113.94,available,Lucknow,earned,yes,74,9.46,1,147.0,1,0,1,0,1.0
CP0175,U0166,CAT08,B029,percentage,74.9,299,2023-04-06,2023-10-06,4492.77,expired,Bhopal,earned,yes,183,74.9,2,34.5,0,0,0,0,0.0
CP0176,U0270,CAT05,B020,percentage,57.1,499,2023-10-09,2024-04-24,2647.0,expired,Vadodara,purchased,yes,198,57.1,3,123.0,0,0,0,0,0.0
CP0177,U0435,CAT08,B029,flat,200.0,299,2024-03-13,2025-02-17,1335.32,claimed,Vadodara,gifted,yes,341,14.98,1,100.0,0,0,0,0,0.0
CP0178,U0453,CAT10,B036,percentage,52.4,999,2024-05-19,2024-09-18,1201.97,available,Kolkata,purchased,yes,122,52.4,1,296.0,3,1,0,0,3.0
CP0179,U0212,CAT08,B029,flat,150.0,0,2024-09-22,2025-05-22,1702.27,claimed,Kolkata,purchased,yes,242,8.81,3,183.0,0,0,0,0,0.0
CP0180,U0282,CAT05,B019,flat,200.0,299,2023-11-04,2024-08-19,3846.81,available,Surat,gifted,yes,289,5.2,2,222.0,2,0,0,0,1.0
CP0181,U0470,CAT03,B010,percentage,30.3,499,2024-11-19,2025-08-21,3996.41,claimed,Nagpur,purchased,no,275,30.3,5,151.6,1,0,0,0,0.2
CP0182,U0154,CAT09,B031,percentage,66.1,999,2023-02-27,2023-12-20,3638.57,available,Coimbatore,purchased,no,296,66.1,4,134.5,1,3,1,0,0.25
CP0183,U0193,CAT06,B021,flat,200.0,1499,2023-02-01,2023-08-23,2694.65,available,Vadodara,gifted,yes,203,7.42,1,278.0,1,1,0,0,1.0
CP0184,U0255,CAT05,B019,flat,200.0,199,2024-02-28,2024-05-12,1889.34,expired,Lucknow,purchased,no,74,10.59,3,76.67,1,0,0,1,0.3333
CP0185,U0228,CAT03,B009,percentage,7.8,999,2023-07-26,2023-10-11,173.43,claimed,Visakhapatnam,purchased,no,77,7.8,1,142.0,0,0,1,0,0.0
CP0186,U0394,CAT08,B029,flat,200.0,1999,2023-12-02,2024-03-14,536.35,swapped,Visakhapatnam,earned,yes,103,37.29,3,106.0,0,1,0,1,0.0
CP0187,U0003,CAT04,B013,percentage,58.5,299,2024-06-18,2024-09-15,4665.07,expired,Vadodara,referral,no,89,58.5,3,205.0,0,0,0,0,0.0
CP0188,U0296,CAT08,B027,percentage,62.5,1999,2023-11-16,2023-12-27,1595.11,swapped,Surat,purchased,no,41,62.5,1,224.0,0,0,0,1,0.0
CP0189,U0081,CAT05,B019,flat,75.0,299,2023-10-07,2024-01-21,616.58,swapped,Coimbatore,gifted,yes,106,12.16,2,210.5,1,1,1,0,0.5
CP0190,U0294,CAT09,B031,percentage,25.3,199,2024-12-22,2025-06-15,897.81,available,Surat,gifted,yes,175,25.3,3,92.33,2,0,0,0,0.6667
CP0191,U0028,CAT03,B009,percentage,55.7,0,2023-04-19,2023-12-01,2161.01,available,Vadodara,referral,no,226,55.7,2,119.0,3,0,0,0,1.5
CP0192,U0041,CAT10,B035,percentage,66.3,1999,2024-12-31,2025-10-30,3833.92,claimed,Bengaluru,earned,no,303,66.3,3,131.67,0,1,0,0,0.0
CP0193,U0119,CAT02,B008,percentage,53.3,199,2024-04-21,2025-01-16,761.42,swapped,Jaipur,referral,no,270,53.3,1,58.0,1,0,1,1,1.0
CP0194,U0016,CAT03,B011,flat,250.0,0,2024-04-09,2025-01-13,2402.91,available,Indore,earned,no,279,10.4,6,159.67,1,0,0,0,0.1667
CP0195,U0167,CAT06,B023,percentage,43.1,999,2024-02-20,2024-05-14,3264.78,expired,Coimbatore,gifted,no,84,43.1,1,59.0,2,1,1,0,2.0
CP0196,U0175,CAT04,B014,percentage,78.0,199,2024-01-29,2024-04-01,4078.88,claimed,Bhopal,earned,no,63,78.0,4,178.75,0,0,0,1,0.0
CP0197,U0429,CAT09,B032,percentage,54.7,499,2023-03-21,2024-02-07,615.9,claimed,Surat,earned,no,323,54.7,1,23.0,1,0,1,0,1.0
CP0198,U0351,CAT03,B011,flat,75.0,1999,2024-09-04,2024-11-28,3002.21,expired,Surat,gifted,yes,85,2.5,1,36.0,0,0,0,0,0.0
CP0199,U0232,CAT02,B006,flat,50.0,999,2023-05-31,2023-09-14,1492.94,claimed,Indore,purchased,no,106,3.35,1,44.0,1,0,0,0,1.0
CP0200,U0299,CAT05,B019,flat,300.0,0,2023-12-19,2024-03-03,3076.88,claimed,Ahmedabad,referral,yes,75,9.75,2,243.0,0,0,0,0,0.0
CP0201,U0421,CAT06,B023,flat,50.0,299,2024-12-21,2025-11-02,593.01,available,Mumbai,purchased,no,316,8.43,1,135.0,0,0,0,0,0.0
CP0202,U0340,CAT06,B023,percentage,33.6,199,2024-07-12,2024-11-27,2400.61,available,Chandigarh,earned,no,138,33.6,5,190.4,0,0,0,0,0.0
CP0203,U0006,CAT07,B024,percentage,70.5,0,2023-05-09,2023-08-15,3259.53,available,Nagpur,earned,yes,98,70.5,2,133.5,1,0,0,1,0.5
CP0204,U0477,CAT02,B006,percentage,36.2,499,2024-04-11,2025-03-16,3135.08,claimed,Bhopal,earned,no,339,36.2,2,204.0,1,1,0,0,0.5
CP0205,U0256,CAT07,B025,percentage,36.9,1999,2023-01-08,2023-11-29,3668.02,expired,Jaipur,gifted,no,325,36.9,2,142.5,1,0,0,0,0.5
CP0206,U0247,CAT01,B001,percentage,57.9,1499,2023-04-26,2024-03-18,446.31,expired,Visakhapatnam,referral,no,327,57.9,1,268.0,0,0,0,0,0.0
CP0207,U0242,CAT08,B029,percentage,71.7,1499,2023-04-01,2023-09-03,3721.35,swapped,Bengaluru,earned,no,155,71.7,6,163.33,0,0,0,0,0.0
CP0208,U0233,CAT10,B033,flat,500.0,999,2023-01-12,2023-10-09,4534.97,claimed,Surat,gifted,no,270,11.03,1,62.0,1,0,0,0,1.0
CP0209,U0134,CAT05,B018,percentage,74.2,0,2023-11-08,2024-09-21,3165.04,claimed,Patna,purchased,no,318,74.2,2,148.0,1,0,0,0,0.5
CP0210,U0436,CAT10,B033,percentage,11.2,1999,2024-06-01,2024-08-09,1425.35,available,Jaipur,purchased,no,69,11.2,1,277.0,0,0,0,1,0.0
CP0211,U0190,CAT01,B001,percentage,73.3,1999,2023-06-04,2024-02-17,918.23,expired,Pune,gifted,yes,258,73.3,0,0.0,1,1,0,0,0.0
CP0212,U0395,CAT06,B021,flat,100.0,499,2024-05-22,2025-01-18,1227.84,available,Chennai,purchased,no,241,8.14,2,262.5,0,0,0,0,0.0
CP0213,U0238,CAT01,B003,flat,75.0,499,2023-02-23,2023-06-18,2407.35,claimed,Coimbatore,purchased,no,115,3.12,2,206.0,0,0,0,2,0.0
CP0214,U0475,CAT08,B028,percentage,70.3,1999,2023-01-13,2023-07-09,2271.66,expired,Visakhapatnam,earned,yes,177,70.3,2,132.0,2,0,0,0,1.0
CP0215,U0440,CAT02,B007,flat,300.0,299,2024-09-17,2025-09-15,1708.09,available,Hyderabad,purchased,no,363,17.56,4,145.75,1,0,0,0,0.25
CP0216,U0347,CAT08,B029,flat,150.0,1499,2024-06-16,2025-01-04,4966.41,available,Mumbai,earned,yes,202,3.02,2,52.5,0,0,0,0,0.0
CP0217,U0113,CAT01,B004,percentage,12.8,1499,2024-04-01,2024-10-27,1452.32,available,Mumbai,earned,yes,209,12.8,2,191.5,0,1,0,0,0.0
CP0218,U0045,CAT10,B034,flat,75.0,1999,2024-12-26,2025-03-27,3043.19,available,Patna,earned,yes,91,2.46,1,293.0,0,0,0,0,0.0
CP0219,U0233,CAT02,B006,percentage,40.0,299,2023-03-19,2024-03-10,3858.33,expired,Surat,purchased,yes,357,40.0,0,0.0,0,0,0,0,0.0
CP0220,U0490,CAT05,B017,percentage,29.9,1999,2023-03-03,2023-08-12,1360.09,available,Nagpur,referral,yes,162,29.9,1,248.0,2,1,0,1,2.0
CP0221,U0394,CAT10,B036,percentage,41.9,499,2023-05-28,2024-03-29,1131.01,claimed,Indore,earned,yes,306,41.9,4,202.25,0,0,1,0,0.0
CP0222,U0460,CAT01,B001,percentage,59.6,499,2024-04-01,2024-05-10,786.83,claimed,Delhi,earned,no,39,59.6,2,122.0,1,2,1,0,0.5
CP0223,U0245,CAT03,B011,flat,50.0,499,2024-06-11,2025-03-19,2049.37,expired,Bengaluru,gifted,yes,281,2.44,4,181.5,1,0,0,0,0.25
CP0224,U0275,CAT07,B026,flat,400.0,299,2023-05-05,2024-03-20,1700.53,available,Delhi,earned,yes,320,23.52,3,161.33,1,0,0,2,0.3333
CP0225,U0390,CAT06,B023,flat,250.0,1999,2023-03-24,2023-12-14,1485.3,available,Coimbatore,purchased,no,265,16.83,3,121.33,1,1,0,0,0.3333
CP0226,U0250,CAT04,B015,flat,75.0,0,2024-10-07,2025-05-08,4431.81,available,Kolkata,purchased,yes,213,1.69,2,220.0,1,1,1,0,0.5
CP0227,U0158,CAT01,B002,percentage,9.7,499,2024-07-07,2025-07-01,2693.0,expired,Indore,referral,yes,359,9.7,5,132.4,0,0,1,1,0.0
CP0228,U0061,CAT01,B003,percentage,64.1,199,2023-02-13,2023-10-08,4045.16,expired,Indore,referral,yes,237,64.1,2,154.5,1,1,0,1,0.5
CP0229,U0335,CAT10,B034,flat,50.0,0,2023-05-25,2024-02-29,2382.54,swapped,Delhi,purchased,yes,280,2.1,3,67.0,1,0,0,0,0.3333
CP0230,U0313,CAT01,B002,percentage,72.8,199,2023-04-10,2023-12-29,4184.99,available,Hyderabad,purchased,yes,263,72.8,1,101.0,1,0,1,1,1.0
CP0231,U0167,CAT02,B006,percentage,65.9,0,2024-11-25,2025-07-18,4880.47,claimed,Ahmedabad,gifted,yes,235,65.9,2,151.5,1,0,0,0,0.5
CP0232,U0087,CAT01,B002,percentage,14.1,1499,2023-05-25,2024-01-22,1881.14,available,Pune,referral,yes,242,14.1,0,0.0,1,0,0,0,0.0
CP0233,U0451,CAT03,B009,flat,300.0,499,2023-06-11,2023-07-19,449.58,available,Bengaluru,earned,no,38,66.73,3,113.67,1,2,0,0,0.3333
CP0234,U0106,CAT07,B026,flat,400.0,199,2024-12-09,2025-03-13,3217.14,claimed,Bhopal,purchased,yes,94,12.43,1,254.0,0,0,0,0,0.0
CP0235,U0322,CAT10,B033,percentage,58.8,1999,2024-09-18,2024-12-02,3923.79,available,Mumbai,earned,yes,75,58.8,2,221.5,0,0,0,0,0.0
CP0236,U0113,CAT02,B005,percentage,69.7,499,2024-07-06,2025-04-21,3863.14,expired,Jaipur,purchased,yes,289,69.7,2,168.0,0,0,0,1,0.0
CP0237,U0331,CAT03,B012,percentage,17.0,299,2023-02-14,2023-04-12,1461.07,available,Surat,earned,no,57,17.0,1,98.0,0,0,0,0,0.0
CP0238,U0403,CAT01,B001,flat,500.0,0,2023-06-30,2023-10-18,2451.05,available,Pune,earned,no,110,20.4,5,98.8,1,1,0,0,0.2
CP0239,U0167,CAT07,B024,flat,250.0,199,2023-08-24,2023-11-18,535.42,expired,Kolkata,gifted,yes,86,46.69,0,0.0,1,0,1,0,0.0
CP0240,U0111,CAT02,B008,percentage,9.1,999,2024-03-22,2024-07-04,2302.2,available,Ahmedabad,gifted,yes,104,9.1,1,71.0,2,1,0,1,2.0
CP0241,U0031,CAT06,B022,percentage,14.5,299,2024-12-09,2025-10-26,725.68,swapped,Indore,gifted,no,321,14.5,3,111.33,0,0,1,0,0.0
CP0242,U0464,CAT04,B015,percentage,64.2,199,2024-10-15,2025-09-23,2911.7,claimed,Pune,purchased,no,343,64.2,3,176.67,0,0,0,0,0.0
CP0243,U0377,CAT04,B016,flat,200.0,1999,2023-01-15,2023-09-21,1270.94,available,Patna,purchased,yes,249,15.74,4,86.25,0,1,0,0,0.0
CP0244,U0018,CAT10,B033,percentage,8.3,499,2024-04-26,2025-02-08,2679.05,claimed,Hyderabad,gifted,yes,288,8.3,0,0.0,0,1,0,0,0.0
CP0245,U0184,CAT02,B005,flat,300.0,299,2023-08-12,2023-11-17,1233.36,swapped,Mumbai,gifted,no,97,24.32,2,60.5,1,0,0,0,0.5
CP0246,U0396,CAT03,B012,flat,50.0,199,2024-04-10,2025-01-02,4377.29,available,Kochi,earned,yes,267,1.14,0,0.0,0,1,1,0,0.0
CP0247,U0152,CAT02,B008,flat,250.0,499,2024-06-27,2024-08-12,3776.8,expired,Vadodara,gifted,yes,46,6.62,2,62.0,0,0,0,0,0.0
CP0248,U0455,CAT02,B007,flat,50.0,0,2024-06-11,2025-01-13,599.28,available,Vadodara,purchased,no,216,8.34,4,162.5,0,1,0,0,0.0
CP0249,U0123,CAT03,B009,percentage,63.0,999,2023-05-22,2023-12-09,612.11,claimed,Patna,referral,yes,201,63.0,0,0.0,0,2,0,1,0.0
CP0250,U0142,CAT04,B015,percentage,25.1,0,2024-11-27,2025-07-31,363.68,available,Nagpur,gifted,yes,246,25.1,2,144.5,1,0,0,0,0.5
CP0251,U0318,CAT08,B029,percentage,66.9,299,2023-10-27,2024-07-14,4009.52,swapped,Bengaluru,purchased,no,261,66.9,4,174.25,0,0,1,0,0.0
CP0252,U0085,CAT02,B005,percentage,18.4,299,2023-03-20,2023-06-13,604.52,available,Ahmedabad,referral,yes,85,18.4,3,174.0,0,0,0,0,0.0
CP0253,U0178,CAT05,B020,flat,500.0,499,2023-05-16,2024-02-12,2247.11,claimed,Lucknow,purchased,yes,272,22.25,5,145.2,0,1,0,0,0.0
CP0254,U0249,CAT04,B015,percentage,30.7,999,2024-10-23,2025-05-08,3345.98,claimed,Coimbatore,gifted,no,197,30.7,3,136.33,0,1,0,1,0.0
CP0255,U0117,CAT10,B034,flat,200.0,499,2023-06-25,2023-12-05,1890.92,available,Delhi,purchased,no,163,10.58,4,118.75,0,0,1,1,0.0
CP0256,U0094,CAT08,B027,percentage,17.1,199,2024-07-02,2024-12-25,4204.69,expired,Ahmedabad,purchased,yes,176,17.1,2,84.5,0,0,0,0,0.0
CP0257,U0106,CAT01,B003,percentage,38.1,999,2024-01-14,2024-05-17,3550.32,expired,Kochi,purchased,no,124,38.1,3,106.33,0,0,1,1,0.0
CP0258,U0477,CAT09,B030,percentage,14.1,499,2023-01-26,2023-09-20,3854.16,swapped,Surat,purchased,no,237,14.1,2,140.0,1,0,0,0,0.5
CP0259,U0174,CAT05,B020,flat,100.0,1499,2024-08-01,2025-04-14,605.96,claimed,Delhi,purchased,yes,256,16.5,4,154.0,0,2,0,0,0.0
CP0260,U0048,CAT05,B017,percentage,68.1,299,2024-04-01,2024-10-30,322.42,claimed,Patna,gifted,no,212,68.1,2,177.0,0,0,1,0,0.0
CP0261,U0500,CAT04,B013,percentage,68.7,999,2024-11-24,2025-02-06,2002.4,claimed,Vadodara,earned,yes,74,68.7,2,175.0,2,1,0,0,1.0
CP0262,U0191,CAT06,B022,percentage,69.0,0,2024-01-14,2024-08-28,1459.02,available,Indore,referral,yes,227,69.0,3,139.67,0,0,0,0,0.0
CP0263,U0084,CAT04,B016,flat,300.0,1999,2024-03-29,2024-09-22,3653.6,swapped,Bhopal,purchased,yes,177,8.21,1,24.0,1,0,0,0,1.0
CP0264,U0034,CAT03,B010,percentage,79.1,999,2024-06-21,2025-01-08,3792.76,available,Bhopal,earned,no,201,79.1,1,160.0,2,1,0,1,2.0
CP0265,U0096,CAT07,B024,percentage,58.3,1999,2023-05-21,2023-09-30,1939.76,claimed,Delhi,earned,no,132,58.3,4,195.0,1,0,1,0,0.25
CP0266,U0406,CAT10,B035,percentage,60.5,0,2023-08-18,2023-09-30,812.42,available,Nagpur,purchased,no,43,60.5,1,219.0,0,0,0,0,0.0
CP0267,U0062,CAT07,B024,percentage,56.6,1999,2023-09-08,2023-10-22,1422.22,swapped,Bengaluru,earned,no,44,56.6,2,75.5,0,2,0,0,0.0
CP0268,U0499,CAT10,B036,percentage,70.1,1499,2024-10-05,2025-07-05,4100.49,available,Patna,purchased,no,273,70.1,2,82.0,1,0,2,0,0.5
CP0269,U0183,CAT03,B009,percentage,39.6,199,2024-12-10,2025-03-19,311.8,available,Kochi,purchased,no,99,39.6,4,140.25,2,0,1,0,0.5
CP0270,U0094,CAT09,B032,flat,500.0,1999,2023-07-18,2024-07-03,517.82,expired,Coimbatore,gifted,no,351,96.56,1,29.0,2,0,0,0,2.0
CP0271,U0297,CAT05,B019,flat,250.0,299,2023-04-09,2024-02-06,4125.41,available,Visakhapatnam,purchased,no,303,6.06,0,0.0,1,1,0,0,0.0
CP0272,U0080,CAT07,B025,flat,100.0,999,2023-04-15,2023-09-03,1144.51,available,Coimbatore,earned,yes,141,8.74,4,125.5,1,0,0,0,0.25
CP0273,U0246,CAT07,B025,flat,75.0,299,2023-05-15,2023-06-22,1592.29,available,Indore,referral,no,38,4.71,0,0.0,0,1,0,0,0.0
CP0274,U0439,CAT03,B011,percentage,66.1,1499,2023-08-16,2023-11-19,754.68,available,Ahmedabad,purchased,yes,95,66.1,2,102.0,0,1,0,0,0.0
CP0275,U0397,CAT07,B026,flat,75.0,499,2023-03-21,2023-04-29,3798.8,available,Hyderabad,purchased,yes,39,1.97,1,237.0,0,0,0,0,0.0
CP0276,U0342,CAT08,B027,flat,50.0,0,2023-03-09,2023-09-09,3785.02,expired,Vadodara,purchased,yes,184,1.32,4,174.25,1,2,0,0,0.25
CP0277,U0179,CAT03,B011,percentage,15.9,299,2023-10-12,2024-09-02,844.76,claimed,Vadodara,purchased,yes,326,15.9,2,134.5,1,2,0,0,0.5
CP0278,U0462,CAT02,B005,percentage,58.7,1999,2023-10-16,2024-02-10,2708.78,swapped,Hyderabad,referral,no,117,58.7,3,198.0,1,0,1,0,0.3333
CP0279,U0428,CAT06,B023,percentage,38.0,299,2023-04-20,2023-08-20,4907.44,available,Visakhapatnam,purchased,yes,122,38.0,2,123.5,0,2,0,0,0.0
CP0280,U0361,CAT06,B021,percentage,44.0,299,2024-05-22,2024-12-22,2807.8,available,Surat,gifted,no,214,44.0,1,296.0,0,0,0,0,0.0
CP0281,U0284,CAT05,B020,percentage,28.4,499,2024-03-30,2024-08-22,1488.42,swapped,Kolkata,referral,no,145,28.4,3,152.67,0,0,0,1,0.0
CP0282,U0203,CAT06,B021,percentage,55.6,499,2024-11-19,2025-02-10,2637.18,expired,Hyderabad,purchased,no,83,55.6,1,283.0,1,0,0,0,1.0
CP0283,U0500,CAT10,B033,flat,100.0,199,2023-03-08,2023-10-10,1726.23,claimed,Chandigarh,purchased,no,216,5.79,3,102.33,1,0,1,1,0.3333
CP0284,U0183,CAT08,B028,flat,200.0,499,2024-10-21,2025-06-12,3350.05,swapped,Nagpur,gifted,yes,234,5.97,3,146.67,0,1,0,1,0.0
CP0285,U0483,CAT08,B027,percentage,41.7,199,2023-08-25,2024-08-10,197.13,expired,Bengaluru,gifted,yes,351,41.7,1,198.0,1,0,0,1,1.0
CP0286,U0320,CAT03,B012,percentage,29.5,0,2023-11-07,2024-10-20,3812.85,expired,Visakhapatnam,earned,no,348,29.5,3,138.67,0,0,0,0,0.0
CP0287,U0278,CAT04,B015,flat,400.0,299,2024-05-31,2024-11-10,4056.93,claimed,Mumbai,referral,yes,163,9.86,0,0.0,0,0,0,0,0.0
CP0288,U0236,CAT07,B024,percentage,28.6,0,2024-01-21,2024-10-03,212.66,claimed,Lucknow,referral,yes,256,28.6,3,167.33,1,1,0,0,0.3333
CP0289,U0292,CAT08,B028,percentage,58.7,1499,2024-05-14,2024-08-08,2478.24,claimed,Coimbatore,earned,no,86,58.7,2,189.5,1,0,1,0,0.5
CP0290,U0498,CAT09,B030,percentage,34.4,499,2024-05-21,2025-04-18,3103.85,available,Lucknow,gifted,yes,332,34.4,2,155.0,1,1,0,0,0.5
CP0291,U0392,CAT10,B033,percentage,32.5,1499,2024-08-20,2024-10-02,1739.22,available,Kochi,referral,no,43,32.5,2,153.0,2,0,1,1,1.0
CP0292,U0160,CAT06,B021,flat,150.0,999,2023-08-29,2024-08-24,470.46,expired,Lucknow,purchased,yes,361,31.88,2,89.0,1,1,0,0,0.5
CP0293,U0264,CAT01,B003,percentage,54.3,499,2024-03-08,2025-01-22,1369.76,expired,Patna,purchased,no,320,54.3,2,139.5,1,0,0,0,0.5
CP0294,U0354,CAT07,B026,percentage,47.9,1499,2024-05-15,2024-08-04,1069.25,claimed,Surat,purchased,no,81,47.9,1,264.0,2,1,0,2,2.0
CP0295,U0110,CAT06,B022,percentage,52.7,299,2023-03-19,2024-01-17,1362.52,available,Patna,gifted,yes,304,52.7,3,181.67,0,0,0,0,0.0
CP0296,U0140,CAT10,B033,flat,75.0,0,2024-08-29,2025-03-19,2853.82,claimed,Bhopal,purchased,yes,202,2.63,1,144.0,1,2,0,0,1.0
CP0297,U0206,CAT05,B019,percentage,45.5,299,2023-07-24,2024-03-22,3143.57,claimed,Coimbatore,purchased,yes,242,45.5,0,0.0,0,0,0,0,0.0
CP0298,U0480,CAT09,B030,percentage,21.0,1499,2024-04-23,2024-10-07,2686.96,claimed,Bhopal,referral,yes,167,21.0,1,271.0,0,0,0,0,0.0
CP0299,U0433,CAT09,B030,percentage,16.1,499,2023-06-04,2023-12-04,2080.79,swapped,Bengaluru,earned,no,183,16.1,1,194.0,0,0,0,0,0.0
CP0300,U0208,CAT05,B019,percentage,24.2,199,2024-09-07,2025-02-04,612.11,available,Pune,earned,no,150,24.2,2,91.0,1,0,1,0,0.5
CP0301,U0104,CAT08,B028,percentage,37.7,199,2024-10-24,2024-12-11,1399.92,available,Jaipur,earned,yes,48,37.7,3,231.67,1,0,0,0,0.3333
CP0302,U0309,CAT01,B004,flat,50.0,299,2023-03-27,2023-10-03,4342.5,swapped,Bhopal,referral,yes,190,1.15,4,70.25,0,0,2,0,0.0
CP0303,U0377,CAT07,B026,flat,150.0,999,2023-04-25,2024-03-12,4668.03,claimed,Patna,referral,no,322,3.21,0,0.0,0,0,0,0,0.0
CP0304,U0427,CAT08,B027,percentage,14.2,999,2023-11-17,2024-06-02,3699.32,expired,Pune,referral,yes,198,14.2,0,0.0,0,2,0,0,0.0
CP0305,U0131,CAT03,B009,percentage,77.7,1999,2024-03-26,2024-11-20,2967.93,claimed,Kochi,earned,yes,239,77.7,9,149.0,1,1,0,0,0.1111
CP0306,U0186,CAT06,B023,percentage,56.2,499,2023-10-12,2024-01-24,3592.57,expired,Mumbai,earned,yes,104,56.2,4,107.0,0,1,0,0,0.0
CP0307,U0463,CAT01,B002,percentage,33.9,1999,2024-10-16,2025-05-19,3441.98,claimed,Pune,referral,no,215,33.9,3,175.0,1,0,1,1,0.3333
CP0308,U0480,CAT01,B004,flat,200.0,1999,2023-11-05,2024-01-20,3795.51,available,Chennai,referral,no,76,5.27,2,116.0,1,0,0,0,0.5
CP0309,U0378,CAT07,B024,percentage,11.0,499,2024-05-18,2025-02-13,4636.16,available,Bhopal,referral,yes,271,11.0,5,116.2,0,1,0,0,0.0
CP0310,U0378,CAT03,B011,percentage,31.4,299,2024-09-08,2025-07-15,2293.65,available,Delhi,earned,yes,310,31.4,0,0.0,1,0,0,0,0.0
CP0311,U0161,CAT08,B029,percentage,35.0,999,2024-10-05,2025-04-09,457.05,available,Visakhapatnam,earned,yes,186,35.0,1,146.0,2,0,0,0,2.0
CP0312,U0448,CAT10,B036,flat,250.0,1499,2024-04-07,2025-01-06,710.87,available,Patna,earned,no,274,35.17,1,186.0,1,0,0,1,1.0
CP0313,U0115,CAT04,B013,percentage,18.6,0,2024-01-22,2024-12-09,4743.14,swapped,Vadodara,earned,yes,322,18.6,0,0.0,1,3,0,1,0.0
CP0314,U0317,CAT08,B027,percentage,68.9,499,2023-02-20,2023-10-13,3021.94,available,Kochi,purchased,yes,235,68.9,1,241.0,0,1,0,0,0.0
CP0315,U0061,CAT01,B004,flat,400.0,199,2024-11-20,2025-08-30,3582.14,available,Jaipur,purchased,no,283,11.17,4,134.0,0,1,0,2,0.0
CP0316,U0373,CAT07,B024,percentage,20.5,1499,2023-08-09,2024-01-30,987.35,available,Ahmedabad,purchased,no,174,20.5,1,18.0,0,1,0,0,0.0
CP0317,U0235,CAT04,B016,flat,250.0,0,2024-08-19,2025-08-15,101.09,available,Surat,referral,no,361,247.3,5,155.2,0,0,0,1,0.0
CP0318,U0286,CAT04,B016,flat,200.0,0,2023-03-16,2023-06-02,307.96,swapped,Nagpur,referral,yes,78,64.94,1,292.0,1,1,0,0,1.0
CP0319,U0068,CAT01,B003,percentage,33.6,999,2024-02-09,2024-09-15,253.57,available,Chennai,gifted,no,219,33.6,3,115.33,1,0,0,0,0.3333
CP0320,U0134,CAT08,B027,percentage,58.3,0,2024-03-19,2024-06-29,1600.68,swapped,Nagpur,referral,no,102,58.3,3,109.33,2,0,0,0,0.6667
CP0321,U0265,CAT06,B022,percentage,70.8,299,2024-09-19,2025-03-03,2207.09,available,Nagpur,earned,yes,165,70.8,2,106.0,0,0,1,0,0.0
CP0322,U0028,CAT09,B032,percentage,38.0,199,2023-07-13,2023-10-27,956.55,claimed,Chennai,earned,no,106,38.0,3,254.33,1,0,0,0,0.3333
CP0323,U0249,CAT02,B008,percentage,31.7,499,2024-12-27,2025-11-09,2490.29,expired,Ahmedabad,purchased,yes,317,31.7,2,214.5,2,1,0,0,1.0
CP0324,U0289,CAT04,B015,percentage,17.6,1499,2024-06-04,2024-11-20,2949.1,claimed,Mumbai,gifted,yes,169,17.6,1,90.0,0,1,0,0,0.0
CP0325,U0014,CAT07,B024,percentage,42.4,299,2023-04-07,2023-10-22,3422.5,expired,Chandigarh,gifted,yes,198,42.4,4,172.5,2,0,0,0,0.5
CP0326,U0233,CAT06,B021,percentage,39.5,1499,2024-12-25,2025-09-26,4778.25,claimed,Mumbai,gifted,yes,275,39.5,1,139.0,1,1,1,0,1.0
CP0327,U0109,CAT10,B036,percentage,59.9,1999,2024-08-05,2024-11-09,290.98,claimed,Surat,earned,yes,96,59.9,2,143.5,0,1,0,0,0.0
CP0328,U0495,CAT09,B032,percentage,34.9,1999,2023-07-02,2023-12-01,4334.3,available,Kolkata,purchased,no,152,34.9,2,131.0,1,1,0,0,0.5
CP0329,U0463,CAT05,B018,percentage,41.8,1499,2024-03-18,2024-09-22,3037.39,available,Hyderabad,earned,yes,188,41.8,2,168.0,1,2,0,0,0.5
CP0330,U0308,CAT08,B028,flat,400.0,499,2023-10-02,2024-08-15,496.6,available,Kochi,earned,no,318,80.55,2,103.0,5,0,0,0,2.5
CP0331,U0332,CAT07,B024,percentage,30.6,1499,2024-04-19,2024-09-10,3582.5,swapped,Visakhapatnam,earned,yes,144,30.6,2,71.5,0,0,0,0,0.0
CP0332,U0077,CAT05,B020,percentage,73.0,199,2024-05-04,2024-11-03,3437.35,available,Pune,gifted,no,183,73.0,2,171.5,1,0,0,0,0.5
CP0333,U0262,CAT10,B033,percentage,73.8,499,2024-06-09,2024-09-02,2094.45,claimed,Patna,earned,no,85,73.8,2,63.0,1,0,1,0,0.5
CP0334,U0092,CAT05,B017,flat,50.0,1999,2023-04-27,2024-01-18,951.93,available,Bengaluru,gifted,no,266,5.25,2,81.5,0,1,0,0,0.0
CP0335,U0175,CAT06,B023,flat,400.0,1999,2024-09-30,2025-03-14,4059.53,available,Bengaluru,earned,no,165,9.85,2,176.5,2,1,1,0,1.0
CP0336,U0088,CAT02,B008,percentage,5.4,1499,2023-04-30,2023-06-05,2411.74,expired,Vadodara,earned,no,36,5.4,1,60.0,2,0,1,0,2.0
CP0337,U0065,CAT10,B035,flat,300.0,199,2023-11-06,2024-01-19,118.69,available,Mumbai,earned,yes,74,252.76,1,115.0,0,0,0,0,0.0
CP0338,U0432,CAT01,B002,percentage,15.9,1499,2023-09-05,2024-05-15,4298.04,claimed,Bengaluru,gifted,no,253,15.9,2,106.5,0,0,0,1,0.0
CP0339,U0494,CAT03,B012,percentage,13.7,499,2023-06-06,2024-02-18,2383.87,swapped,Patna,purchased,no,257,13.7,3,223.67,0,0,0,0,0.0
CP0340,U0213,CAT10,B036,percentage,5.6,1999,2024-10-07,2025-06-15,2503.73,claimed,Coimbatore,referral,yes,251,5.6,2,271.0,0,0,0,1,0.0
CP0341,U0119,CAT08,B028,percentage,49.3,1499,2024-09-18,2025-06-24,350.49,available,Patna,gifted,yes,279,49.3,2,100.5,0,0,0,0,0.0
CP0342,U0481,CAT05,B020,flat,75.0,1499,2024-05-21,2025-05-04,1766.48,expired,Mumbai,purchased,yes,348,4.25,2,88.0,1,0,0,1,0.5
CP0343,U0472,CAT08,B028,percentage,43.1,999,2024-08-24,2025-03-15,4274.6,expired,Indore,purchased,no,203,43.1,3,63.67,0,1,1,2,0.0
CP0344,U0319,CAT07,B025,flat,250.0,199,2024-04-28,2024-08-18,1448.16,expired,Nagpur,purchased,yes,112,17.26,2,192.5,1,1,1,1,0.5
CP0345,U0121,CAT03,B012,percentage,36.2,199,2024-05-20,2024-11-21,2806.31,swapped,Kochi,referral,no,185,36.2,2,110.5,1,1,0,0,0.5
CP0346,U0173,CAT03,B010,flat,500.0,499,2023-02-02,2023-04-05,614.15,available,Coimbatore,purchased,no,62,81.41,0,0.0,0,2,1,0,0.0
CP0347,U0437,CAT06,B022,flat,500.0,1499,2023-10-01,2024-01-16,4374.79,claimed,Hyderabad,earned,no,107,11.43,2,211.0,1,0,0,0,0.5
CP0348,U0260,CAT08,B027,flat,75.0,0,2024-07-29,2024-09-18,876.88,available,Kolkata,referral,yes,51,8.55,1,245.0,2,1,0,0,2.0
CP0349,U0332,CAT05,B020,flat,400.0,299,2023-04-12,2023-07-29,1706.31,available,Kolkata,gifted,no,108,23.44,2,183.0,1,0,0,0,0.5
CP0350,U0259,CAT01,B002,flat,400.0,199,2023-12-16,2024-06-09,471.91,available,Bhopal,gifted,yes,176,84.76,2,159.0,2,0,1,0,1.0
CP0351,U0471,CAT03,B012,flat,100.0,499,2024-03-15,2024-11-11,4495.42,swapped,Visakhapatnam,earned,no,241,2.22,2,185.0,0,0,0,0,0.0
CP0352,U0044,CAT01,B004,percentage,5.7,299,2024-06-13,2024-08-17,1608.28,swapped,Chennai,gifted,no,65,5.7,2,193.0,1,1,0,0,0.5
CP0353,U0499,CAT01,B002,flat,50.0,299,2024-10-08,2025-07-31,2125.56,swapped,Coimbatore,referral,no,296,2.35,0,0.0,0,0,0,0,0.0
CP0354,U0359,CAT06,B021,flat,500.0,499,2024-09-17,2024-12-31,2258.64,available,Coimbatore,earned,no,105,22.14,2,97.5,2,2,0,0,1.0
CP0355,U0019,CAT06,B023,percentage,19.8,999,2023-11-05,2024-01-17,1705.74,expired,Ahmedabad,gifted,no,73,19.8,3,111.33,2,2,0,1,0.6667
CP0356,U0082,CAT04,B013,percentage,28.4,0,2023-12-15,2024-12-04,188.06,expired,Patna,purchased,no,355,28.4,3,134.0,1,0,1,0,0.3333
CP0357,U0322,CAT07,B026,percentage,9.5,999,2024-01-17,2024-06-27,1804.64,available,Hyderabad,gifted,yes,162,9.5,4,168.5,0,0,0,0,0.0
CP0358,U0180,CAT08,B028,flat,500.0,299,2024-09-01,2025-01-28,1458.45,expired,Patna,earned,no,149,34.28,1,222.0,0,0,0,1,0.0
CP0359,U0422,CAT09,B032,percentage,29.6,1999,2024-08-19,2024-12-25,1838.27,available,Bhopal,earned,yes,128,29.6,0,0.0,1,0,0,0,0.0
CP0360,U0040,CAT02,B005,percentage,14.8,299,2023-08-08,2024-04-22,3400.27,available,Coimbatore,gifted,no,258,14.8,1,146.0,1,0,0,0,1.0
CP0361,U0375,CAT05,B020,percentage,79.7,499,2024-12-06,2025-09-12,4127.87,available,Ahmedabad,gifted,no,280,79.7,3,166.33,0,0,0,0,0.0
CP0362,U0383,CAT03,B009,flat,400.0,199,2024-04-29,2024-06-14,4723.14,available,Hyderabad,earned,no,46,8.47,3,140.67,1,0,1,0,0.3333
CP0363,U0061,CAT02,B005,percentage,26.7,299,2024-06-19,2024-10-05,1559.38,available,Lucknow,gifted,yes,108,26.7,1,66.0,1,0,0,0,1.0
CP0364,U0094,CAT03,B012,percentage,72.1,1999,2023-10-18,2024-03-06,3711.32,available,Coimbatore,gifted,yes,140,72.1,2,159.0,1,0,1,0,0.5
CP0365,U0244,CAT07,B025,percentage,47.4,1999,2023-12-12,2024-07-22,3614.17,claimed,Ahmedabad,gifted,no,223,47.4,2,134.0,0,0,0,1,0.0
CP0366,U0410,CAT08,B029,percentage,70.0,999,2023-11-30,2024-02-13,3339.29,available,Pune,referral,no,75,70.0,3,70.0,1,0,1,0,0.3333
CP0367,U0046,CAT09,B030,flat,400.0,1999,2023-10-12,2024-10-06,869.79,available,Lucknow,earned,yes,360,45.99,2,92.5,0,0,0,0,0.0
CP0368,U0491,CAT09,B030,percentage,51.4,999,2024-08-13,2024-10-09,2632.68,expired,Visakhapatnam,referral,yes,57,51.4,3,131.67,1,0,0,0,0.3333
CP0369,U0425,CAT09,B030,flat,200.0,1499,2023-07-30,2024-01-01,4202.64,claimed,Bengaluru,earned,no,155,4.76,2,131.0,0,2,0,0,0.0
CP0370,U0224,CAT07,B026,percentage,69.6,199,2023-01-24,2023-08-16,2103.94,swapped,Surat,gifted,yes,204,69.6,4,178.75,1,0,0,0,0.25
CP0371,U0394,CAT02,B005,percentage,26.4,0,2023-07-07,2023-12-14,813.43,swapped,Chennai,purchased,no,160,26.4,1,191.0,1,0,0,0,1.0
CP0372,U0164,CAT03,B009,flat,200.0,199,2024-02-04,2024-04-24,2093.47,available,Chandigarh,referral,yes,80,9.55,0,0.0,2,0,0,0,0.0
CP0373,U0261,CAT01,B002,percentage,49.8,1999,2023-08-31,2024-06-08,2546.89,swapped,Jaipur,purchased,no,282,49.8,0,0.0,0,0,0,0,0.0
CP0374,U0468,CAT09,B031,percentage,7.2,0,2024-10-10,2025-03-08,1382.34,swapped,Hyderabad,purchased,yes,149,7.2,2,189.5,0,1,0,0,0.0
CP0375,U0401,CAT05,B020,percentage,68.5,199,2024-05-27,2024-10-08,1897.86,swapped,Pune,gifted,no,134,68.5,4,176.5,0,1,0,0,0.0
CP0376,U0335,CAT09,B031,percentage,65.9,199,2024-09-27,2025-03-24,52.69,swapped,Nagpur,purchased,no,178,65.9,1,54.0,1,1,0,0,1.0
CP0377,U0145,CAT07,B025,flat,150.0,0,2024-08-22,2025-06-09,849.01,claimed,Bengaluru,gifted,no,291,17.67,3,244.0,0,1,0,0,0.0
CP0378,U0313,CAT02,B006,flat,200.0,999,2024-03-18,2024-08-02,4789.22,available,Surat,earned,no,137,4.18,3,152.0,1,0,0,0,0.3333
CP0379,U0236,CAT05,B018,flat,250.0,999,2023-12-16,2024-05-01,1675.86,swapped,Ahmedabad,earned,yes,137,14.92,0,0.0,1,1,0,0,0.0
CP0380,U0285,CAT10,B036,percentage,5.7,1499,2023-06-27,2024-02-23,3531.33,expired,Coimbatore,purchased,yes,241,5.7,2,87.5,0,1,1,0,0.0
CP0381,U0181,CAT09,B030,flat,400.0,1999,2024-11-19,2025-02-20,1913.06,claimed,Chandigarh,purchased,yes,93,20.91,1,17.0,1,2,0,0,1.0
CP0382,U0381,CAT02,B008,percentage,19.5,0,2023-01-10,2023-06-02,3804.18,expired,Kochi,purchased,no,143,19.5,2,168.5,1,0,1,0,0.5
CP0383,U0253,CAT04,B014,flat,250.0,1499,2023-02-07,2023-07-30,3549.49,available,Kolkata,referral,no,173,7.04,1,48.0,0,1,0,0,0.0
CP0384,U0338,CAT02,B007,percentage,42.1,1499,2024-07-19,2024-11-25,2850.25,expired,Patna,purchased,yes,129,42.1,2,245.0,1,0,0,1,0.5
CP0385,U0374,CAT02,B006,percentage,47.7,1999,2023-08-22,2024-06-14,1407.92,expired,Mumbai,referral,no,297,47.7,1,125.0,1,0,1,0,1.0
CP0386,U0027,CAT09,B031,percentage,37.0,1999,2024-11-20,2025-11-17,4696.86,available,Bhopal,purchased,no,362,37.0,0,0.0,1,0,0,0,0.0
CP0387,U0143,CAT08,B028,percentage,8.3,499,2023-08-18,2023-10-11,2685.43,available,Chandigarh,purchased,yes,54,8.3,2,108.0,0,0,0,0,0.0
CP0388,U0491,CAT10,B033,flat,150.0,0,2024-12-07,2025-08-10,4589.13,available,Surat,gifted,yes,246,3.27,0,0.0,1,0,1,0,0.0
CP0389,U0431,CAT01,B004,percentage,6.8,299,2024-10-03,2025-04-22,1273.41,claimed,Surat,earned,no,201,6.8,1,199.0,0,0,0,0,0.0
CP0390,U0229,CAT09,B030,flat,400.0,999,2023-04-08,2024-03-23,667.89,swapped,Delhi,gifted,yes,350,59.89,1,115.0,0,1,0,0,0.0
CP0391,U0313,CAT03,B009,flat,400.0,1499,2023-02-26,2023-08-29,2187.6,available,Delhi,earned,no,184,18.28,3,157.33,0,0,0,0,0.0
CP0392,U0404,CAT07,B025,percentage,61.4,1499,2023-08-27,2024-07-28,3138.84,claimed,Indore,earned,yes,336,61.4,3,177.33,2,1,0,0,0.6667
CP0393,U0169,CAT06,B023,flat,50.0,999,2024-04-09,2025-01-28,1002.78,available,Vadodara,earned,yes,294,4.99,3,126.67,1,0,0,0,0.3333
CP0394,U0372,CAT10,B034,percentage,24.2,999,2024-03-07,2024-12-08,2250.89,available,Delhi,purchased,no,276,24.2,4,209.5,2,0,1,0,0.5
CP0395,U0299,CAT10,B036,percentage,53.9,999,2024-01-02,2024-07-09,3888.7,available,Lucknow,earned,no,189,53.9,5,188.8,0,1,0,0,0.0
CP0396,U0122,CAT06,B021,percentage,54.3,999,2023-05-29,2023-07-27,4104.96,claimed,Delhi,gifted,yes,59,54.3,4,160.75,1,0,0,0,0.25
CP0397,U0356,CAT04,B014,flat,250.0,1499,2023-07-13,2024-04-11,4910.52,claimed,Surat,referral,no,273,5.09,3,195.67,2,2,1,0,0.6667
CP0398,U0254,CAT10,B035,percentage,17.2,199,2024-04-10,2024-05-31,4603.77,claimed,Pune,gifted,yes,51,17.2,1,33.0,1,0,0,0,1.0
CP0399,U0205,CAT04,B016,flat,250.0,199,2024-01-20,2024-06-03,4139.12,available,Mumbai,purchased,yes,135,6.04,6,147.83,1,2,0,0,0.1667
CP0400,U0468,CAT09,B030,percentage,38.0,1999,2024-10-08,2025-09-02,1831.55,swapped,Kolkata,purchased,yes,329,38.0,1,118.0,1,0,0,0,1.0
CP0401,U0092,CAT04,B015,flat,250.0,199,2024-07-21,2024-12-23,156.39,expired,Hyderabad,purchased,yes,155,159.86,1,176.0,0,0,0,1,0.0
CP0402,U0157,CAT07,B026,flat,75.0,499,2023-12-13,2024-04-28,1238.74,expired,Chennai,referral,no,137,6.05,2,218.5,0,0,0,0,0.0
CP0403,U0273,CAT02,B005,percentage,74.3,499,2023-07-14,2023-11-19,3487.05,available,Bhopal,referral,yes,128,74.3,0,0.0,0,0,0,0,0.0
CP0404,U0127,CAT01,B002,flat,200.0,0,2023-06-02,2023-12-16,3165.82,available,Ahmedabad,referral,no,197,6.32,1,61.0,1,2,0,1,1.0
CP0405,U0199,CAT04,B013,flat,75.0,1999,2023-06-21,2024-04-06,4417.99,expired,Kochi,gifted,no,290,1.7,0,0.0,0,1,0,0,0.0
CP0406,U0367,CAT03,B011,flat,500.0,499,2024-12-12,2025-09-15,2395.1,claimed,Patna,earned,yes,277,20.88,2,142.5,0,0,0,0,0.0
CP0407,U0218,CAT04,B014,percentage,22.6,499,2023-08-12,2024-02-14,2878.28,swapped,Kochi,purchased,yes,186,22.6,1,299.0,2,0,0,0,2.0
CP0408,U0022,CAT03,B009,percentage,43.9,499,2023-08-24,2024-07-17,2585.7,available,Indore,gifted,no,328,43.9,1,298.0,1,0,0,1,1.0
CP0409,U0120,CAT06,B022,percentage,33.7,299,2023-07-03,2024-03-15,3244.51,available,Bengaluru,purchased,yes,256,33.7,2,247.5,1,1,0,1,0.5
CP0410,U0103,CAT05,B018,percentage,10.4,299,2023-02-09,2023-12-15,1023.4,available,Lucknow,earned,no,309,10.4,4,166.75,0,0,0,0,0.0
CP0411,U0395,CAT04,B014,flat,500.0,299,2023-09-25,2023-10-29,1445.13,available,Chandigarh,referral,yes,34,34.6,4,208.0,0,1,1,0,0.0
CP0412,U0117,CAT08,B029,percentage,62.1,199,2023-06-02,2024-01-21,3630.51,available,Pune,gifted,no,233,62.1,5,115.6,0,1,1,0,0.0
CP0413,U0395,CAT08,B028,flat,250.0,1499,2023-07-12,2024-03-17,2117.55,available,Coimbatore,purchased,yes,249,11.81,1,98.0,0,0,0,0,0.0
CP0414,U0174,CAT10,B034,percentage,60.3,199,2024-05-26,2024-12-23,2124.78,expired,Chandigarh,earned,no,211,60.3,0,0.0,0,1,0,0,0.0
CP0415,U0488,CAT06,B023,percentage,63.9,299,2023-05-23,2023-09-08,2862.54,expired,Vadodara,earned,no,108,63.9,2,211.5,0,2,1,0,0.0
CP0416,U0097,CAT07,B024,flat,75.0,499,2024-07-01,2025-02-13,587.76,claimed,Indore,earned,no,227,12.76,3,115.67,0,0,0,1,0.0
CP0417,U0251,CAT02,B006,percentage,46.5,0,2023-02-02,2024-01-06,974.13,available,Chandigarh,purchased,yes,338,46.5,1,240.0,1,0,0,0,1.0
CP0418,U0168,CAT05,B017,percentage,32.6,1999,2023-01-12,2023-05-09,4553.57,available,Hyderabad,purchased,no,117,32.6,2,151.0,1,0,0,1,0.5
CP0419,U0446,CAT08,B029,percentage,76.6,199,2023-07-31,2023-11-04,1583.3,expired,Nagpur,purchased,no,96,76.6,1,181.0,2,0,0,0,2.0
CP0420,U0004,CAT10,B034,percentage,56.4,199,2023-10-10,2024-02-20,2256.37,expired,Vadodara,earned,no,133,56.4,0,0.0,1,0,0,0,0.0
CP0421,U0331,CAT10,B036,percentage,48.2,499,2023-04-04,2023-09-28,1766.57,expired,Lucknow,gifted,yes,177,48.2,4,178.75,0,3,0,0,0.0
CP0422,U0197,CAT07,B024,percentage,51.3,1499,2024-03-18,2024-12-07,958.05,claimed,Chandigarh,earned,yes,264,51.3,0,0.0,0,0,0,0,0.0
CP0423,U0358,CAT04,B014,percentage,52.1,1499,2023-10-26,2023-12-29,3625.93,available,Nagpur,gifted,yes,64,52.1,0,0.0,0,2,0,0,0.0
CP0424,U0231,CAT06,B021,flat,500.0,199,2023-11-30,2024-07-26,1301.19,claimed,Indore,purchased,no,239,38.43,2,243.0,1,0,0,1,0.5
CP0425,U0006,CAT07,B025,flat,150.0,299,2024-02-11,2024-03-31,617.68,swapped,Surat,earned,no,49,24.28,2,160.0,0,0,0,0,0.0
CP0426,U0072,CAT08,B028,percentage,46.1,499,2023-09-06,2024-05-17,4111.11,expired,Chennai,earned,yes,254,46.1,3,93.33,0,1,1,0,0.0
CP0427,U0344,CAT03,B011,percentage,60.6,1999,2023-06-22,2023-08-30,105.49,available,Indore,gifted,yes,69,60.6,4,166.0,0,1,0,0,0.0
CP0428,U0329,CAT01,B002,percentage,8.6,1499,2024-10-12,2025-08-05,3596.23,swapped,Chandigarh,earned,no,297,8.6,3,117.33,0,1,0,0,0.0
CP0429,U0192,CAT01,B001,percentage,33.3,199,2023-07-26,2023-12-30,1039.93,available,Mumbai,referral,no,157,33.3,3,175.67,2,1,0,0,0.6667
CP0430,U0371,CAT04,B013,percentage,71.2,199,2024-11-11,2025-03-06,267.86,claimed,Surat,gifted,yes,115,71.2,3,142.33,1,0,1,0,0.3333
CP0431,U0119,CAT10,B034,flat,300.0,199,2024-03-14,2024-06-13,574.13,available,Mumbai,gifted,no,91,52.25,1,24.0,0,0,1,1,0.0
CP0432,U0333,CAT01,B004,percentage,21.5,999,2024-11-04,2025-04-25,1876.45,available,Kolkata,gifted,no,172,21.5,2,114.5,0,1,0,0,0.0
CP0433,U0357,CAT02,B006,percentage,12.1,499,2023-11-29,2024-11-16,3405.61,swapped,Ahmedabad,gifted,no,353,12.1,3,127.33,0,0,1,0,0.0
CP0434,U0196,CAT08,B027,percentage,50.6,999,2024-08-22,2025-05-08,3220.93,available,Patna,earned,yes,259,50.6,5,144.8,0,0,0,0,0.0
CP0435,U0378,CAT04,B013,percentage,72.3,499,2023-11-13,2024-04-12,3798.37,claimed,Delhi,purchased,no,151,72.3,1,260.0,1,0,0,0,1.0
CP0436,U0473,CAT05,B018,percentage,20.3,1499,2023-02-08,2023-07-09,3010.47,swapped,Surat,purchased,no,151,20.3,2,107.5,0,1,0,1,0.0
CP0437,U0434,CAT01,B004,percentage,26.6,1499,2023-01-25,2023-06-21,1689.79,available,Coimbatore,purchased,yes,147,26.6,4,121.0,2,0,0,0,0.5
CP0438,U0034,CAT04,B016,percentage,18.8,1999,2024-10-06,2024-11-08,2483.63,swapped,Delhi,earned,yes,33,18.8,1,248.0,0,1,0,0,0.0
CP0439,U0260,CAT04,B014,percentage,49.4,0,2023-07-29,2023-12-26,2159.89,claimed,Chennai,earned,yes,150,49.4,3,266.67,0,0,0,0,0.0
CP0440,U0496,CAT07,B024,percentage,27.7,1499,2024-08-13,2025-04-29,1046.93,swapped,Nagpur,purchased,no,259,27.7,1,37.0,1,1,0,0,1.0
CP0441,U0377,CAT07,B025,percentage,38.1,499,2024-06-01,2025-05-09,3813.61,expired,Nagpur,purchased,no,342,38.1,1,86.0,0,0,0,1,0.0
CP0442,U0079,CAT07,B024,flat,200.0,999,2024-09-01,2025-07-03,3646.91,available,Indore,gifted,no,305,5.48,4,189.75,0,0,0,0,0.0
CP0443,U0101,CAT07,B026,percentage,10.4,199,2023-05-20,2024-02-14,4584.85,available,Visakhapatnam,earned,no,270,10.4,3,230.0,1,1,0,1,0.3333
CP0444,U0251,CAT08,B028,flat,300.0,299,2024-01-18,2024-08-31,3223.19,claimed,Bhopal,referral,yes,226,9.31,3,184.67,0,0,0,0,0.0
CP0445,U0261,CAT07,B026,percentage,62.2,1499,2023-09-19,2024-04-14,2468.68,expired,Delhi,earned,no,208,62.2,1,124.0,1,0,0,0,1.0
CP0446,U0362,CAT04,B014,percentage,74.1,1499,2024-01-06,2024-12-24,189.87,expired,Ahmedabad,purchased,no,353,74.1,1,16.0,0,0,0,0,0.0
CP0447,U0007,CAT03,B011,percentage,48.4,0,2024-11-09,2025-03-01,3866.31,claimed,Chandigarh,gifted,yes,112,48.4,2,117.5,0,3,0,0,0.0
CP0448,U0355,CAT09,B030,flat,100.0,299,2024-03-13,2024-08-19,2528.2,claimed,Chandigarh,earned,no,159,3.96,2,130.0,1,1,1,0,0.5
CP0449,U0138,CAT02,B005,percentage,63.3,1499,2023-12-19,2024-03-31,1087.15,expired,Lucknow,purchased,yes,103,63.3,1,231.0,1,0,0,1,1.0
CP0450,U0214,CAT08,B027,percentage,63.0,1499,2024-03-03,2024-12-26,1477.28,available,Chennai,gifted,yes,298,63.0,5,211.2,0,1,0,0,0.0
CP0451,U0417,CAT04,B016,percentage,76.1,199,2024-04-06,2025-02-20,968.91,available,Chennai,earned,yes,320,76.1,2,177.5,1,1,0,0,0.5
CP0452,U0086,CAT05,B020,percentage,73.5,0,2023-04-22,2024-04-11,1500.97,available,Jaipur,purchased,yes,355,73.5,3,67.67,0,0,0,0,0.0
CP0453,U0032,CAT10,B034,percentage,55.5,299,2023-04-14,2023-05-18,3771.4,available,Patna,earned,yes,34,55.5,3,112.67,0,0,0,0,0.0
CP0454,U0493,CAT02,B006,percentage,5.5,1999,2024-09-09,2025-07-02,1365.89,claimed,Surat,earned,no,296,5.5,0,0.0,1,1,1,0,0.0
CP0455,U0341,CAT06,B023,flat,250.0,499,2023-09-03,2024-04-04,1923.26,available,Kochi,referral,yes,214,13.0,1,7.0,2,1,0,1,2.0
CP0456,U0309,CAT01,B004,flat,300.0,0,2023-05-23,2023-07-05,4351.58,available,Pune,gifted,no,43,6.89,1,59.0,0,1,0,1,0.0
CP0457,U0009,CAT09,B031,flat,50.0,1499,2024-10-15,2025-04-27,1833.02,available,Surat,earned,yes,194,2.73,3,169.0,1,0,0,0,0.3333
CP0458,U0220,CAT10,B036,percentage,50.9,499,2023-03-25,2023-10-19,4935.01,swapped,Hyderabad,earned,no,208,50.9,2,187.0,1,0,0,0,0.5
CP0459,U0017,CAT10,B034,flat,500.0,199,2024-08-08,2025-05-23,2514.73,available,Coimbatore,referral,no,288,19.88,3,149.0,2,0,0,0,0.6667
CP0460,U0124,CAT03,B012,flat,400.0,199,2024-11-09,2025-09-11,1097.62,expired,Bengaluru,purchased,yes,306,36.44,2,97.5,0,0,0,1,0.0
CP0461,U0341,CAT03,B011,flat,200.0,499,2023-08-14,2024-01-22,4759.94,expired,Ahmedabad,referral,no,161,4.2,1,213.0,1,0,0,0,1.0
CP0462,U0194,CAT02,B007,flat,75.0,1499,2024-10-21,2025-05-14,3727.69,expired,Coimbatore,referral,no,205,2.01,0,0.0,0,0,0,0,0.0
CP0463,U0175,CAT04,B014,percentage,26.8,1499,2023-04-25,2023-07-09,2981.39,available,Hyderabad,earned,yes,75,26.8,2,99.0,1,0,0,0,0.5
CP0464,U0275,CAT06,B022,percentage,5.1,199,2023-03-05,2024-01-31,4243.24,swapped,Surat,earned,yes,332,5.1,3,98.67,0,0,0,0,0.0
CP0465,U0276,CAT09,B032,percentage,21.7,1999,2024-02-09,2024-03-14,2329.98,available,Lucknow,earned,no,34,21.7,1,106.0,0,0,0,0,0.0
CP0466,U0307,CAT08,B027,percentage,15.9,299,2024-11-12,2024-12-29,1579.01,swapped,Hyderabad,purchased,no,47,15.9,1,7.0,2,0,0,0,2.0
CP0467,U0079,CAT04,B016,percentage,77.5,1999,2023-03-02,2023-09-18,3597.99,expired,Pune,earned,yes,200,77.5,2,280.0,0,0,1,0,0.0
CP0468,U0012,CAT03,B012,flat,200.0,999,2024-11-06,2025-02-25,1991.81,available,Nagpur,referral,no,111,10.04,2,147.0,0,0,0,0,0.0
CP0469,U0359,CAT07,B024,percentage,26.2,1999,2024-12-14,2025-04-22,2762.65,available,Surat,earned,yes,129,26.2,2,249.5,0,0,0,0,0.0
CP0470,U0150,CAT05,B020,flat,100.0,199,2024-03-28,2024-12-30,1088.34,expired,Kolkata,earned,yes,277,9.19,1,202.0,2,2,0,2,2.0
CP0471,U0193,CAT06,B023,flat,75.0,499,2024-11-25,2025-03-10,3413.25,available,Delhi,purchased,no,105,2.2,3,133.33,0,0,0,0,0.0
CP0472,U0223,CAT03,B009,percentage,43.7,199,2023-12-13,2024-11-10,3153.51,available,Delhi,purchased,no,333,43.7,4,139.75,0,0,0,0,0.0
CP0473,U0398,CAT08,B028,flat,100.0,1499,2024-10-30,2025-06-09,4956.26,expired,Bengaluru,earned,no,222,2.02,2,228.5,2,1,1,0,1.0
CP0474,U0251,CAT05,B020,percentage,14.0,1499,2023-03-26,2023-06-26,3360.52,claimed,Mumbai,earned,no,92,14.0,2,162.5,0,0,0,0,0.0
CP0475,U0331,CAT05,B017,flat,100.0,1499,2024-01-29,2024-11-01,2196.6,claimed,Hyderabad,gifted,yes,277,4.55,4,251.75,1,1,0,0,0.25
CP0476,U0251,CAT07,B026,percentage,46.7,0,2024-07-03,2025-04-30,2618.56,claimed,Hyderabad,earned,yes,301,46.7,0,0.0,1,0,0,0,0.0
CP0477,U0229,CAT02,B006,flat,100.0,1999,2023-01-06,2023-11-16,1605.77,available,Patna,purchased,yes,314,6.23,2,134.5,1,0,0,0,0.5
CP0478,U0260,CAT02,B007,flat,50.0,299,2023-03-28,2023-06-29,1849.62,claimed,Bhopal,referral,yes,93,2.7,2,83.5,0,1,0,1,0.0
CP0479,U0228,CAT04,B015,percentage,75.9,199,2023-10-28,2024-08-26,2906.5,expired,Visakhapatnam,referral,no,303,75.9,1,207.0,1,0,0,1,1.0
CP0480,U0097,CAT10,B034,flat,50.0,199,2023-08-31,2023-10-18,1533.56,expired,Ahmedabad,earned,yes,48,3.26,5,129.0,0,0,1,0,0.0
CP0481,U0282,CAT10,B035,percentage,59.7,299,2024-03-08,2024-05-15,1340.34,claimed,Chennai,gifted,yes,68,59.7,6,106.67,0,1,0,0,0.0
CP0482,U0037,CAT05,B020,flat,100.0,1499,2024-07-02,2024-11-13,3676.74,swapped,Kolkata,earned,yes,134,2.72,3,226.33,2,0,0,0,0.6667
CP0483,U0494,CAT07,B024,percentage,64.1,999,2024-01-24,2024-03-07,1275.11,available,Coimbatore,purchased,no,43,64.1,2,150.0,1,0,0,1,0.5
CP0484,U0075,CAT02,B007,percentage,32.2,1999,2023-12-08,2024-05-25,4000.58,available,Hyderabad,gifted,yes,169,32.2,2,112.5,0,0,0,0,0.0
CP0485,U0373,CAT07,B024,flat,75.0,299,2023-06-29,2024-04-23,2964.69,expired,Hyderabad,gifted,no,299,2.53,2,225.5,2,0,0,2,1.0
CP0486,U0485,CAT09,B031,percentage,72.2,1999,2023-06-24,2024-01-02,1978.34,available,Coimbatore,earned,no,192,72.2,5,163.6,0,0,0,0,0.0
CP0487,U0337,CAT08,B029,percentage,5.7,199,2024-06-09,2024-09-26,756.22,claimed,Jaipur,purchased,no,109,5.7,5,95.0,0,1,0,0,0.0
CP0488,U0409,CAT04,B016,flat,100.0,499,2024-03-25,2024-10-22,2536.03,available,Bhopal,gifted,yes,211,3.94,0,0.0,0,0,0,0,0.0
CP0489,U0325,CAT05,B017,flat,300.0,0,2023-11-17,2024-02-01,429.63,available,Bengaluru,purchased,yes,76,69.83,1,261.0,0,1,1,1,0.0
CP0490,U0347,CAT02,B007,percentage,42.0,999,2023-01-11,2023-09-15,4665.59,available,Nagpur,gifted,yes,247,42.0,3,78.0,1,0,1,0,0.3333
CP0491,U0360,CAT07,B024,percentage,73.3,999,2023-01-08,2023-09-12,3760.86,available,Visakhapatnam,earned,yes,247,73.3,4,56.0,2,0,0,0,0.5
CP0492,U0039,CAT10,B036,flat,500.0,299,2023-08-19,2023-12-16,4205.07,claimed,Delhi,gifted,no,119,11.89,3,127.67,0,1,0,0,0.0
CP0493,U0426,CAT03,B011,flat,250.0,999,2024-11-26,2025-05-02,4261.35,swapped,Lucknow,purchased,no,157,5.87,1,287.0,0,0,0,0,0.0
CP0494,U0473,CAT05,B018,percentage,52.3,299,2024-02-08,2024-06-28,4649.09,swapped,Visakhapatnam,earned,yes,141,52.3,2,120.0,3,0,1,1,1.5
CP0495,U0316,CAT08,B029,flat,50.0,499,2023-12-31,2024-02-02,1676.33,available,Mumbai,gifted,yes,33,2.98,3,174.0,0,0,1,0,0.0
CP0496,U0271,CAT07,B025,percentage,37.3,999,2023-07-22,2023-10-03,4497.62,available,Nagpur,purchased,no,73,37.3,1,170.0,2,0,0,0,2.0
CP0497,U0275,CAT04,B016,percentage,27.4,1999,2024-03-14,2024-07-15,1383.93,swapped,Indore,purchased,no,123,27.4,1,278.0,0,1,0,0,0.0
CP0498,U0098,CAT07,B024,percentage,70.3,299,2023-07-23,2023-10-17,249.27,available,Surat,referral,yes,86,70.3,3,86.67,0,0,0,0,0.0
CP0499,U0251,CAT04,B016,flat,200.0,999,2023-05-02,2024-01-02,2503.06,expired,Ahmedabad,gifted,no,245,7.99,0,0.0,0,0,0,0,0.0
CP0500,U0491,CAT09,B032,flat,300.0,0,2023-05-15,2023-08-09,3973.93,available,Kochi,gifted,yes,86,7.55,0,0.0,0,0,0,0,0.0
CP0501,U0246,CAT01,B003,percentage,49.8,299,2023-01-09,2023-09-18,1447.01,available,Bhopal,purchased,yes,252,49.8,4,118.5,2,0,0,0,0.5
CP0502,U0342,CAT09,B030,percentage,62.5,1999,2023-09-27,2024-03-01,2174.34,claimed,Hyderabad,earned,yes,156,62.5,1,143.0,2,0,0,0,2.0
CP0503,U0099,CAT04,B014,percentage,14.9,199,2023-02-09,2023-07-29,2160.2,claimed,Bengaluru,referral,no,170,14.9,1,69.0,0,2,0,2,0.0
CP0504,U0173,CAT07,B026,percentage,52.5,499,2023-08-25,2024-01-15,2422.02,claimed,Delhi,gifted,no,143,52.5,4,190.25,1,0,0,0,0.25
CP0505,U0459,CAT06,B022,flat,300.0,0,2023-09-10,2024-03-21,949.67,available,Surat,purchased,no,193,31.59,1,26.0,1,1,0,0,1.0
CP0506,U0172,CAT05,B017,percentage,23.9,299,2024-05-18,2024-12-20,602.07,expired,Coimbatore,earned,yes,216,23.9,2,222.5,0,1,0,1,0.0
CP0507,U0310,CAT06,B022,flat,250.0,299,2024-08-26,2025-06-22,1229.35,available,Patna,gifted,yes,300,20.34,0,0.0,0,0,0,0,0.0
CP0508,U0099,CAT03,B009,percentage,77.6,1499,2024-11-01,2025-03-08,2256.56,available,Coimbatore,earned,no,127,77.6,1,229.0,0,0,0,0,0.0
CP0509,U0215,CAT08,B027,percentage,16.5,999,2023-05-11,2023-09-16,3572.44,swapped,Coimbatore,referral,no,128,16.5,1,245.0,0,1,0,0,0.0
CP0510,U0215,CAT08,B029,flat,300.0,999,2023-03-11,2023-12-13,4660.1,claimed,Mumbai,purchased,no,277,6.44,3,154.67,0,0,0,0,0.0
CP0511,U0380,CAT03,B011,percentage,47.5,1999,2024-12-11,2025-04-17,2017.59,expired,Visakhapatnam,referral,yes,127,47.5,2,151.0,0,1,1,0,0.0
CP0512,U0140,CAT08,B029,percentage,63.5,199,2024-02-15,2025-01-20,961.13,available,Kolkata,earned,yes,340,63.5,2,117.0,0,0,0,0,0.0
CP0513,U0437,CAT09,B031,percentage,59.0,199,2023-09-23,2024-03-26,1517.0,available,Hyderabad,purchased,yes,185,59.0,1,270.0,0,0,0,0,0.0
CP0514,U0139,CAT09,B030,percentage,53.0,1999,2023-10-12,2024-01-18,3963.58,claimed,Pune,referral,yes,98,53.0,0,0.0,0,0,0,0,0.0
CP0515,U0167,CAT09,B030,percentage,31.1,0,2024-09-11,2025-04-17,4734.82,swapped,Jaipur,earned,no,218,31.1,0,0.0,0,0,0,0,0.0
CP0516,U0113,CAT10,B035,percentage,9.3,1499,2023-01-11,2023-08-11,4827.88,available,Mumbai,gifted,yes,212,9.3,0,0.0,1,0,0,0,0.0
CP0517,U0106,CAT07,B026,percentage,52.0,1999,2024-09-10,2025-07-19,2238.82,available,Kolkata,earned,no,312,52.0,2,32.0,2,0,1,0,1.0
CP0518,U0462,CAT03,B012,percentage,59.5,499,2024-01-13,2024-04-27,513.77,available,Chennai,earned,yes,105,59.5,0,0.0,1,2,0,0,0.0
CP0519,U0011,CAT04,B016,flat,100.0,299,2024-10-25,2025-04-17,856.45,available,Chandigarh,earned,yes,174,11.68,1,214.0,0,0,0,0,0.0
CP0520,U0052,CAT02,B006,percentage,23.4,1499,2024-10-22,2025-06-15,2657.55,expired,Mumbai,earned,no,236,23.4,3,153.33,1,0,0,0,0.3333
CP0521,U0068,CAT07,B024,percentage,6.0,199,2024-10-21,2024-12-12,3862.08,available,Vadodara,purchased,yes,52,6.0,5,84.2,0,2,0,0,0.0
CP0522,U0246,CAT02,B007,flat,75.0,1999,2023-07-27,2023-11-05,2836.11,available,Chennai,gifted,no,101,2.64,1,211.0,0,0,0,0,0.0
CP0523,U0064,CAT03,B010,percentage,56.9,0,2024-10-04,2025-08-08,4133.38,available,Lucknow,purchased,no,308,56.9,2,173.0,0,2,0,0,0.0
CP0524,U0198,CAT03,B009,flat,50.0,199,2023-08-21,2024-04-25,1798.88,available,Chandigarh,earned,yes,248,2.78,2,176.5,0,0,1,0,0.0
CP0525,U0183,CAT08,B027,flat,150.0,0,2023-04-15,2023-10-06,3097.7,available,Bengaluru,referral,yes,174,4.84,1,95.0,1,0,1,0,1.0
CP0526,U0077,CAT03,B012,percentage,50.0,1499,2024-11-26,2025-07-31,3451.45,claimed,Lucknow,gifted,yes,247,50.0,1,204.0,0,0,0,0,0.0
CP0527,U0404,CAT05,B020,flat,200.0,0,2024-12-29,2025-03-08,4315.48,swapped,Ahmedabad,gifted,no,69,4.63,5,218.0,0,0,0,0,0.0
CP0528,U0296,CAT08,B029,flat,400.0,499,2023-03-10,2023-06-05,4799.95,available,Bengaluru,gifted,yes,87,8.33,1,120.0,0,0,2,0,0.0
CP0529,U0309,CAT03,B012,percentage,42.1,1999,2024-05-07,2025-01-03,3201.19,available,Pune,gifted,no,241,42.1,1,277.0,1,0,0,0,1.0
CP0530,U0043,CAT09,B032,percentage,45.2,999,2023-08-24,2024-04-06,3588.86,claimed,Pune,earned,yes,226,45.2,2,160.5,1,0,0,0,0.5
CP0531,U0243,CAT06,B021,percentage,68.8,199,2024-01-07,2024-11-17,4608.48,available,Kochi,gifted,yes,315,68.8,2,130.5,0,0,0,0,0.0
CP0532,U0108,CAT05,B020,percentage,69.0,1999,2024-03-07,2024-08-08,1161.71,expired,Hyderabad,referral,yes,154,69.0,2,165.5,1,0,1,0,0.5
CP0533,U0360,CAT07,B026,percentage,77.4,0,2024-01-16,2024-03-13,3330.6,available,Vadodara,referral,yes,57,77.4,0,0.0,0,2,0,0,0.0
CP0534,U0426,CAT03,B011,percentage,23.4,1999,2023-01-13,2023-11-30,2111.65,expired,Nagpur,earned,no,321,23.4,1,116.0,0,0,0,1,0.0
CP0535,U0147,CAT08,B028,flat,400.0,0,2024-10-22,2024-11-27,821.64,swapped,Delhi,earned,yes,36,48.68,2,152.0,4,0,1,0,2.0
CP0536,U0284,CAT09,B030,percentage,67.5,1499,2024-11-27,2025-08-16,4156.12,swapped,Visakhapatnam,gifted,yes,262,67.5,3,169.0,0,1,0,0,0.0
CP0537,U0381,CAT07,B024,percentage,11.9,199,2024-01-22,2024-04-25,2031.99,available,Chandigarh,purchased,yes,94,11.9,0,0.0,0,1,0,0,0.0
CP0538,U0028,CAT08,B028,percentage,53.1,1999,2024-01-25,2024-05-18,1888.82,available,Jaipur,purchased,yes,114,53.1,3,105.67,1,1,0,1,0.3333
CP0539,U0145,CAT06,B023,flat,250.0,199,2023-01-29,2023-06-30,2730.76,available,Vadodara,purchased,no,152,9.15,3,128.67,1,0,0,0,0.3333
CP0540,U0292,CAT04,B014,percentage,7.4,999,2023-10-03,2023-12-15,272.13,swapped,Nagpur,purchased,no,73,7.4,1,173.0,1,1,0,0,1.0
CP0541,U0257,CAT02,B007,percentage,31.7,199,2023-10-17,2024-06-06,1606.64,available,Kochi,referral,yes,233,31.7,1,53.0,1,1,0,0,1.0
CP0542,U0414,CAT06,B022,flat,500.0,1999,2023-04-14,2024-01-26,793.42,claimed,Chandigarh,gifted,yes,287,63.02,0,0.0,1,0,0,0,0.0
CP0543,U0488,CAT05,B018,percentage,39.7,1499,2024-10-02,2024-12-18,1196.27,available,Ahmedabad,earned,yes,77,39.7,1,77.0,0,0,0,1,0.0
CP0544,U0403,CAT09,B032,flat,500.0,199,2023-12-16,2024-08-31,1728.15,available,Bhopal,purchased,no,259,28.93,4,264.75,3,1,0,0,0.75
CP0545,U0322,CAT04,B014,flat,75.0,499,2023-06-06,2024-04-21,532.16,available,Lucknow,gifted,yes,320,14.09,1,107.0,1,0,0,0,1.0
CP0546,U0035,CAT08,B027,percentage,17.7,299,2023-10-30,2024-02-19,2903.73,available,Bengaluru,purchased,no,112,17.7,1,54.0,1,0,0,0,1.0
CP0547,U0482,CAT05,B020,flat,400.0,0,2024-10-27,2025-02-05,4859.82,claimed,Kochi,referral,no,101,8.23,1,179.0,1,2,0,0,1.0
CP0548,U0263,CAT07,B026,flat,100.0,1999,2024-03-27,2024-10-30,3141.93,available,Bengaluru,earned,no,217,3.18,2,155.0,0,0,0,0,0.0
CP0549,U0005,CAT05,B017,percentage,53.3,199,2023-09-08,2024-07-21,4272.65,available,Chennai,earned,yes,317,53.3,4,200.5,0,2,1,0,0.0
CP0550,U0240,CAT04,B016,flat,75.0,1499,2023-12-24,2024-09-17,2698.82,expired,Hyderabad,purchased,yes,268,2.78,1,14.0,0,0,0,0,0.0
CP0551,U0310,CAT07,B025,percentage,29.7,499,2023-11-21,2024-06-13,1102.54,expired,Hyderabad,purchased,yes,205,29.7,1,198.0,1,0,0,0,1.0
CP0552,U0164,CAT09,B030,flat,100.0,999,2024-10-17,2025-03-05,205.05,claimed,Chandigarh,purchased,no,139,48.77,3,131.0,1,0,0,0,0.3333
CP0553,U0139,CAT07,B025,percentage,20.9,299,2023-01-24,2023-09-27,3196.65,available,Bengaluru,purchased,yes,246,20.9,1,279.0,0,0,0,0,0.0
CP0554,U0095,CAT05,B020,flat,500.0,1999,2023-08-08,2024-01-17,316.02,swapped,Bhopal,gifted,no,162,158.22,6,143.83,0,1,1,0,0.0
CP0555,U0353,CAT03,B010,percentage,36.4,1999,2024-05-01,2025-03-01,845.41,expired,Kochi,referral,no,304,36.4,3,133.0,0,0,0,0,0.0
CP0556,U0166,CAT01,B002,percentage,55.1,1499,2024-09-23,2025-01-05,4932.52,swapped,Surat,purchased,no,104,55.1,1,44.0,1,1,0,0,1.0
CP0557,U0135,CAT03,B012,flat,75.0,999,2024-11-21,2025-07-17,3625.32,swapped,Ahmedabad,earned,yes,238,2.07,1,54.0,0,1,0,0,0.0
CP0558,U0397,CAT01,B002,flat,150.0,199,2024-03-06,2025-01-09,3024.67,available,Kolkata,referral,yes,309,4.96,0,0.0,1,0,0,1,0.0
CP0559,U0359,CAT06,B022,percentage,72.2,499,2024-05-29,2024-08-30,3262.11,claimed,Bhopal,gifted,no,93,72.2,5,132.2,2,0,0,0,0.4
CP0560,U0091,CAT09,B031,percentage,18.2,999,2024-03-14,2024-10-21,2994.71,claimed,Chandigarh,purchased,no,221,18.2,1,5.0,1,0,1,1,1.0
CP0561,U0009,CAT05,B017,flat,75.0,999,2023-04-02,2024-03-29,4665.86,available,Vadodara,referral,yes,362,1.61,0,0.0,2,0,0,0,0.0
CP0562,U0109,CAT08,B029,percentage,7.4,199,2023-10-24,2024-06-25,3895.56,claimed,Hyderabad,purchased,no,245,7.4,1,87.0,1,0,0,1,1.0
CP0563,U0361,CAT02,B007,flat,400.0,1999,2024-02-27,2025-02-21,3718.71,available,Kochi,earned,no,360,10.76,2,169.0,0,1,1,0,0.0
CP0564,U0003,CAT05,B019,percentage,72.7,499,2024-02-29,2024-07-31,211.74,available,Kochi,earned,no,153,72.7,1,223.0,1,1,0,0,1.0
CP0565,U0499,CAT06,B021,flat,300.0,499,2023-09-05,2024-07-15,1003.67,claimed,Delhi,earned,no,314,29.89,1,50.0,0,0,0,0,0.0
CP0566,U0265,CAT03,B012,flat,100.0,199,2024-02-17,2024-08-27,2215.14,available,Ahmedabad,gifted,no,192,4.51,3,230.0,0,0,0,0,0.0
CP0567,U0014,CAT05,B018,flat,150.0,499,2023-04-06,2023-06-22,107.11,expired,Ahmedabad,purchased,yes,77,140.04,1,172.0,1,0,0,1,1.0
CP0568,U0324,CAT10,B036,percentage,60.1,1999,2024-04-09,2025-03-29,1822.7,available,Pune,purchased,yes,354,60.1,1,164.0,1,1,0,1,1.0
CP0569,U0322,CAT07,B025,flat,200.0,0,2023-03-26,2023-07-07,3210.01,claimed,Hyderabad,purchased,yes,103,6.23,0,0.0,0,1,0,0,0.0
CP0570,U0254,CAT02,B006,percentage,72.1,1999,2023-04-06,2023-06-14,1838.92,expired,Chandigarh,purchased,yes,69,72.1,5,176.8,0,0,0,0,0.0
CP0571,U0193,CAT07,B024,percentage,51.9,299,2023-08-04,2024-04-04,3186.08,claimed,Chennai,purchased,yes,244,51.9,1,5.0,2,0,0,0,2.0
CP0572,U0315,CAT03,B009,percentage,30.7,999,2023-12-22,2024-09-24,2755.09,available,Jaipur,referral,yes,277,30.7,2,66.5,0,0,0,0,0.0
CP0573,U0444,CAT10,B033,percentage,43.8,299,2023-06-06,2023-10-24,618.2,available,Surat,purchased,yes,140,43.8,1,53.0,0,1,0,0,0.0
CP0574,U0363,CAT03,B011,percentage,19.9,999,2023-04-05,2023-10-30,3277.03,claimed,Nagpur,gifted,no,208,19.9,1,70.0,1,0,0,0,1.0
CP0575,U0053,CAT04,B015,percentage,56.5,999,2023-10-15,2024-06-02,3976.11,claimed,Chennai,earned,no,231,56.5,2,177.5,0,0,0,1,0.0
CP0576,U0056,CAT07,B025,percentage,61.0,999,2023-11-23,2024-11-05,1946.08,available,Kochi,gifted,yes,348,61.0,4,106.0,1,0,0,1,0.25
CP0577,U0210,CAT08,B027,flat,500.0,299,2023-09-17,2024-08-12,3039.22,swapped,Visakhapatnam,gifted,yes,330,16.45,1,21.0,0,1,0,0,0.0
CP0578,U0126,CAT02,B006,flat,300.0,0,2023-07-10,2024-02-08,1115.16,available,Ahmedabad,earned,yes,213,26.9,0,0.0,1,0,0,0,0.0
CP0579,U0291,CAT01,B003,flat,250.0,1999,2023-08-07,2024-05-01,1641.73,available,Bengaluru,gifted,yes,268,15.23,2,188.0,0,0,1,0,0.0
CP0580,U0294,CAT09,B030,percentage,25.9,1499,2024-09-14,2024-11-21,2137.66,expired,Surat,earned,yes,68,25.9,1,205.0,0,0,0,0,0.0
CP0581,U0216,CAT04,B013,flat,400.0,0,2023-02-17,2023-08-06,664.26,available,Surat,earned,yes,170,60.22,3,231.0,1,1,1,0,0.3333
CP0582,U0467,CAT10,B033,percentage,53.3,499,2024-08-12,2024-09-13,1457.61,expired,Chandigarh,purchased,yes,32,53.3,1,139.0,0,0,1,1,0.0
CP0583,U0141,CAT06,B023,percentage,40.2,299,2024-03-01,2024-09-01,3780.78,available,Coimbatore,earned,no,184,40.2,1,136.0,1,0,0,0,1.0
CP0584,U0435,CAT10,B033,percentage,57.2,1499,2024-04-10,2025-01-17,4837.41,available,Kochi,referral,yes,282,57.2,1,268.0,0,0,0,0,0.0
CP0585,U0442,CAT01,B002,percentage,5.8,1499,2023-04-18,2023-10-30,3635.05,available,Bengaluru,purchased,no,195,5.8,1,258.0,1,1,0,0,1.0
CP0586,U0057,CAT09,B030,flat,50.0,0,2023-09-23,2023-11-14,4738.37,available,Surat,earned,no,52,1.06,3,167.33,1,0,0,0,0.3333
CP0587,U0164,CAT05,B018,flat,400.0,1999,2023-05-03,2023-08-05,782.61,claimed,Bhopal,earned,yes,94,51.11,2,164.0,1,1,1,0,0.5
CP0588,U0165,CAT09,B032,percentage,40.8,1999,2024-05-16,2024-11-05,3667.78,available,Jaipur,earned,yes,173,40.8,1,215.0,1,0,1,2,1.0
CP0589,U0377,CAT06,B023,flat,150.0,1999,2024-11-06,2025-11-02,1069.16,available,Nagpur,purchased,yes,361,14.03,5,157.4,3,1,1,0,0.6
CP0590,U0175,CAT04,B016,flat,150.0,199,2024-05-14,2024-08-05,4079.28,expired,Visakhapatnam,referral,no,83,3.68,4,207.75,1,0,0,0,0.25
CP0591,U0470,CAT08,B029,percentage,42.8,299,2023-05-14,2023-10-03,1958.6,claimed,Vadodara,gifted,no,142,42.8,1,181.0,2,0,0,0,2.0
CP0592,U0332,CAT04,B013,percentage,17.3,0,2023-11-11,2024-10-01,779.08,swapped,Hyderabad,purchased,no,325,17.3,5,172.8,0,0,0,0,0.0
CP0593,U0136,CAT03,B011,percentage,54.6,0,2024-04-08,2024-11-04,4638.29,available,Bhopal,purchased,no,210,54.6,0,0.0,1,0,0,0,0.0
CP0594,U0051,CAT09,B031,percentage,9.0,0,2023-10-07,2024-05-13,3260.68,expired,Bhopal,purchased,yes,219,9.0,2,197.5,0,0,1,0,0.0
CP0595,U0222,CAT07,B024,percentage,44.7,0,2024-05-20,2025-03-11,3421.74,claimed,Hyderabad,purchased,yes,295,44.7,2,68.0,0,1,0,0,0.0
CP0596,U0452,CAT01,B003,percentage,44.9,999,2023-10-10,2024-03-03,3512.59,available,Chandigarh,purchased,no,145,44.9,1,292.0,1,0,0,2,1.0
CP0597,U0362,CAT08,B027,percentage,20.3,999,2024-10-14,2025-04-09,1475.49,available,Chennai,gifted,no,177,20.3,3,163.33,1,1,0,0,0.3333
CP0598,U0171,CAT05,B018,percentage,56.1,499,2023-06-20,2023-10-23,752.08,available,Nagpur,gifted,yes,125,56.1,2,57.0,0,0,1,0,0.0
CP0599,U0305,CAT03,B011,flat,100.0,299,2024-11-26,2024-12-30,4849.23,claimed,Nagpur,referral,no,34,2.06,0,0.0,1,0,0,0,0.0
CP0600,U0258,CAT02,B005,flat,200.0,199,2023-08-22,2024-06-15,3787.21,expired,Hyderabad,gifted,no,298,5.28,1,55.0,1,0,0,0,1.0
CP0601,U0130,CAT08,B028,flat,500.0,299,2023-09-21,2024-06-26,2320.82,expired,Lucknow,earned,no,279,21.54,2,107.0,1,0,0,0,0.5
CP0602,U0439,CAT02,B007,flat,50.0,199,2023-06-01,2024-01-27,3313.87,available,Nagpur,purchased,no,240,1.51,3,144.0,0,0,0,0,0.0
CP0603,U0056,CAT06,B021,flat,150.0,299,2024-01-22,2025-01-13,4391.86,expired,Indore,referral,yes,357,3.42,1,28.0,2,0,0,0,2.0
CP0604,U0484,CAT05,B019,flat,300.0,299,2024-08-26,2025-04-26,1581.15,available,Visakhapatnam,earned,yes,243,18.97,0,0.0,2,0,0,1,0.0
CP0605,U0057,CAT07,B025,percentage,64.4,0,2023-12-22,2024-06-16,2519.69,expired,Indore,earned,no,177,64.4,1,166.0,0,0,0,0,0.0
CP0606,U0233,CAT10,B034,percentage,26.6,0,2023-10-29,2023-12-05,1125.76,expired,Hyderabad,purchased,no,37,26.6,1,287.0,1,0,0,0,1.0
CP0607,U0071,CAT01,B004,percentage,67.6,299,2023-02-21,2023-07-29,4399.67,expired,Visakhapatnam,earned,yes,158,67.6,0,0.0,0,0,1,0,0.0
CP0608,U0471,CAT02,B007,percentage,60.0,0,2024-03-18,2025-02-10,1489.47,available,Kochi,purchased,no,329,60.0,1,105.0,0,0,0,0,0.0
CP0609,U0306,CAT07,B025,flat,75.0,299,2023-09-25,2024-03-27,907.84,available,Surat,earned,yes,184,8.26,2,64.0,2,1,0,0,1.0
CP0610,U0044,CAT04,B015,percentage,46.6,299,2023-11-05,2024-05-09,2854.99,claimed,Coimbatore,purchased,no,186,46.6,1,118.0,0,0,0,0,0.0
CP0611,U0240,CAT02,B006,percentage,57.1,299,2024-05-30,2024-12-29,2166.96,available,Bhopal,gifted,yes,213,57.1,1,207.0,0,1,0,1,0.0
CP0612,U0263,CAT07,B024,flat,200.0,299,2023-09-06,2024-07-29,680.01,claimed,Patna,referral,yes,327,29.41,1,68.0,1,1,0,0,1.0
CP0613,U0430,CAT07,B024,percentage,5.4,0,2024-06-14,2025-03-06,469.06,available,Hyderabad,gifted,yes,265,5.4,1,77.0,1,1,0,0,1.0
CP0614,U0346,CAT05,B020,flat,50.0,999,2023-05-05,2024-03-29,3709.85,available,Kolkata,gifted,no,329,1.35,1,232.0,1,1,0,0,1.0
CP0615,U0160,CAT03,B010,flat,100.0,1499,2023-11-05,2024-10-21,4946.34,available,Nagpur,earned,yes,351,2.02,3,175.33,1,2,1,0,0.3333
CP0616,U0050,CAT02,B005,percentage,50.3,199,2023-05-04,2024-02-24,1061.25,claimed,Visakhapatnam,gifted,yes,296,50.3,1,19.0,0,0,0,0,0.0
CP0617,U0134,CAT02,B007,percentage,78.7,1999,2023-08-29,2024-07-03,3083.16,available,Vadodara,purchased,yes,309,78.7,0,0.0,0,0,0,0,0.0
CP0618,U0262,CAT01,B002,percentage,60.8,1499,2023-09-04,2023-12-30,3513.16,available,Nagpur,purchased,yes,117,60.8,2,204.0,2,0,0,0,1.0
CP0619,U0238,CAT10,B036,percentage,25.6,499,2024-01-31,2024-04-24,4076.79,available,Lucknow,gifted,no,84,25.6,2,177.0,0,0,0,0,0.0
CP0620,U0228,CAT01,B003,percentage,53.8,0,2024-11-03,2025-10-16,4545.14,available,Ahmedabad,gifted,no,347,53.8,1,285.0,1,0,0,0,1.0
CP0621,U0108,CAT05,B017,flat,250.0,299,2024-05-27,2025-03-10,4517.63,claimed,Visakhapatnam,purchased,yes,287,5.53,3,126.33,1,1,0,0,0.3333
CP0622,U0143,CAT06,B023,flat,250.0,1999,2024-04-15,2024-07-25,3824.91,available,Chandigarh,purchased,no,101,6.54,0,0.0,1,0,0,1,0.0
CP0623,U0398,CAT07,B025,percentage,18.5,1499,2024-12-26,2025-10-11,2650.9,available,Surat,earned,no,289,18.5,1,41.0,1,0,1,0,1.0
CP0624,U0050,CAT10,B036,percentage,7.2,1499,2023-06-12,2023-11-07,575.79,swapped,Nagpur,gifted,yes,148,7.2,1,160.0,1,0,1,1,1.0
CP0625,U0473,CAT04,B013,flat,100.0,0,2024-01-29,2024-09-30,356.54,available,Delhi,earned,yes,245,28.05,2,233.0,3,1,0,0,1.5
CP0626,U0056,CAT08,B028,percentage,68.1,1499,2023-06-28,2024-01-08,2275.07,available,Patna,earned,yes,194,68.1,1,100.0,1,1,0,0,1.0
CP0627,U0223,CAT05,B020,percentage,26.5,1999,2023-07-26,2023-11-15,2666.22,expired,Bengaluru,earned,yes,112,26.5,2,153.0,0,1,0,0,0.0
CP0628,U0291,CAT04,B013,flat,50.0,999,2024-01-04,2024-08-29,4329.23,available,Visakhapatnam,gifted,yes,238,1.15,1,208.0,1,0,0,0,1.0
CP0629,U0411,CAT10,B036,percentage,31.7,0,2024-07-26,2024-11-03,2222.45,claimed,Bengaluru,earned,yes,100,31.7,2,115.5,1,0,0,0,0.5
CP0630,U0277,CAT09,B031,percentage,42.4,299,2023-02-22,2024-01-25,161.59,expired,Lucknow,referral,no,337,42.4,1,40.0,1,0,0,0,1.0
CP0631,U0039,CAT07,B026,percentage,70.4,999,2023-06-11,2023-12-05,2898.01,swapped,Vadodara,gifted,no,177,70.4,5,146.6,0,0,0,0,0.0
CP0632,U0480,CAT10,B033,percentage,71.9,299,2024-08-19,2025-05-17,3283.5,available,Bhopal,purchased,no,271,71.9,3,182.0,2,0,0,0,0.6667
CP0633,U0121,CAT01,B002,percentage,66.3,499,2023-12-04,2024-02-03,410.91,swapped,Vadodara,earned,yes,61,66.3,1,76.0,0,0,1,0,0.0
CP0634,U0485,CAT06,B021,flat,75.0,199,2024-07-18,2025-04-19,1389.02,available,Delhi,gifted,yes,275,5.4,2,185.5,1,0,0,0,0.5
CP0635,U0477,CAT06,B022,percentage,63.6,0,2023-08-22,2023-10-01,180.45,expired,Kolkata,gifted,no,40,63.6,1,239.0,2,0,0,0,2.0
CP0636,U0221,CAT01,B004,percentage,62.4,1499,2024-12-13,2025-03-17,2162.83,available,Indore,purchased,no,94,62.4,2,94.5,0,1,0,0,0.0
CP0637,U0048,CAT06,B021,percentage,73.9,999,2023-09-01,2024-01-27,99.75,available,Coimbatore,earned,yes,148,73.9,0,0.0,0,0,0,0,0.0
CP0638,U0023,CAT04,B013,percentage,14.5,299,2023-07-04,2023-12-25,1780.85,expired,Pune,referral,yes,174,14.5,2,203.0,0,0,0,0,0.0
CP0639,U0129,CAT10,B036,percentage,14.2,999,2023-03-20,2023-05-28,1069.01,expired,Kochi,referral,yes,69,14.2,0,0.0,0,1,0,0,0.0
CP0640,U0445,CAT08,B029,percentage,32.5,1499,2024-07-18,2025-01-13,1258.82,swapped,Surat,earned,yes,179,32.5,2,171.0,1,0,1,0,0.5
CP0641,U0105,CAT01,B003,flat,400.0,199,2023-10-14,2023-12-23,4215.06,claimed,Lucknow,earned,yes,70,9.49,4,79.5,1,0,0,1,0.25
CP0642,U0358,CAT02,B007,flat,100.0,499,2023-02-06,2023-07-06,3267.05,claimed,Hyderabad,purchased,yes,150,3.06,3,173.0,0,0,0,0,0.0
CP0643,U0143,CAT05,B019,percentage,27.5,1999,2023-03-28,2023-05-27,3068.25,claimed,Chandigarh,gifted,yes,60,27.5,2,193.0,0,1,0,0,0.0
CP0644,U0339,CAT04,B014,percentage,54.5,299,2024-06-29,2024-08-24,204.97,expired,Mumbai,referral,no,56,54.5,2,232.0,0,0,0,0,0.0
CP0645,U0444,CAT05,B018,flat,250.0,499,2024-09-28,2025-06-07,3923.93,swapped,Delhi,earned,no,252,6.37,2,210.0,0,0,0,0,0.0
CP0646,U0084,CAT05,B020,percentage,58.9,499,2024-06-15,2024-11-25,2363.3,swapped,Pune,purchased,yes,163,58.9,2,139.0,1,0,0,0,0.5
CP0647,U0173,CAT05,B019,percentage,23.7,999,2024-07-09,2025-01-06,2003.28,claimed,Kochi,purchased,no,181,23.7,1,232.0,1,1,2,0,1.0
CP0648,U0434,CAT10,B033,percentage,47.6,199,2023-11-25,2024-05-08,2246.85,available,Mumbai,gifted,no,165,47.6,0,0.0,1,1,0,0,0.0
CP0649,U0297,CAT08,B029,flat,150.0,0,2024-02-23,2024-04-22,1418.41,claimed,Surat,referral,no,59,10.58,2,124.0,0,0,0,1,0.0
CP0650,U0066,CAT03,B011,flat,200.0,199,2023-09-23,2024-07-02,3170.17,available,Vadodara,earned,yes,283,6.31,0,0.0,1,1,1,0,0.0
CP0651,U0163,CAT02,B005,percentage,43.0,0,2024-03-26,2025-02-15,2789.37,available,Jaipur,referral,yes,326,43.0,3,196.0,1,0,0,0,0.3333
CP0652,U0040,CAT06,B023,flat,150.0,999,2023-12-25,2024-03-19,2246.87,claimed,Pune,purchased,no,85,6.68,1,77.0,0,0,0,0,0.0
CP0653,U0168,CAT07,B024,percentage,70.7,999,2023-05-27,2023-07-08,3951.41,available,Bhopal,referral,no,42,70.7,2,129.5,1,0,1,0,0.5
CP0654,U0477,CAT08,B028,percentage,17.0,199,2023-02-15,2023-08-12,4563.77,available,Vadodara,purchased,no,178,17.0,1,223.0,1,0,0,1,1.0
CP0655,U0482,CAT09,B032,flat,500.0,199,2024-08-18,2025-03-12,1925.26,claimed,Ahmedabad,gifted,yes,206,25.97,2,162.0,0,1,0,1,0.0
CP0656,U0376,CAT02,B006,percentage,79.8,499,2024-10-07,2025-08-13,2717.89,available,Visakhapatnam,earned,no,310,79.8,1,71.0,0,1,0,0,0.0
CP0657,U0467,CAT09,B032,percentage,25.2,199,2024-08-12,2025-02-08,1676.99,expired,Kochi,purchased,no,180,25.2,4,108.0,1,0,0,0,0.25
CP0658,U0041,CAT02,B006,percentage,76.8,299,2024-02-24,2024-09-26,2824.26,available,Kochi,earned,yes,215,76.8,2,133.0,1,1,0,0,0.5
CP0659,U0126,CAT08,B028,percentage,67.1,1999,2023-05-09,2024-03-09,4550.87,expired,Ahmedabad,earned,no,305,67.1,0,0.0,1,0,0,0,0.0
CP0660,U0295,CAT06,B022,percentage,35.6,499,2024-06-01,2024-09-14,3181.52,expired,Chennai,referral,yes,105,35.6,3,143.67,2,0,0,0,0.6667
CP0661,U0381,CAT03,B009,percentage,62.4,0,2024-12-29,2025-09-25,675.67,available,Bhopal,purchased,yes,270,62.4,2,172.5,1,0,2,0,0.5
CP0662,U0182,CAT02,B006,percentage,44.7,199,2024-02-02,2024-10-05,2041.47,claimed,Lucknow,purchased,no,246,44.7,1,117.0,0,2,1,0,0.0
CP0663,U0487,CAT10,B033,flat,50.0,499,2023-03-17,2023-10-14,4557.84,claimed,Bhopal,purchased,no,211,1.1,4,153.75,2,1,0,0,0.5
CP0664,U0459,CAT03,B010,flat,500.0,0,2023-03-27,2023-07-12,2988.09,available,Indore,gifted,no,107,16.73,1,179.0,2,0,0,0,2.0
CP0665,U0253,CAT03,B011,flat,75.0,299,2023-08-26,2024-02-24,289.03,claimed,Visakhapatnam,earned,no,182,25.95,1,162.0,0,0,0,0,0.0
CP0666,U0417,CAT05,B019,percentage,61.8,1499,2023-05-27,2023-07-17,4417.8,expired,Bhopal,gifted,no,51,61.8,1,267.0,0,0,0,0,0.0
CP0667,U0225,CAT02,B007,percentage,13.9,199,2023-10-08,2024-07-13,4432.48,available,Jaipur,referral,yes,279,13.9,2,119.0,3,0,0,0,1.5
CP0668,U0015,CAT04,B015,percentage,20.5,999,2024-06-04,2024-09-28,4517.58,swapped,Coimbatore,gifted,yes,116,20.5,2,241.5,0,0,0,0,0.0
CP0669,U0145,CAT01,B004,flat,50.0,999,2024-01-14,2024-05-27,2161.19,available,Ahmedabad,earned,no,134,2.31,4,168.5,0,0,2,0,0.0
CP0670,U0443,CAT02,B005,percentage,37.4,199,2023-09-27,2023-12-10,4965.73,expired,Hyderabad,referral,yes,74,37.4,3,125.33,1,0,0,0,0.3333
CP0671,U0323,CAT04,B013,percentage,43.0,1499,2023-10-10,2024-06-28,2588.58,expired,Surat,referral,yes,262,43.0,2,177.5,0,0,1,0,0.0
CP0672,U0431,CAT07,B024,flat,500.0,999,2023-11-22,2024-03-28,3322.6,swapped,Delhi,referral,yes,127,15.05,3,146.33,0,1,0,0,0.0
CP0673,U0136,CAT04,B014,percentage,70.4,499,2023-08-14,2023-12-22,799.59,expired,Nagpur,purchased,yes,130,70.4,3,141.33,1,0,0,0,0.3333
CP0674,U0107,CAT02,B006,percentage,10.0,1499,2024-07-25,2025-07-02,931.67,available,Jaipur,earned,yes,342,10.0,1,154.0,0,1,0,0,0.0
CP0675,U0449,CAT06,B022,percentage,76.6,299,2023-11-04,2024-03-31,3356.48,claimed,Chandigarh,earned,no,148,76.6,5,122.6,1,0,0,0,0.2
CP0676,U0497,CAT05,B017,percentage,77.2,499,2023-10-22,2024-06-22,1660.72,expired,Hyderabad,purchased,no,244,77.2,1,271.0,1,1,0,0,1.0
CP0677,U0308,CAT02,B007,flat,100.0,499,2024-05-10,2025-02-14,3451.75,available,Jaipur,gifted,no,280,2.9,2,177.0,1,2,0,0,0.5
CP0678,U0218,CAT01,B003,percentage,28.8,499,2024-02-05,2024-10-18,1340.46,available,Nagpur,earned,no,256,28.8,1,200.0,0,0,0,1,0.0
CP0679,U0106,CAT01,B003,percentage,21.6,1999,2023-06-20,2024-04-19,3145.17,swapped,Vadodara,earned,yes,304,21.6,2,98.5,1,0,0,0,0.5
CP0680,U0400,CAT10,B033,flat,50.0,1499,2024-01-24,2024-04-09,1699.78,available,Coimbatore,purchased,yes,76,2.94,2,226.5,0,1,0,0,0.0
CP0681,U0203,CAT09,B030,percentage,19.9,1999,2023-06-10,2024-04-09,3603.21,available,Chennai,referral,no,304,19.9,1,121.0,1,0,0,0,1.0
CP0682,U0433,CAT07,B024,percentage,23.7,0,2023-01-14,2023-03-03,3787.85,claimed,Visakhapatnam,gifted,no,48,23.7,1,159.0,1,0,2,0,1.0
CP0683,U0018,CAT01,B002,percentage,6.8,299,2024-10-08,2025-03-13,3762.08,expired,Chandigarh,earned,yes,156,6.8,2,155.5,0,0,0,0,0.0
CP0684,U0011,CAT05,B017,percentage,42.8,0,2024-12-21,2025-08-20,3726.13,claimed,Ahmedabad,purchased,no,242,42.8,3,193.33,2,0,0,1,0.6667
CP0685,U0155,CAT04,B015,flat,300.0,299,2024-06-08,2024-07-19,2321.58,available,Patna,gifted,no,41,12.92,1,249.0,0,0,0,0,0.0
CP0686,U0146,CAT07,B024,percentage,35.5,1499,2023-10-13,2024-07-16,2689.36,available,Mumbai,referral,no,277,35.5,0,0.0,1,0,0,0,0.0
CP0687,U0500,CAT06,B023,flat,400.0,0,2023-08-18,2024-07-08,2016.88,available,Kochi,gifted,yes,325,19.83,2,74.0,0,0,0,0,0.0
CP0688,U0288,CAT05,B019,percentage,52.2,199,2023-03-27,2023-06-13,1078.03,swapped,Patna,purchased,yes,78,52.2,1,250.0,1,0,0,0,1.0
CP0689,U0031,CAT07,B026,flat,500.0,1999,2024-08-03,2024-12-30,2492.42,available,Surat,earned,yes,149,20.06,0,0.0,1,1,0,1,0.0
CP0690,U0354,CAT06,B023,percentage,35.5,199,2023-01-06,2023-06-22,3787.44,expired,Coimbatore,gifted,yes,167,35.5,4,133.25,1,1,0,0,0.25
CP0691,U0472,CAT06,B022,flat,500.0,0,2024-07-22,2024-10-01,2157.23,available,Ahmedabad,earned,yes,71,23.18,2,216.0,1,0,0,0,0.5
CP0692,U0454,CAT09,B032,percentage,19.8,499,2023-04-27,2023-06-15,2501.16,claimed,Visakhapatnam,gifted,no,49,19.8,2,260.5,1,0,0,0,0.5
CP0693,U0268,CAT07,B024,percentage,37.7,299,2023-10-29,2024-04-14,3094.75,available,Chennai,purchased,yes,168,37.7,2,32.0,0,0,0,0,0.0
CP0694,U0480,CAT10,B035,percentage,23.8,299,2024-04-18,2024-09-02,4639.04,expired,Ahmedabad,purchased,no,137,23.8,1,163.0,0,0,0,1,0.0
CP0695,U0160,CAT01,B003,percentage,16.3,1499,2023-03-10,2023-04-11,978.99,expired,Coimbatore,gifted,yes,32,16.3,2,209.5,0,0,0,0,0.0
CP0696,U0453,CAT01,B004,percentage,10.0,199,2024-10-13,2025-08-25,1757.54,available,Kolkata,purchased,no,316,10.0,3,155.0,0,0,0,0,0.0
CP0697,U0278,CAT10,B035,percentage,62.5,1499,2023-09-18,2024-07-31,3313.87,available,Ahmedabad,purchased,yes,317,62.5,1,109.0,1,3,0,1,1.0
CP0698,U0331,CAT05,B018,percentage,12.7,1999,2024-06-18,2025-05-14,1945.59,claimed,Patna,earned,no,330,12.7,3,70.67,0,1,0,0,0.0
CP0699,U0476,CAT04,B014,percentage,22.4,1999,2023-08-10,2023-10-25,3093.87,available,Nagpur,referral,no,76,22.4,2,57.5,1,1,1,0,0.5
CP0700,U0168,CAT02,B005,percentage,65.5,299,2024-03-11,2024-12-07,2526.86,available,Coimbatore,gifted,no,271,65.5,2,109.5,0,0,0,0,0.0
CP0701,U0453,CAT08,B028,percentage,44.1,999,2024-06-27,2024-09-05,4218.85,swapped,Jaipur,earned,no,70,44.1,3,203.67,0,0,0,0,0.0
CP0702,U0286,CAT09,B031,percentage,64.2,499,2024-12-02,2025-03-03,3277.86,available,Kochi,referral,no,91,64.2,1,300.0,0,0,0,0,0.0
CP0703,U0192,CAT07,B024,percentage,70.7,199,2023-07-15,2024-02-25,4669.3,swapped,Kolkata,gifted,yes,225,70.7,0,0.0,0,0,0,0,0.0
CP0704,U0472,CAT01,B003,percentage,73.3,0,2023-09-17,2024-06-30,3053.53,available,Jaipur,earned,no,287,73.3,2,67.5,0,0,0,0,0.0
CP0705,U0442,CAT01,B003,percentage,9.3,1499,2024-08-08,2024-09-22,4641.5,swapped,Indore,gifted,no,45,9.3,0,0.0,0,0,0,0,0.0
CP0706,U0362,CAT09,B030,percentage,7.2,1499,2024-12-31,2025-04-18,925.69,swapped,Bengaluru,gifted,yes,108,7.2,2,18.5,0,0,0,1,0.0
CP0707,U0143,CAT01,B004,percentage,9.7,1999,2023-04-10,2024-02-12,1011.2,claimed,Mumbai,gifted,no,308,9.7,1,240.0,0,0,0,0,0.0
CP0708,U0429,CAT03,B011,percentage,75.5,1499,2024-02-17,2024-10-17,3364.72,available,Visakhapatnam,purchased,no,243,75.5,4,144.0,2,1,0,0,0.5
CP0709,U0210,CAT02,B006,percentage,25.7,199,2023-07-23,2024-05-06,3194.73,expired,Mumbai,gifted,no,288,25.7,0,0.0,2,2,1,1,0.0
CP0710,U0477,CAT02,B007,percentage,67.7,499,2023-03-30,2024-02-12,486.4,swapped,Chennai,earned,yes,319,67.7,1,277.0,1,0,0,0,1.0
CP0711,U0112,CAT06,B023,percentage,6.5,1499,2023-06-23,2023-07-28,1903.92,available,Pune,gifted,yes,35,6.5,2,144.5,0,0,0,0,0.0
CP0712,U0072,CAT03,B011,percentage,57.9,999,2023-07-02,2023-12-21,1611.93,available,Kolkata,purchased,yes,172,57.9,1,218.0,0,1,1,0,0.0
CP0713,U0182,CAT03,B011,percentage,38.0,999,2023-04-05,2024-01-10,1849.89,expired,Visakhapatnam,gifted,yes,280,38.0,2,106.0,2,0,0,0,1.0
CP0714,U0178,CAT01,B004,percentage,47.7,1499,2024-12-20,2025-08-29,4064.0,expired,Kolkata,gifted,no,252,47.7,2,145.0,1,0,0,0,0.5
CP0715,U0265,CAT02,B006,percentage,40.1,1499,2023-02-02,2023-05-02,3174.01,claimed,Indore,earned,no,89,40.1,8,208.25,1,2,1,0,0.125
CP0716,U0323,CAT10,B036,flat,50.0,299,2023-11-27,2024-02-18,4353.18,available,Bhopal,gifted,no,83,1.15,2,169.0,1,0,0,0,0.5
CP0717,U0280,CAT02,B006,flat,200.0,199,2023-06-16,2024-03-11,3772.62,available,Vadodara,gifted,no,269,5.3,5,124.8,1,0,0,1,0.2
CP0718,U0173,CAT07,B025,flat,200.0,499,2024-01-18,2024-12-20,3408.85,available,Pune,earned,yes,337,5.87,1,32.0,1,0,0,0,1.0
CP0719,U0084,CAT07,B025,flat,300.0,999,2024-08-30,2024-10-13,873.6,available,Vadodara,referral,yes,44,34.34,2,158.0,1,0,0,0,0.5
CP0720,U0159,CAT10,B034,percentage,30.0,1999,2023-02-25,2023-05-12,3840.82,expired,Indore,gifted,no,76,30.0,2,56.5,2,0,0,0,1.0
CP0721,U0095,CAT01,B002,percentage,17.9,199,2023-11-11,2024-01-21,4295.92,available,Pune,purchased,no,71,17.9,2,89.0,0,1,0,0,0.0
CP0722,U0358,CAT01,B004,percentage,12.5,199,2024-07-17,2025-03-05,4568.52,expired,Indore,earned,yes,231,12.5,4,179.5,0,0,0,1,0.0
CP0723,U0460,CAT07,B024,percentage,75.1,299,2024-02-14,2024-08-29,4107.97,expired,Bhopal,earned,yes,197,75.1,1,259.0,0,1,0,0,0.0
CP0724,U0092,CAT06,B022,flat,50.0,1999,2023-08-16,2024-07-22,1214.03,available,Visakhapatnam,earned,no,341,4.12,4,125.0,1,2,1,0,0.25
CP0725,U0223,CAT02,B006,percentage,19.1,0,2023-08-05,2024-02-05,1730.95,expired,Bhopal,purchased,no,184,19.1,4,80.75,0,0,0,1,0.0
CP0726,U0092,CAT07,B026,flat,50.0,199,2023-09-25,2024-05-27,2021.17,claimed,Hyderabad,gifted,yes,245,2.47,0,0.0,1,0,0,0,0.0
CP0727,U0164,CAT06,B023,flat,300.0,199,2023-01-13,2023-05-05,2894.68,available,Indore,purchased,no,112,10.36,4,136.75,1,2,0,0,0.25
CP0728,U0310,CAT07,B024,percentage,24.4,1999,2024-10-11,2025-01-08,4021.97,claimed,Kochi,earned,no,89,24.4,0,0.0,2,0,1,0,0.0
CP0729,U0389,CAT09,B031,percentage,18.4,499,2024-03-10,2025-01-06,4358.06,available,Mumbai,gifted,no,302,18.4,2,100.5,1,1,0,0,0.5
CP0730,U0445,CAT04,B016,percentage,39.9,499,2023-02-10,2023-05-13,2328.24,available,Vadodara,earned,no,92,39.9,1,21.0,0,1,0,0,0.0
CP0731,U0092,CAT07,B025,flat,50.0,299,2024-07-09,2024-12-22,1816.58,available,Surat,purchased,yes,166,2.75,2,138.0,0,0,0,0,0.0
CP0732,U0090,CAT10,B033,percentage,7.7,0,2024-02-10,2024-07-16,2698.18,available,Ahmedabad,earned,no,157,7.7,1,26.0,0,0,1,0,0.0
CP0733,U0235,CAT05,B019,flat,150.0,0,2024-06-20,2025-05-07,428.85,available,Ahmedabad,earned,yes,321,34.98,3,137.33,1,0,0,1,0.3333
CP0734,U0384,CAT07,B026,flat,75.0,299,2023-12-12,2024-12-02,2141.52,available,Jaipur,earned,yes,356,3.5,3,210.0,1,1,0,0,0.3333
CP0735,U0264,CAT07,B024,flat,200.0,999,2023-11-07,2024-10-17,4278.51,available,Delhi,gifted,no,345,4.67,2,43.0,0,0,0,0,0.0
CP0736,U0257,CAT04,B016,percentage,56.7,1499,2023-07-10,2023-12-28,276.42,available,Chennai,earned,no,171,56.7,1,82.0,1,0,0,0,1.0
CP0737,U0141,CAT01,B004,percentage,63.7,299,2024-11-03,2025-02-07,2339.08,expired,Surat,purchased,yes,96,63.7,3,180.33,0,0,0,0,0.0
CP0738,U0424,CAT01,B003,percentage,50.9,499,2024-12-30,2025-12-06,2960.18,claimed,Surat,gifted,no,341,50.9,1,191.0,0,0,0,0,0.0
CP0739,U0237,CAT09,B030,percentage,29.0,1999,2024-03-31,2024-07-16,3725.73,available,Chennai,earned,no,107,29.0,1,226.0,0,0,1,2,0.0
CP0740,U0288,CAT07,B024,flat,75.0,299,2024-10-08,2025-07-14,461.31,expired,Visakhapatnam,gifted,no,279,16.26,2,162.5,1,2,0,2,0.5
CP0741,U0300,CAT06,B022,flat,50.0,199,2023-06-09,2024-05-23,3140.11,claimed,Bhopal,referral,yes,349,1.59,1,231.0,0,2,0,0,0.0
CP0742,U0194,CAT05,B020,flat,300.0,999,2024-07-04,2024-10-09,4746.65,available,Chandigarh,purchased,yes,97,6.32,3,162.33,0,0,0,0,0.0
CP0743,U0210,CAT10,B035,percentage,16.9,299,2024-02-15,2024-12-22,3768.84,available,Vadodara,purchased,no,311,16.9,1,143.0,0,1,1,0,0.0
CP0744,U0254,CAT02,B007,percentage,44.9,1999,2023-08-19,2024-04-11,2346.37,expired,Indore,purchased,yes,236,44.9,2,174.5,1,0,0,0,0.5
CP0745,U0089,CAT07,B025,percentage,67.2,1499,2024-04-20,2025-04-20,4541.04,available,Bhopal,referral,no,365,67.2,2,153.5,0,0,0,0,0.0
CP0746,U0042,CAT04,B013,percentage,15.4,999,2024-09-26,2025-07-10,2874.39,available,Mumbai,gifted,yes,287,15.4,1,160.0,2,2,0,0,2.0
CP0747,U0453,CAT03,B012,flat,250.0,1999,2023-01-24,2023-12-27,3287.87,claimed,Kolkata,referral,yes,337,7.6,6,107.17,2,0,0,0,0.3333
CP0748,U0480,CAT08,B028,flat,150.0,1499,2023-06-29,2024-03-26,4610.86,available,Lucknow,purchased,yes,271,3.25,2,113.5,0,1,0,0,0.0
CP0749,U0408,CAT04,B016,percentage,56.3,199,2024-03-30,2024-08-30,4865.39,claimed,Hyderabad,earned,no,153,56.3,2,135.5,1,0,0,0,0.5
CP0750,U0350,CAT03,B010,percentage,77.2,1499,2023-01-08,2023-02-23,2061.42,claimed,Nagpur,referral,yes,46,77.2,0,0.0,0,0,0,0,0.0
CP0751,U0332,CAT07,B025,flat,500.0,999,2023-05-04,2024-04-08,3588.08,available,Delhi,purchased,no,340,13.94,0,0.0,0,0,1,1,0.0
CP0752,U0226,CAT01,B003,percentage,74.6,499,2024-10-06,2025-10-03,3947.75,available,Jaipur,earned,yes,362,74.6,2,101.0,1,0,0,0,0.5
CP0753,U0108,CAT03,B011,percentage,30.5,299,2023-09-06,2024-06-09,530.77,claimed,Bengaluru,gifted,no,277,30.5,2,121.0,0,0,1,0,0.0
CP0754,U0359,CAT04,B015,percentage,56.7,299,2023-12-05,2024-08-21,2862.74,claimed,Ahmedabad,purchased,no,260,56.7,0,0.0,0,1,0,1,0.0
CP0755,U0158,CAT01,B002,flat,250.0,1499,2024-12-31,2025-06-28,833.6,claimed,Nagpur,earned,no,179,29.99,0,0.0,0,0,0,0,0.0
CP0756,U0327,CAT03,B010,percentage,26.9,199,2024-01-29,2024-07-08,188.62,available,Lucknow,purchased,yes,161,26.9,2,190.0,0,0,0,0,0.0
CP0757,U0317,CAT05,B019,flat,500.0,199,2024-02-20,2024-11-20,4863.4,claimed,Patna,referral,no,274,10.28,1,89.0,0,0,0,0,0.0
CP0758,U0446,CAT09,B031,percentage,74.5,999,2024-10-25,2025-02-18,2436.16,claimed,Chandigarh,purchased,yes,116,74.5,1,232.0,0,0,0,0,0.0
CP0759,U0399,CAT06,B021,percentage,21.8,1499,2023-10-12,2024-09-17,3956.91,claimed,Kochi,gifted,yes,341,21.8,2,152.5,1,0,1,0,0.5
CP0760,U0205,CAT09,B030,flat,250.0,1499,2024-11-11,2024-12-27,539.26,available,Bengaluru,purchased,yes,46,46.36,4,136.75,2,0,0,0,0.5
CP0761,U0354,CAT01,B004,percentage,23.6,1499,2023-09-20,2024-01-21,4294.74,available,Indore,purchased,no,123,23.6,2,107.5,0,0,0,0,0.0
CP0762,U0268,CAT09,B031,percentage,19.3,299,2023-03-07,2023-06-12,351.28,available,Patna,earned,no,97,19.3,5,107.0,1,0,0,0,0.2
CP0763,U0038,CAT08,B027,percentage,63.6,199,2023-11-23,2024-11-11,2417.58,available,Nagpur,purchased,yes,354,63.6,2,264.5,0,0,0,0,0.0
CP0764,U0369,CAT10,B036,percentage,5.7,499,2024-03-16,2024-06-11,3898.11,available,Vadodara,earned,yes,87,5.7,6,179.17,1,0,0,0,0.1667
CP0765,U0260,CAT05,B020,percentage,41.9,499,2023-06-30,2024-01-14,2595.29,swapped,Lucknow,purchased,yes,198,41.9,0,0.0,0,0,0,0,0.0
CP0766,U0226,CAT06,B022,flat,500.0,0,2023-11-13,2024-10-28,4887.28,swapped,Nagpur,purchased,no,350,10.23,2,251.0,0,0,2,0,0.0
CP0767,U0049,CAT08,B027,percentage,62.0,1999,2024-11-20,2025-05-24,2243.83,claimed,Coimbatore,earned,yes,185,62.0,6,178.17,0,0,0,0,0.0
CP0768,U0242,CAT02,B006,percentage,42.6,0,2023-11-24,2024-09-20,3439.49,swapped,Kolkata,earned,yes,301,42.6,4,123.5,0,1,0,0,0.0
CP0769,U0313,CAT06,B021,percentage,34.7,1499,2023-06-25,2023-10-13,827.81,swapped,Nagpur,earned,no,110,34.7,1,27.0,1,1,1,0,1.0
CP0770,U0075,CAT05,B018,flat,400.0,299,2023-11-07,2024-06-13,1701.92,available,Surat,gifted,no,219,23.5,1,150.0,0,0,0,0,0.0
CP0771,U0496,CAT10,B036,flat,50.0,499,2024-02-18,2024-04-16,1800.38,expired,Indore,earned,yes,58,2.78,3,247.33,2,0,0,0,0.6667
CP0772,U0013,CAT04,B014,flat,200.0,299,2023-10-29,2024-06-06,2166.12,available,Coimbatore,earned,yes,221,9.23,4,128.75,0,0,0,0,0.0
CP0773,U0083,CAT04,B016,flat,75.0,299,2023-03-18,2023-08-19,3628.1,swapped,Patna,gifted,yes,154,2.07,0,0.0,1,0,0,1,0.0
CP0774,U0311,CAT07,B026,flat,400.0,999,2023-09-13,2024-03-04,1906.34,available,Surat,purchased,no,173,20.98,3,44.67,3,0,0,1,1.0
CP0775,U0397,CAT08,B028,percentage,15.1,1499,2023-03-17,2023-09-29,2098.2,available,Ahmedabad,earned,yes,196,15.1,3,194.67,2,1,0,0,0.6667
CP0776,U0286,CAT09,B030,percentage,29.6,999,2024-07-13,2024-12-23,4095.68,expired,Ahmedabad,earned,yes,163,29.6,1,113.0,1,0,0,0,1.0
CP0777,U0165,CAT06,B022,flat,400.0,499,2023-08-08,2023-12-10,1177.03,available,Kolkata,earned,no,124,33.98,2,144.5,1,0,0,0,0.5
CP0778,U0413,CAT05,B017,percentage,53.2,499,2024-03-13,2024-10-31,4000.58,expired,Delhi,referral,no,232,53.2,3,233.67,0,1,1,0,0.0
CP0779,U0252,CAT01,B004,flat,500.0,299,2023-12-01,2024-10-01,2895.34,claimed,Bengaluru,earned,yes,305,17.27,2,30.5,0,0,1,0,0.0
CP0780,U0313,CAT09,B030,flat,75.0,1499,2024-08-10,2025-05-06,4965.1,expired,Bhopal,earned,no,269,1.51,1,277.0,0,0,0,0,0.0
CP0781,U0295,CAT08,B029,percentage,29.8,299,2023-07-06,2024-07-01,2297.53,expired,Bhopal,referral,no,361,29.8,3,228.0,0,0,0,0,0.0
CP0782,U0116,CAT10,B035,percentage,67.1,299,2023-01-20,2023-02-23,2164.39,available,Pune,earned,no,34,67.1,3,167.67,0,1,1,0,0.0
CP0783,U0458,CAT09,B031,flat,150.0,1499,2024-08-11,2025-03-10,4342.85,available,Ahmedabad,purchased,yes,211,3.45,2,44.5,0,0,0,2,0.0
CP0784,U0277,CAT02,B005,percentage,75.8,299,2023-02-10,2023-05-16,4775.57,available,Surat,referral,yes,95,75.8,6,178.17,0,1,0,0,0.0
CP0785,U0396,CAT04,B015,percentage,79.3,299,2023-08-27,2024-01-15,185.12,swapped,Indore,purchased,no,141,79.3,1,70.0,2,1,1,0,2.0
CP0786,U0229,CAT01,B004,flat,150.0,499,2024-01-25,2024-03-20,2025.93,available,Chandigarh,earned,yes,55,7.4,1,174.0,1,0,0,0,1.0
CP0787,U0084,CAT02,B006,percentage,48.4,1999,2024-06-12,2024-09-12,1087.71,swapped,Vadodara,gifted,no,92,48.4,1,104.0,0,0,0,1,0.0
CP0788,U0245,CAT07,B024,percentage,11.8,299,2024-06-03,2025-01-03,2568.24,swapped,Mumbai,purchased,no,214,11.8,5,196.4,0,0,0,0,0.0
CP0789,U0485,CAT07,B024,percentage,75.9,1999,2023-03-08,2023-11-15,3277.41,available,Bengaluru,earned,no,252,75.9,5,246.0,0,1,0,2,0.0
CP0790,U0024,CAT08,B027,flat,200.0,199,2024-10-24,2025-05-07,4244.7,available,Mumbai,purchased,yes,195,4.71,1,73.0,1,0,0,0,1.0
CP0791,U0444,CAT03,B012,flat,50.0,1499,2024-09-02,2025-01-17,3321.71,available,Bhopal,earned,no,137,1.51,4,183.25,2,0,0,1,0.5
CP0792,U0187,CAT03,B010,flat,100.0,0,2024-11-15,2025-03-17,3943.46,available,Kolkata,gifted,no,122,2.54,1,49.0,0,2,0,1,0.0
CP0793,U0018,CAT05,B019,percentage,6.9,1499,2023-01-30,2023-10-27,4366.54,swapped,Delhi,gifted,yes,270,6.9,1,105.0,0,0,1,1,0.0
CP0794,U0034,CAT03,B009,percentage,72.3,0,2023-04-05,2023-12-05,4845.22,claimed,Bhopal,referral,no,244,72.3,0,0.0,1,1,0,0,0.0
CP0795,U0166,CAT03,B009,percentage,40.2,1499,2023-09-21,2023-12-25,2722.93,swapped,Hyderabad,gifted,yes,95,40.2,5,165.0,0,0,0,0,0.0
CP0796,U0338,CAT03,B010,percentage,65.4,0,2023-05-27,2023-10-19,3728.77,expired,Lucknow,referral,yes,145,65.4,0,0.0,1,0,0,0,0.0
CP0797,U0364,CAT04,B014,percentage,59.8,499,2023-11-05,2024-05-21,3358.36,claimed,Patna,referral,no,198,59.8,3,205.67,0,0,0,1,0.0
CP0798,U0383,CAT03,B011,percentage,54.6,1999,2024-08-16,2024-10-02,1955.9,available,Kolkata,referral,yes,47,54.6,3,117.33,0,1,1,0,0.0
CP0799,U0166,CAT03,B009,flat,150.0,0,2023-06-15,2024-02-03,2881.83,claimed,Kochi,purchased,no,233,5.21,2,110.0,1,1,0,0,0.5
CP0800,U0382,CAT08,B027,percentage,24.7,299,2024-03-26,2024-06-24,3294.53,claimed,Surat,gifted,yes,90,24.7,3,88.67,0,0,2,0,0.0
CP0801,U0340,CAT05,B019,flat,400.0,0,2024-07-16,2025-04-05,3356.66,available,Visakhapatnam,purchased,no,263,11.92,2,114.5,1,0,0,1,0.5
CP0802,U0500,CAT07,B026,percentage,45.7,499,2023-04-07,2023-08-31,4158.89,available,Lucknow,purchased,no,146,45.7,2,152.0,0,0,0,0,0.0
CP0803,U0094,CAT05,B020,percentage,78.8,499,2023-03-26,2024-01-08,4109.13,swapped,Visakhapatnam,purchased,yes,288,78.8,6,124.83,1,0,1,0,0.1667
CP0804,U0400,CAT01,B002,flat,250.0,199,2024-06-22,2025-05-25,2836.27,claimed,Delhi,earned,no,337,8.81,6,144.5,1,1,1,0,0.1667
CP0805,U0082,CAT09,B030,flat,500.0,0,2023-06-20,2024-01-27,3417.96,claimed,Vadodara,purchased,yes,221,14.63,1,259.0,0,0,0,0,0.0
CP0806,U0152,CAT09,B032,percentage,20.2,499,2023-02-20,2023-10-13,4509.74,swapped,Nagpur,gifted,yes,235,20.2,1,199.0,0,0,0,0,0.0
CP0807,U0107,CAT05,B017,percentage,58.1,1499,2024-11-15,2025-05-23,3084.93,swapped,Delhi,earned,yes,189,58.1,2,187.5,0,1,0,0,0.0
CP0808,U0331,CAT03,B012,flat,150.0,499,2024-02-05,2024-05-26,1985.45,available,Kochi,purchased,no,111,7.55,0,0.0,0,2,2,0,0.0
CP0809,U0106,CAT03,B012,percentage,60.5,499,2024-11-19,2025-03-06,754.92,available,Surat,purchased,yes,107,60.5,4,159.25,1,1,0,1,0.25
CP0810,U0119,CAT09,B031,percentage,62.9,1499,2024-09-04,2025-06-02,2219.45,expired,Coimbatore,earned,no,271,62.9,2,232.5,1,1,0,0,0.5
CP0811,U0196,CAT03,B009,flat,250.0,1999,2023-10-06,2023-11-25,4461.03,available,Indore,gifted,yes,50,5.6,5,189.2,0,0,0,0,0.0
CP0812,U0443,CAT08,B028,percentage,12.7,299,2024-09-09,2025-08-11,1244.4,expired,Nagpur,earned,no,336,12.7,2,204.0,0,0,0,0,0.0
CP0813,U0464,CAT07,B024,percentage,69.9,299,2023-10-14,2024-04-02,3219.31,available,Jaipur,referral,yes,171,69.9,0,0.0,1,0,0,0,0.0
CP0814,U0254,CAT01,B001,flat,400.0,199,2023-09-06,2024-07-31,2975.87,expired,Hyderabad,referral,no,329,13.44,1,198.0,0,0,0,0,0.0
CP0815,U0446,CAT09,B032,flat,300.0,1499,2024-09-13,2025-07-05,1943.81,claimed,Patna,earned,yes,295,15.43,2,84.5,0,1,0,0,0.0
CP0816,U0345,CAT10,B033,percentage,62.3,1499,2024-01-05,2024-11-27,4523.76,available,Chandigarh,earned,yes,327,62.3,1,175.0,0,0,0,0,0.0
CP0817,U0020,CAT06,B023,flat,400.0,499,2024-08-10,2025-06-03,4075.15,claimed,Bhopal,earned,yes,297,9.82,2,232.5,0,0,0,0,0.0
CP0818,U0472,CAT04,B014,percentage,75.9,499,2023-04-12,2023-10-08,4019.38,expired,Jaipur,gifted,no,179,75.9,1,105.0,1,1,0,0,1.0
CP0819,U0358,CAT06,B021,percentage,63.8,1499,2023-11-29,2024-08-19,1352.71,expired,Kolkata,earned,no,264,63.8,4,209.75,0,0,2,0,0.0
CP0820,U0171,CAT07,B025,flat,100.0,299,2024-05-26,2024-08-09,3101.19,expired,Pune,gifted,no,75,3.22,1,295.0,1,0,0,0,1.0
CP0821,U0096,CAT02,B005,percentage,28.5,1999,2024-05-24,2025-05-16,1944.35,available,Nagpur,gifted,no,357,28.5,0,0.0,0,0,0,0,0.0
CP0822,U0098,CAT06,B021,flat,250.0,999,2023-01-17,2023-04-14,1587.11,claimed,Coimbatore,purchased,yes,87,15.75,1,178.0,0,0,0,0,0.0
CP0823,U0365,CAT07,B026,flat,150.0,999,2023-04-06,2023-06-21,4577.75,expired,Jaipur,purchased,no,76,3.28,1,39.0,0,1,0,0,0.0
CP0824,U0315,CAT09,B031,percentage,74.1,999,2023-04-17,2023-10-14,4855.19,available,Pune,gifted,yes,180,74.1,1,14.0,0,0,1,1,0.0
CP0825,U0115,CAT04,B014,flat,200.0,1999,2023-01-27,2023-11-06,3490.64,available,Pune,gifted,yes,283,5.73,3,144.0,1,1,0,0,0.3333
CP0826,U0430,CAT03,B009,percentage,77.3,499,2024-09-18,2025-06-22,2101.9,claimed,Patna,purchased,yes,277,77.3,3,184.33,1,0,1,0,0.3333
CP0827,U0362,CAT09,B032,percentage,48.2,1999,2024-02-01,2024-07-13,4910.49,expired,Jaipur,gifted,no,163,48.2,2,78.5,0,0,0,1,0.0
CP0828,U0165,CAT04,B015,percentage,10.8,1999,2024-12-10,2025-03-18,4145.87,expired,Coimbatore,earned,yes,98,10.8,1,153.0,2,1,0,0,2.0
CP0829,U0369,CAT09,B032,percentage,28.5,299,2024-09-10,2025-02-03,3601.94,claimed,Coimbatore,earned,yes,146,28.5,2,128.5,1,0,1,0,0.5
CP0830,U0255,CAT08,B028,percentage,9.0,999,2024-09-25,2025-06-06,2209.11,swapped,Chennai,purchased,no,254,9.0,0,0.0,0,0,0,0,0.0
CP0831,U0033,CAT09,B032,percentage,31.1,1499,2024-12-24,2025-04-08,1804.34,swapped,Jaipur,earned,yes,105,31.1,0,0.0,0,1,0,0,0.0
CP0832,U0111,CAT10,B036,percentage,62.3,1499,2023-05-17,2024-01-04,2287.95,claimed,Lucknow,gifted,no,232,62.3,1,263.0,0,0,0,1,0.0
CP0833,U0301,CAT03,B011,flat,50.0,0,2024-12-30,2025-07-31,3884.37,available,Bengaluru,gifted,yes,213,1.29,0,0.0,0,1,0,0,0.0
CP0834,U0333,CAT04,B014,flat,100.0,499,2023-07-05,2023-08-19,3656.9,available,Hyderabad,referral,no,45,2.73,2,77.5,0,0,1,0,0.0
CP0835,U0050,CAT07,B025,flat,100.0,299,2023-12-18,2024-04-19,1808.03,expired,Jaipur,gifted,yes,123,5.53,2,143.0,0,1,0,0,0.0
CP0836,U0042,CAT05,B020,percentage,31.3,299,2024-10-24,2025-10-13,2286.05,available,Jaipur,purchased,yes,354,31.3,0,0.0,1,0,0,1,0.0
CP0837,U0494,CAT09,B030,flat,75.0,999,2023-06-22,2023-07-22,112.26,available,Lucknow,purchased,no,30,66.81,1,212.0,1,0,0,0,1.0
CP0838,U0112,CAT02,B006,percentage,51.6,299,2023-07-06,2024-05-05,529.98,expired,Ahmedabad,earned,yes,304,51.6,6,191.5,1,0,0,1,0.1667
CP0839,U0417,CAT08,B029,flat,100.0,1999,2024-06-03,2024-09-17,2253.28,claimed,Coimbatore,referral,yes,106,4.44,4,185.0,3,1,0,0,0.75
CP0840,U0086,CAT05,B019,percentage,56.2,0,2024-08-27,2025-06-18,2513.37,claimed,Vadodara,referral,no,295,56.2,1,241.0,1,0,0,0,1.0
CP0841,U0034,CAT09,B031,flat,75.0,299,2024-11-15,2025-09-24,1268.8,available,Nagpur,purchased,no,313,5.91,4,139.25,3,1,0,0,0.75
CP0842,U0051,CAT01,B003,percentage,78.7,1999,2024-05-06,2025-04-03,2623.23,expired,Surat,referral,no,332,78.7,5,126.6,0,0,1,0,0.0
CP0843,U0150,CAT09,B032,percentage,29.0,1499,2024-04-03,2024-08-12,2160.28,available,Bengaluru,gifted,no,131,29.0,1,91.0,1,0,1,0,1.0
CP0844,U0403,CAT02,B007,percentage,50.7,1999,2023-11-10,2024-08-20,1471.61,expired,Delhi,gifted,yes,284,50.7,3,167.0,0,0,1,0,0.0
CP0845,U0089,CAT04,B013,percentage,49.1,1499,2024-08-07,2025-06-10,1602.59,available,Mumbai,purchased,no,307,49.1,2,174.0,2,0,1,0,1.0
CP0846,U0379,CAT07,B024,percentage,45.3,999,2024-12-01,2025-08-10,2643.72,available,Kochi,earned,yes,252,45.3,3,151.67,0,0,0,0,0.0
CP0847,U0038,CAT04,B013,percentage,18.9,1499,2023-08-15,2024-02-24,1057.86,available,Vadodara,purchased,no,193,18.9,2,154.5,0,0,1,0,0.0
CP0848,U0091,CAT04,B013,flat,50.0,499,2023-09-04,2024-03-21,4141.53,available,Chandigarh,purchased,yes,199,1.21,3,32.0,0,0,0,1,0.0
CP0849,U0364,CAT10,B034,percentage,24.4,1999,2024-03-08,2025-01-24,4515.33,available,Jaipur,gifted,yes,322,24.4,4,147.5,0,0,0,0,0.0
CP0850,U0130,CAT07,B025,percentage,68.2,999,2023-07-14,2024-04-18,101.63,expired,Delhi,earned,no,279,68.2,0,0.0,0,0,0,1,0.0
CP0851,U0035,CAT03,B010,percentage,13.6,199,2023-06-12,2024-03-18,2707.85,available,Jaipur,referral,no,280,13.6,4,166.75,0,0,1,0,0.0
CP0852,U0203,CAT05,B019,percentage,47.8,1999,2023-04-22,2023-07-22,4433.72,available,Bengaluru,earned,no,91,47.8,3,151.0,0,0,0,0,0.0
CP0853,U0058,CAT04,B014,percentage,7.7,199,2024-05-05,2024-07-29,238.25,available,Bengaluru,earned,yes,85,7.7,1,289.0,0,0,0,0,0.0
CP0854,U0306,CAT04,B016,percentage,37.9,1999,2023-05-27,2024-02-07,253.21,swapped,Kolkata,earned,no,256,37.9,0,0.0,0,3,0,0,0.0
CP0855,U0180,CAT01,B001,flat,250.0,499,2023-09-14,2024-01-11,1043.21,claimed,Chandigarh,gifted,no,119,23.96,1,273.0,0,1,0,1,0.0
CP0856,U0013,CAT09,B030,percentage,52.0,1999,2023-12-10,2024-08-20,2230.63,expired,Vadodara,gifted,yes,254,52.0,1,172.0,0,0,0,0,0.0
CP0857,U0274,CAT03,B011,percentage,56.4,0,2024-02-24,2024-12-15,3112.0,available,Surat,gifted,yes,295,56.4,4,155.75,0,1,0,0,0.0
CP0858,U0394,CAT02,B006,percentage,5.3,999,2023-03-01,2023-10-15,642.23,available,Delhi,earned,yes,228,5.3,0,0.0,1,0,0,0,0.0
CP0859,U0199,CAT01,B004,flat,300.0,499,2023-10-17,2024-09-26,4555.69,available,Nagpur,earned,no,345,6.59,4,112.75,0,0,0,0,0.0
CP0860,U0451,CAT08,B028,flat,100.0,299,2024-04-10,2025-02-08,1158.01,available,Chennai,referral,no,304,8.64,1,183.0,1,0,0,0,1.0
CP0861,U0022,CAT05,B018,percentage,6.6,499,2023-11-04,2024-02-15,2081.34,swapped,Pune,referral,yes,103,6.6,4,123.0,1,0,0,0,0.25
CP0862,U0376,CAT06,B021,flat,300.0,499,2024-03-03,2024-11-23,2247.27,available,Kochi,gifted,no,265,13.35,4,173.25,1,0,0,0,0.25
CP0863,U0486,CAT03,B010,percentage,58.4,1999,2024-08-05,2024-12-12,3660.07,expired,Kochi,referral,no,129,58.4,1,7.0,1,0,0,1,1.0
CP0864,U0278,CAT06,B023,percentage,34.5,1499,2024-04-26,2024-07-20,2288.98,swapped,Vadodara,gifted,yes,85,34.5,1,299.0,1,1,0,1,1.0
CP0865,U0222,CAT04,B015,percentage,16.8,199,2024-01-29,2024-11-18,4718.84,available,Kolkata,gifted,yes,294,16.8,3,138.67,0,2,0,0,0.0
CP0866,U0211,CAT05,B018,percentage,48.1,299,2023-07-22,2023-11-06,2369.47,swapped,Ahmedabad,earned,no,107,48.1,2,256.0,1,0,0,0,0.5
CP0867,U0347,CAT06,B023,flat,500.0,0,2024-10-05,2024-11-22,3945.46,available,Mumbai,referral,yes,48,12.67,3,172.33,0,2,0,0,0.0
CP0868,U0491,CAT06,B021,percentage,72.6,199,2023-07-27,2023-11-11,1572.43,available,Vadodara,referral,no,107,72.6,2,44.5,1,0,1,0,0.5
CP0869,U0411,CAT08,B028,flat,200.0,999,2023-11-07,2024-01-27,841.07,swapped,Chennai,gifted,no,81,23.78,1,70.0,2,1,0,0,2.0
CP0870,U0500,CAT03,B012,flat,200.0,0,2024-12-07,2025-05-13,3336.15,available,Indore,purchased,yes,157,5.99,1,213.0,0,1,2,0,0.0
CP0871,U0353,CAT03,B012,percentage,40.8,1999,2023-01-21,2023-12-17,1843.8,available,Patna,purchased,yes,330,40.8,2,51.5,2,1,0,2,1.0
CP0872,U0036,CAT08,B029,percentage,71.4,199,2023-03-29,2023-11-03,717.97,available,Chandigarh,referral,yes,219,71.4,1,71.0,0,0,1,0,0.0
CP0873,U0309,CAT04,B015,percentage,64.5,1999,2023-03-27,2023-10-24,2499.01,claimed,Patna,gifted,yes,211,64.5,0,0.0,1,0,2,0,0.0
CP0874,U0251,CAT06,B022,percentage,26.0,299,2024-06-16,2024-07-28,4533.79,available,Pune,earned,no,42,26.0,1,88.0,2,0,0,0,2.0
CP0875,U0338,CAT08,B028,percentage,25.5,0,2024-11-03,2025-07-25,1697.95,available,Vadodara,purchased,yes,264,25.5,1,269.0,0,0,0,0,0.0
CP0876,U0356,CAT05,B020,percentage,40.3,1499,2024-02-02,2024-03-21,1387.9,available,Kochi,earned,no,48,40.3,1,278.0,2,0,0,0,2.0
CP0877,U0099,CAT07,B026,percentage,75.7,499,2023-09-25,2024-08-02,1444.12,available,Indore,referral,yes,312,75.7,0,0.0,0,0,0,0,0.0
CP0878,U0125,CAT06,B023,flat,50.0,0,2023-05-12,2023-08-04,926.68,available,Patna,earned,yes,84,5.4,0,0.0,0,0,2,0,0.0
CP0879,U0080,CAT02,B005,flat,250.0,999,2024-09-24,2024-11-29,3149.33,swapped,Indore,earned,no,66,7.94,1,238.0,2,0,1,0,2.0
CP0880,U0047,CAT02,B005,percentage,15.4,1499,2023-03-25,2023-07-28,4759.39,available,Pune,purchased,yes,125,15.4,1,142.0,0,1,1,0,0.0
CP0881,U0310,CAT07,B025,percentage,19.4,1499,2023-07-22,2024-04-30,971.02,available,Patna,referral,yes,283,19.4,2,296.0,2,0,0,0,1.0
CP0882,U0074,CAT08,B027,percentage,11.0,999,2023-07-22,2024-01-02,2898.4,available,Hyderabad,earned,yes,164,11.0,0,0.0,0,2,0,0,0.0
CP0883,U0326,CAT04,B014,flat,150.0,1999,2023-06-16,2024-02-03,2981.93,claimed,Visakhapatnam,earned,yes,232,5.03,1,267.0,0,0,1,0,0.0
CP0884,U0336,CAT07,B025,flat,150.0,1499,2024-06-27,2024-07-30,1295.76,expired,Bengaluru,purchased,no,33,11.58,1,201.0,0,0,0,0,0.0
CP0885,U0346,CAT06,B023,percentage,61.7,1999,2024-03-16,2024-05-25,4498.27,available,Bengaluru,gifted,no,70,61.7,1,102.0,1,0,0,0,1.0
CP0886,U0184,CAT10,B033,percentage,59.5,1499,2023-11-23,2024-08-09,4064.28,available,Lucknow,earned,no,260,59.5,1,275.0,0,0,1,0,0.0
CP0887,U0210,CAT09,B032,percentage,49.0,499,2023-02-13,2023-09-11,4405.87,available,Chandigarh,gifted,no,210,49.0,3,104.67,1,0,0,0,0.3333
CP0888,U0448,CAT08,B027,percentage,61.3,199,2024-03-05,2024-04-16,3951.91,available,Ahmedabad,gifted,yes,42,61.3,4,196.25,0,2,0,0,0.0
CP0889,U0112,CAT07,B026,flat,100.0,0,2024-08-30,2025-01-01,131.13,claimed,Jaipur,gifted,yes,124,76.26,3,136.0,1,2,1,0,0.3333
CP0890,U0117,CAT08,B028,percentage,67.2,199,2024-07-16,2025-01-04,2458.35,expired,Bhopal,gifted,yes,172,67.2,3,154.0,0,0,0,0,0.0
CP0891,U0362,CAT08,B029,percentage,77.1,499,2023-03-10,2023-09-21,3058.7,available,Visakhapatnam,referral,yes,195,77.1,1,265.0,0,0,0,0,0.0
CP0892,U0323,CAT07,B025,percentage,28.1,299,2023-06-12,2024-01-01,3436.08,available,Hyderabad,earned,no,203,28.1,2,206.5,1,0,0,0,0.5
CP0893,U0290,CAT06,B023,percentage,56.6,499,2023-05-12,2023-12-17,362.47,available,Bhopal,purchased,no,219,56.6,6,199.33,0,0,0,0,0.0
CP0894,U0285,CAT04,B015,percentage,72.6,299,2024-05-02,2024-10-22,2907.24,available,Kolkata,referral,no,173,72.6,2,106.5,0,0,0,0,0.0
CP0895,U0289,CAT10,B034,flat,150.0,499,2023-09-13,2024-06-19,4458.26,available,Hyderabad,gifted,yes,280,3.36,1,153.0,0,0,0,0,0.0
CP0896,U0035,CAT10,B035,percentage,41.8,499,2024-09-09,2025-02-22,1978.4,available,Jaipur,earned,no,166,41.8,1,153.0,1,0,0,0,1.0
CP0897,U0423,CAT01,B004,percentage,52.5,999,2023-12-02,2024-07-01,2438.64,available,Jaipur,referral,no,212,52.5,3,107.33,0,3,2,0,0.0
CP0898,U0491,CAT06,B023,flat,150.0,999,2024-10-23,2025-02-26,3045.15,available,Delhi,earned,yes,126,4.93,1,8.0,0,1,0,0,0.0
CP0899,U0153,CAT09,B032,percentage,64.3,299,2024-03-09,2024-04-13,1060.99,available,Mumbai,earned,no,35,64.3,2,153.5,0,0,1,0,0.0
CP0900,U0321,CAT02,B007,percentage,73.2,499,2023-06-01,2024-02-14,2798.56,claimed,Surat,purchased,no,258,73.2,1,129.0,0,0,0,0,0.0
CP0901,U0301,CAT08,B028,percentage,50.5,199,2023-10-19,2024-02-09,1647.88,available,Delhi,referral,no,113,50.5,0,0.0,1,1,0,0,0.0
CP0902,U0322,CAT06,B021,percentage,59.0,499,2024-07-17,2024-08-29,3249.33,available,Surat,earned,yes,43,59.0,0,0.0,0,1,0,0,0.0
CP0903,U0371,CAT05,B019,percentage,47.6,1499,2024-06-07,2024-08-04,3582.64,claimed,Bengaluru,purchased,yes,58,47.6,2,138.5,1,0,0,0,0.5
CP0904,U0498,CAT09,B030,flat,150.0,299,2023-04-05,2023-11-05,1723.88,available,Bengaluru,gifted,yes,214,8.7,0,0.0,1,0,0,0,0.0
CP0905,U0422,CAT09,B031,percentage,34.7,0,2023-06-08,2024-04-13,4081.1,available,Hyderabad,earned,no,310,34.7,3,115.67,0,1,0,0,0.0
CP0906,U0330,CAT04,B014,percentage,56.3,1999,2023-01-25,2023-03-22,3501.57,claimed,Delhi,purchased,yes,56,56.3,1,50.0,1,0,1,0,1.0
CP0907,U0010,CAT03,B010,percentage,29.2,999,2024-10-11,2025-05-31,3839.41,claimed,Bhopal,earned,yes,232,29.2,7,187.14,1,0,0,0,0.1429
CP0908,U0360,CAT04,B013,percentage,48.7,0,2023-01-08,2023-08-04,2928.84,available,Chennai,gifted,yes,208,48.7,0,0.0,0,0,0,0,0.0
CP0909,U0192,CAT09,B030,flat,200.0,999,2023-09-30,2024-08-09,1972.68,expired,Vadodara,purchased,yes,314,10.14,0,0.0,0,0,1,0,0.0
CP0910,U0229,CAT06,B022,percentage,53.8,999,2024-04-07,2024-05-21,4840.29,expired,Chandigarh,purchased,yes,44,53.8,2,273.0,0,1,0,0,0.0
CP0911,U0377,CAT01,B004,flat,150.0,1499,2023-07-24,2024-06-09,1528.12,expired,Kolkata,referral,no,321,9.82,1,91.0,1,0,0,0,1.0
CP0912,U0112,CAT06,B022,percentage,52.0,999,2024-08-03,2025-01-09,167.87,available,Chennai,referral,yes,159,52.0,2,72.0,4,0,1,1,2.0
CP0913,U0386,CAT08,B029,percentage,29.6,199,2024-02-05,2025-01-08,4608.05,claimed,Vadodara,purchased,yes,338,29.6,4,158.25,1,0,0,0,0.25
CP0914,U0439,CAT02,B005,flat,50.0,0,2024-09-26,2024-11-20,4736.6,swapped,Lucknow,gifted,yes,55,1.06,4,176.25,1,0,0,0,0.25
CP0915,U0039,CAT02,B005,percentage,53.4,299,2024-03-09,2024-10-15,2116.56,available,Delhi,referral,no,220,53.4,5,170.2,1,1,0,0,0.2
CP0916,U0471,CAT03,B011,percentage,74.9,1499,2023-07-29,2023-10-28,3734.09,expired,Mumbai,referral,no,91,74.9,3,137.0,0,1,0,1,0.0
CP0917,U0356,CAT03,B009,percentage,59.4,999,2024-04-11,2025-03-03,1402.02,available,Patna,gifted,yes,326,59.4,0,0.0,1,0,2,0,0.0
CP0918,U0222,CAT04,B013,percentage,33.3,1999,2023-02-08,2023-11-19,2355.22,available,Mumbai,earned,yes,284,33.3,3,150.0,0,0,0,0,0.0
CP0919,U0013,CAT02,B007,flat,400.0,1499,2023-07-27,2024-01-09,1396.21,swapped,Pune,earned,yes,166,28.65,3,183.0,3,0,0,0,1.0
CP0920,U0147,CAT01,B004,percentage,57.7,299,2023-08-26,2023-10-19,487.66,available,Nagpur,gifted,no,54,57.7,3,172.67,0,0,0,0,0.0
CP0921,U0209,CAT06,B023,percentage,15.9,199,2024-10-16,2025-05-11,2922.05,available,Kochi,earned,yes,207,15.9,0,0.0,0,2,1,0,0.0
CP0922,U0309,CAT08,B029,percentage,32.0,299,2024-03-18,2024-05-31,4429.62,available,Kochi,earned,no,74,32.0,3,199.67,1,0,0,0,0.3333
CP0923,U0075,CAT09,B032,percentage,8.2,999,2024-06-02,2025-05-18,1741.17,claimed,Chennai,referral,yes,350,8.2,5,115.0,0,1,0,1,0.0
CP0924,U0279,CAT04,B016,percentage,36.4,0,2023-04-25,2024-02-05,2621.87,claimed,Jaipur,referral,yes,286,36.4,2,133.5,0,0,0,0,0.0
CP0925,U0480,CAT04,B015,percentage,29.4,499,2024-01-18,2024-11-23,2639.45,expired,Pune,earned,no,310,29.4,3,224.67,2,0,0,0,0.6667
CP0926,U0367,CAT02,B006,percentage,39.0,0,2024-12-11,2025-04-16,4471.26,swapped,Hyderabad,gifted,yes,126,39.0,1,65.0,1,0,0,0,1.0
CP0927,U0327,CAT05,B018,flat,200.0,0,2023-08-03,2024-06-05,4760.18,available,Mumbai,purchased,yes,307,4.2,1,86.0,1,0,0,0,1.0
CP0928,U0232,CAT04,B014,flat,75.0,0,2023-03-10,2023-08-16,2138.49,available,Chandigarh,purchased,no,159,3.51,2,113.0,1,1,0,0,0.5
CP0929,U0471,CAT06,B022,percentage,27.8,499,2024-09-26,2025-08-23,3194.34,claimed,Nagpur,referral,no,331,27.8,2,195.5,1,0,1,0,0.5
CP0930,U0395,CAT06,B022,percentage,57.5,0,2024-01-28,2024-11-28,2142.37,claimed,Kochi,referral,no,305,57.5,0,0.0,1,0,0,0,0.0
CP0931,U0130,CAT01,B004,percentage,41.6,999,2023-03-30,2023-12-28,505.64,available,Hyderabad,gifted,no,273,41.6,2,18.5,0,1,0,0,0.0
CP0932,U0111,CAT04,B016,percentage,28.2,999,2024-12-21,2025-09-08,2082.51,available,Ahmedabad,earned,yes,261,28.2,1,269.0,0,1,1,0,0.0
CP0933,U0199,CAT09,B031,percentage,18.6,1999,2023-10-09,2024-08-23,4628.65,expired,Delhi,purchased,yes,319,18.6,1,114.0,0,0,0,0,0.0
CP0934,U0149,CAT09,B031,percentage,38.9,999,2023-06-16,2023-08-05,1690.51,available,Ahmedabad,referral,yes,50,38.9,4,140.25,4,0,0,2,1.0
CP0935,U0396,CAT04,B016,percentage,5.4,499,2024-10-31,2025-02-28,267.18,available,Surat,referral,no,120,5.4,1,22.0,0,0,0,0,0.0
CP0936,U0072,CAT04,B016,flat,75.0,199,2023-04-14,2023-08-06,3714.76,swapped,Patna,purchased,no,114,2.02,2,230.5,3,1,0,2,1.5
CP0937,U0326,CAT06,B023,percentage,58.1,999,2024-12-11,2025-07-17,576.32,claimed,Jaipur,gifted,no,218,58.1,4,197.0,0,0,0,0,0.0
CP0938,U0244,CAT02,B005,percentage,70.8,499,2024-11-11,2025-06-12,2560.21,available,Ahmedabad,purchased,yes,213,70.8,2,72.0,0,0,0,0,0.0
CP0939,U0192,CAT02,B006,flat,400.0,999,2024-11-06,2025-09-11,1351.88,available,Chennai,earned,yes,309,29.59,1,273.0,2,1,0,0,2.0
CP0940,U0006,CAT09,B030,percentage,16.1,299,2023-05-17,2024-01-02,346.97,expired,Hyderabad,gifted,no,230,16.1,1,293.0,0,0,0,0,0.0
CP0941,U0441,CAT10,B033,percentage,65.9,499,2023-11-24,2024-04-26,4016.07,available,Nagpur,gifted,yes,154,65.9,0,0.0,0,0,1,0,0.0
CP0942,U0075,CAT02,B006,percentage,52.5,1499,2024-07-08,2024-09-12,678.43,claimed,Bengaluru,gifted,yes,66,52.5,3,189.0,2,0,1,0,0.6667
CP0943,U0481,CAT10,B034,percentage,61.5,199,2024-10-02,2025-05-05,4148.48,available,Bhopal,purchased,no,215,61.5,1,169.0,0,1,0,0,0.0
CP0944,U0231,CAT07,B024,percentage,59.5,999,2024-01-18,2024-09-04,4190.04,available,Ahmedabad,gifted,no,230,59.5,4,167.5,0,1,1,0,0.0
CP0945,U0308,CAT03,B010,percentage,26.6,0,2023-03-18,2023-11-24,2115.72,claimed,Ahmedabad,earned,yes,251,26.6,7,186.71,2,0,0,1,0.2857
CP0946,U0429,CAT06,B022,percentage,39.8,999,2023-12-16,2024-06-18,3046.21,swapped,Nagpur,gifted,no,185,39.8,1,5.0,1,2,0,0,1.0
CP0947,U0273,CAT10,B034,percentage,11.8,999,2024-05-16,2024-12-07,3101.01,available,Jaipur,referral,no,205,11.8,2,134.0,0,0,0,0,0.0
CP0948,U0098,CAT10,B034,percentage,72.9,299,2023-09-03,2024-07-18,4863.09,available,Surat,gifted,no,319,72.9,2,47.0,1,1,0,2,0.5
CP0949,U0456,CAT05,B019,percentage,55.2,1999,2023-07-12,2024-06-19,739.42,expired,Lucknow,purchased,no,343,55.2,1,236.0,1,0,0,1,1.0
CP0950,U0089,CAT09,B032,percentage,64.9,0,2024-08-18,2025-06-10,3636.73,swapped,Pune,purchased,no,296,64.9,0,0.0,0,1,0,0,0.0
CP0951,U0236,CAT03,B012,percentage,34.4,999,2023-10-05,2024-08-20,1739.93,available,Bengaluru,purchased,no,320,34.4,2,166.0,0,0,1,0,0.0
CP0952,U0233,CAT09,B031,percentage,19.2,999,2023-09-18,2024-06-27,2938.74,available,Patna,gifted,no,283,19.2,2,157.0,2,1,1,1,1.0
CP0953,U0224,CAT01,B004,percentage,41.7,499,2023-04-21,2024-01-19,1600.05,available,Hyderabad,gifted,yes,273,41.7,3,208.33,2,0,0,0,0.6667
CP0954,U0402,CAT01,B001,percentage,46.1,0,2023-10-02,2024-01-05,4632.45,expired,Kolkata,purchased,yes,95,46.1,4,152.0,0,0,0,0,0.0
CP0955,U0221,CAT01,B001,percentage,51.8,199,2023-10-11,2024-04-03,1190.92,claimed,Patna,earned,no,175,51.8,1,56.0,1,0,0,0,1.0
CP0956,U0413,CAT04,B014,percentage,48.8,1999,2023-08-14,2023-12-09,1947.2,claimed,Mumbai,referral,yes,117,48.8,1,122.0,0,0,1,1,0.0
CP0957,U0433,CAT10,B035,flat,75.0,499,2023-04-08,2023-09-11,1143.82,claimed,Chennai,referral,yes,156,6.56,2,164.0,1,0,0,0,0.5
CP0958,U0441,CAT05,B017,percentage,55.3,999,2024-03-21,2025-02-10,4255.47,available,Pune,purchased,yes,326,55.3,2,154.5,0,0,0,0,0.0
CP0959,U0385,CAT07,B026,percentage,16.3,499,2024-01-29,2025-01-07,163.98,expired,Kolkata,referral,no,344,16.3,1,145.0,2,1,0,1,2.0
CP0960,U0199,CAT07,B026,percentage,6.6,1999,2024-06-03,2025-05-14,2238.84,available,Ahmedabad,earned,no,345,6.6,2,199.5,1,0,0,0,0.5
CP0961,U0128,CAT03,B012,percentage,28.6,1499,2024-02-19,2024-08-07,1488.86,available,Vadodara,referral,yes,170,28.6,0,0.0,1,1,0,1,0.0
CP0962,U0200,CAT10,B034,percentage,9.9,999,2024-12-31,2025-02-10,1758.66,available,Nagpur,gifted,no,41,9.9,4,190.0,0,0,0,0,0.0
CP0963,U0467,CAT07,B024,percentage,31.1,299,2023-10-03,2024-05-07,2418.73,available,Patna,earned,yes,217,31.1,3,127.0,0,1,0,0,0.0
CP0964,U0048,CAT01,B004,percentage,62.1,999,2023-04-03,2023-07-23,3491.8,available,Bengaluru,gifted,no,111,62.1,2,227.0,0,0,0,0,0.0
CP0965,U0118,CAT08,B027,percentage,69.4,499,2023-10-13,2024-02-15,1592.41,claimed,Pune,referral,yes,125,69.4,1,209.0,1,1,0,0,1.0
CP0966,U0121,CAT10,B034,percentage,40.3,0,2024-03-09,2024-07-02,4048.26,available,Bengaluru,purchased,yes,115,40.3,1,250.0,1,1,0,0,1.0
CP0967,U0371,CAT05,B018,percentage,63.4,199,2024-07-20,2025-02-23,805.96,swapped,Pune,earned,no,218,63.4,1,56.0,0,0,0,0,0.0
CP0968,U0202,CAT03,B011,percentage,6.6,199,2024-05-31,2024-07-29,876.66,claimed,Ahmedabad,purchased,no,59,6.6,0,0.0,0,1,0,0,0.0
CP0969,U0366,CAT10,B035,percentage,39.1,199,2024-12-28,2025-03-24,852.33,claimed,Delhi,purchased,no,86,39.1,4,177.0,0,0,0,0,0.0
CP0970,U0282,CAT03,B009,percentage,44.7,999,2024-05-16,2025-01-03,3644.86,swapped,Indore,referral,no,232,44.7,1,235.0,1,1,0,0,1.0
CP0971,U0258,CAT10,B036,flat,500.0,1999,2024-02-22,2024-06-16,2523.65,expired,Kolkata,purchased,no,115,19.81,1,85.0,0,0,0,0,0.0
CP0972,U0192,CAT05,B017,percentage,35.9,0,2024-01-20,2024-07-21,1607.0,available,Mumbai,purchased,yes,183,35.9,2,243.5,0,1,0,0,0.0
CP0973,U0203,CAT08,B029,flat,100.0,199,2024-10-26,2025-04-28,754.46,swapped,Indore,purchased,no,184,13.25,1,33.0,0,0,0,0,0.0
CP0974,U0213,CAT08,B029,percentage,71.2,0,2024-04-19,2024-07-24,1264.56,available,Hyderabad,purchased,yes,96,71.2,7,171.14,0,0,0,0,0.0
CP0975,U0151,CAT06,B022,flat,300.0,299,2023-03-21,2024-02-20,4114.42,claimed,Delhi,referral,no,336,7.29,0,0.0,0,0,0,0,0.0
CP0976,U0006,CAT02,B007,percentage,28.3,0,2024-06-02,2024-09-24,772.4,expired,Jaipur,purchased,yes,114,28.3,2,208.0,0,0,0,1,0.0
CP0977,U0178,CAT09,B031,percentage,35.3,999,2024-09-19,2025-06-11,1666.4,available,Visakhapatnam,earned,no,265,35.3,5,225.8,0,0,0,1,0.0
CP0978,U0374,CAT08,B028,flat,50.0,1499,2024-11-13,2025-09-19,2853.44,available,Ahmedabad,referral,no,310,1.75,2,100.0,0,0,0,0,0.0
CP0979,U0391,CAT06,B023,flat,200.0,199,2023-05-28,2023-09-07,511.29,available,Chandigarh,purchased,yes,102,39.12,0,0.0,2,0,0,0,0.0
CP0980,U0100,CAT05,B017,flat,150.0,499,2024-03-04,2025-01-19,4007.38,swapped,Bhopal,gifted,no,321,3.74,2,229.0,0,0,0,1,0.0
CP0981,U0373,CAT04,B013,flat,100.0,499,2023-02-08,2023-07-23,3945.71,available,Chennai,referral,no,165,2.53,5,171.4,1,1,0,0,0.2
CP0982,U0436,CAT02,B005,flat,250.0,499,2024-09-23,2025-05-01,4780.56,available,Coimbatore,gifted,no,220,5.23,1,216.0,1,0,0,1,1.0
CP0983,U0350,CAT06,B023,percentage,56.1,299,2024-08-26,2025-06-18,4040.64,expired,Pune,purchased,yes,296,56.1,2,135.5,0,0,0,1,0.0
CP0984,U0499,CAT07,B025,percentage,75.5,1499,2023-11-04,2024-08-15,4957.0,available,Patna,gifted,no,285,75.5,2,285.0,1,1,0,1,0.5
CP0985,U0238,CAT02,B006,percentage,68.3,199,2023-08-13,2024-01-17,4633.96,expired,Visakhapatnam,gifted,no,157,68.3,0,0.0,1,0,0,2,0.0
CP0986,U0247,CAT07,B026,percentage,11.1,1499,2023-06-16,2024-05-30,378.29,available,Delhi,gifted,no,349,11.1,3,235.33,0,0,1,0,0.0
CP0987,U0158,CAT03,B012,percentage,7.3,199,2024-01-15,2024-04-14,2458.27,swapped,Chandigarh,earned,no,90,7.3,1,18.0,1,0,1,0,1.0
CP0988,U0082,CAT07,B024,percentage,50.8,999,2023-06-18,2024-01-06,1669.36,available,Bengaluru,purchased,yes,202,50.8,1,33.0,1,0,0,1,1.0
CP0989,U0078,CAT01,B002,percentage,41.9,0,2023-04-05,2024-03-31,60.33,available,Ahmedabad,purchased,no,361,41.9,4,93.75,2,0,0,0,0.5
CP0990,U0052,CAT06,B023,percentage,8.0,0,2023-11-14,2024-05-31,4981.76,available,Delhi,earned,yes,199,8.0,1,269.0,0,0,1,0,0.0
CP0991,U0304,CAT03,B012,flat,400.0,299,2023-04-21,2023-10-04,3096.4,claimed,Vadodara,purchased,yes,166,12.92,2,173.5,0,0,0,0,0.0
CP0992,U0050,CAT08,B029,flat,100.0,499,2024-10-20,2025-08-09,3052.09,expired,Delhi,gifted,no,293,3.28,1,140.0,0,0,1,0,0.0
CP0993,U0151,CAT03,B012,flat,250.0,1499,2024-06-05,2024-12-08,3543.0,available,Pune,earned,no,186,7.06,2,197.0,0,0,1,0,0.0
CP0994,U0041,CAT06,B021,percentage,16.2,0,2023-06-08,2023-07-26,2959.03,available,Hyderabad,referral,yes,48,16.2,2,108.0,0,0,1,0,0.0
CP0995,U0123,CAT03,B009,percentage,30.0,1499,2023-11-24,2024-10-15,2433.9,available,Coimbatore,earned,no,326,30.0,0,0.0,0,0,0,1,0.0
CP0996,U0099,CAT04,B016,flat,250.0,299,2023-06-10,2024-01-26,376.97,available,Jaipur,gifted,no,230,66.32,2,115.0,0,0,0,1,0.0
CP0997,U0418,CAT08,B029,flat,250.0,299,2024-04-05,2024-07-12,3739.14,expired,Surat,referral,yes,98,6.69,1,87.0,2,1,0,0,2.0
CP0998,U0449,CAT01,B002,flat,300.0,299,2023-04-06,2024-01-10,783.43,swapped,Pune,gifted,no,279,38.29,1,96.0,0,0,0,0,0.0
CP0999,U0324,CAT05,B018,flat,300.0,299,2023-02-09,2023-03-15,3571.26,expired,Kochi,gifted,yes,34,8.4,3,114.0,0,1,0,0,0.0
CP1000,U0141,CAT08,B029,percentage,16.1,999,2024-11-27,2025-09-11,1983.92,claimed,Patna,earned,yes,288,16.1,2,134.0,0,2,0,0,0.0
CP1001,U0149,CAT07,B026,flat,400.0,999,2024-08-28,2025-07-04,4984.11,claimed,Lucknow,gifted,no,310,8.03,0,0.0,0,0,0,1,0.0
CP1002,U0293,CAT10,B033,percentage,70.9,199,2024-04-19,2025-03-26,4619.29,expired,Pune,gifted,no,341,70.9,2,265.5,0,1,0,0,0.0
CP1003,U0003,CAT01,B002,flat,200.0,999,2024-02-09,2024-07-23,1184.64,available,Indore,purchased,yes,165,16.88,2,105.0,1,0,0,0,0.5
CP1004,U0482,CAT07,B024,flat,200.0,499,2024-07-02,2025-05-07,130.9,swapped,Lucknow,earned,yes,309,152.79,2,106.0,0,0,0,0,0.0
CP1005,U0438,CAT08,B029,percentage,54.6,199,2023-10-22,2024-01-19,4631.86,available,Surat,purchased,yes,89,54.6,1,27.0,0,1,1,1,0.0
CP1006,U0051,CAT01,B004,percentage,53.5,199,2024-05-06,2024-06-15,4658.86,expired,Chennai,earned,no,40,53.5,1,23.0,0,0,0,0,0.0
CP1007,U0050,CAT07,B024,flat,150.0,1999,2023-06-17,2024-01-18,4662.12,available,Coimbatore,earned,yes,215,3.22,5,199.6,0,0,0,1,0.0
CP1008,U0399,CAT02,B006,flat,50.0,1999,2023-09-03,2023-11-05,3982.41,swapped,Chennai,purchased,no,63,1.26,3,104.67,0,0,0,0,0.0
CP1009,U0262,CAT06,B021,percentage,67.6,0,2024-07-01,2025-03-26,2432.15,claimed,Bengaluru,gifted,yes,268,67.6,2,148.5,0,0,1,0,0.0
CP1010,U0467,CAT06,B021,percentage,19.2,999,2023-09-14,2023-10-23,4031.66,expired,Bengaluru,referral,yes,39,19.2,1,207.0,0,0,0,0,0.0
CP1011,U0246,CAT03,B011,percentage,66.1,1999,2024-07-01,2024-11-07,3176.27,available,Chandigarh,earned,no,129,66.1,4,140.75,0,1,0,0,0.0
CP1012,U0397,CAT02,B008,percentage,19.3,999,2024-10-14,2025-07-18,3751.28,available,Pune,earned,no,277,19.3,1,221.0,0,1,0,1,0.0
CP1013,U0019,CAT09,B031,percentage,53.2,499,2023-07-23,2023-09-12,981.0,claimed,Mumbai,referral,no,51,53.2,3,156.67,1,0,1,0,0.3333
CP1014,U0044,CAT06,B022,flat,50.0,199,2023-11-19,2024-08-12,4222.96,claimed,Coimbatore,earned,yes,267,1.18,0,0.0,0,0,0,0,0.0
CP1015,U0320,CAT08,B028,percentage,46.4,1999,2023-12-15,2024-03-15,210.78,expired,Surat,purchased,no,91,46.4,1,297.0,0,1,0,0,0.0
CP1016,U0357,CAT05,B017,flat,50.0,299,2023-11-04,2024-02-12,4087.68,swapped,Jaipur,gifted,no,100,1.22,0,0.0,3,0,0,0,0.0
CP1017,U0012,CAT02,B007,percentage,28.1,0,2023-11-04,2024-06-29,4907.21,available,Bengaluru,referral,yes,238,28.1,1,125.0,1,1,0,0,1.0
CP1018,U0455,CAT06,B021,percentage,24.8,0,2023-12-08,2024-06-17,953.96,available,Bengaluru,purchased,no,192,24.8,4,158.75,0,1,0,0,0.0
CP1019,U0153,CAT05,B017,flat,500.0,999,2024-08-14,2025-06-19,3306.6,available,Chandigarh,earned,yes,309,15.12,1,162.0,1,0,0,0,1.0
CP1020,U0036,CAT05,B020,percentage,30.0,0,2023-02-23,2023-06-03,4747.47,claimed,Hyderabad,referral,yes,100,30.0,2,182.5,0,1,0,0,0.0
CP1021,U0482,CAT08,B028,percentage,13.0,999,2023-06-12,2024-05-09,4480.37,available,Surat,purchased,yes,332,13.0,1,226.0,0,0,0,0,0.0
CP1022,U0123,CAT01,B004,percentage,58.1,499,2023-06-23,2024-04-08,76.17,claimed,Jaipur,earned,yes,290,58.1,3,155.67,0,0,0,0,0.0
CP1023,U0099,CAT08,B029,percentage,37.2,1999,2024-09-19,2025-05-05,2662.52,available,Chandigarh,referral,no,228,37.2,1,200.0,0,0,1,0,0.0
CP1024,U0131,CAT10,B035,percentage,51.2,1499,2023-05-08,2024-01-08,3046.02,available,Hyderabad,gifted,yes,245,51.2,1,220.0,0,0,0,0,0.0
CP1025,U0496,CAT05,B018,percentage,66.1,1499,2024-08-17,2024-11-16,1281.46,expired,Pune,referral,yes,91,66.1,2,101.0,1,0,1,1,0.5
CP1026,U0002,CAT02,B008,percentage,21.4,1499,2023-04-26,2024-03-15,1090.51,available,Mumbai,gifted,no,324,21.4,2,232.5,1,0,0,1,0.5
CP1027,U0167,CAT04,B016,percentage,59.3,499,2023-05-07,2023-12-11,1924.69,claimed,Jaipur,gifted,yes,218,59.3,1,69.0,0,0,0,0,0.0
CP1028,U0251,CAT03,B010,percentage,19.1,499,2024-11-12,2025-04-15,4748.26,available,Jaipur,purchased,no,154,19.1,2,32.0,0,0,0,0,0.0
CP1029,U0149,CAT03,B009,flat,50.0,199,2024-04-14,2025-02-06,2096.35,swapped,Ahmedabad,purchased,yes,298,2.39,3,164.67,1,0,0,1,0.3333
CP1030,U0233,CAT07,B024,percentage,62.2,299,2023-03-08,2024-02-01,1550.82,available,Kolkata,earned,no,330,62.2,2,192.5,3,0,0,0,1.5
CP1031,U0009,CAT08,B028,percentage,41.0,1999,2024-03-24,2024-06-30,1210.38,claimed,Pune,referral,yes,98,41.0,3,166.0,1,0,0,0,0.3333
CP1032,U0140,CAT02,B007,flat,500.0,1999,2023-09-18,2023-12-07,3308.55,expired,Chandigarh,purchased,yes,80,15.11,5,161.6,1,0,0,0,0.2
CP1033,U0439,CAT04,B015,percentage,23.3,999,2024-11-15,2025-09-25,2893.35,swapped,Chennai,earned,yes,314,23.3,1,29.0,0,0,1,1,0.0
CP1034,U0291,CAT03,B009,percentage,56.7,299,2024-07-21,2025-03-22,57.23,available,Hyderabad,earned,no,244,56.7,0,0.0,0,0,0,0,0.0
CP1035,U0290,CAT05,B019,percentage,52.2,999,2024-11-16,2025-10-20,1816.59,available,Vadodara,purchased,yes,338,52.2,3,99.0,0,0,0,1,0.0
CP1036,U0273,CAT06,B021,flat,250.0,299,2024-04-27,2024-09-27,2491.1,available,Coimbatore,purchased,yes,153,10.04,1,80.0,1,0,0,0,1.0
CP1037,U0212,CAT02,B006,percentage,70.0,999,2023-07-29,2024-04-23,4979.98,available,Coimbatore,gifted,yes,269,70.0,1,110.0,1,1,1,0,1.0
CP1038,U0471,CAT04,B014,percentage,12.3,999,2023-09-20,2023-10-25,2075.23,swapped,Patna,referral,yes,35,12.3,1,148.0,0,0,0,0,0.0
CP1039,U0406,CAT02,B007,flat,75.0,999,2023-04-06,2023-09-11,2707.61,claimed,Pune,purchased,no,158,2.77,0,0.0,0,0,0,0,0.0
CP1040,U0408,CAT09,B030,flat,50.0,499,2024-05-16,2024-10-03,4442.97,available,Visakhapatnam,earned,no,140,1.13,2,202.5,0,0,0,0,0.0
CP1041,U0357,CAT01,B004,flat,250.0,199,2024-04-08,2025-02-16,183.15,available,Patna,purchased,no,314,136.5,1,147.0,1,0,0,1,1.0
CP1042,U0101,CAT04,B014,flat,150.0,1999,2023-02-16,2023-06-17,1084.9,available,Indore,purchased,no,121,13.83,4,98.75,0,1,0,0,0.0
CP1043,U0322,CAT04,B014,percentage,59.4,1999,2023-07-29,2024-03-02,4406.82,available,Bhopal,purchased,yes,217,59.4,1,235.0,0,1,0,0,0.0
CP1044,U0090,CAT03,B012,percentage,17.9,1499,2023-02-05,2023-12-04,4222.39,available,Bengaluru,earned,yes,302,17.9,3,162.0,3,0,0,0,1.0
CP1045,U0137,CAT02,B006,percentage,37.6,1499,2024-12-17,2025-04-11,2625.3,claimed,Visakhapatnam,referral,no,115,37.6,2,226.0,0,0,0,0,0.0
CP1046,U0111,CAT08,B027,flat,500.0,499,2024-11-07,2025-09-23,2153.19,claimed,Indore,purchased,no,320,23.22,2,118.0,1,0,0,0,0.5
CP1047,U0152,CAT10,B034,flat,50.0,499,2023-07-20,2024-03-13,3874.16,claimed,Bengaluru,referral,yes,237,1.29,1,248.0,0,1,1,0,0.0
CP1048,U0246,CAT03,B009,percentage,57.5,499,2023-04-26,2024-03-07,4551.2,claimed,Ahmedabad,purchased,yes,316,57.5,0,0.0,1,4,0,0,0.0
CP1049,U0440,CAT09,B030,flat,150.0,999,2023-02-21,2023-12-08,2741.17,available,Coimbatore,earned,no,290,5.47,1,221.0,0,0,0,0,0.0
CP1050,U0424,CAT09,B032,percentage,24.6,199,2024-07-16,2024-10-23,267.89,claimed,Kolkata,purchased,yes,99,24.6,3,172.33,1,2,0,0,0.3333
CP1051,U0042,CAT02,B006,percentage,10.4,1499,2024-10-11,2025-08-16,3812.69,claimed,Jaipur,referral,no,309,10.4,1,72.0,2,1,0,0,2.0
CP1052,U0442,CAT01,B001,flat,50.0,1999,2024-11-11,2024-12-23,3629.3,available,Chennai,earned,yes,42,1.38,0,0.0,1,1,0,0,0.0
CP1053,U0332,CAT02,B006,percentage,65.4,299,2024-03-25,2025-01-24,333.38,claimed,Vadodara,purchased,yes,305,65.4,0,0.0,1,1,0,0,0.0
CP1054,U0149,CAT06,B022,percentage,13.6,1999,2024-05-31,2025-05-26,1496.08,available,Coimbatore,earned,no,360,13.6,6,213.17,0,1,0,0,0.0
CP1055,U0423,CAT05,B020,percentage,62.6,1999,2023-06-04,2023-10-01,1480.44,claimed,Delhi,gifted,no,119,62.6,4,164.25,1,2,0,0,0.25
CP1056,U0339,CAT01,B004,percentage,8.3,299,2023-02-20,2023-03-23,4434.67,available,Surat,purchased,no,31,8.3,0,0.0,0,0,0,0,0.0
CP1057,U0077,CAT09,B030,percentage,47.2,1999,2023-08-30,2024-04-27,1383.58,available,Surat,gifted,yes,241,47.2,3,198.0,0,2,0,1,0.0
CP1058,U0366,CAT06,B022,flat,300.0,0,2023-02-12,2023-12-21,3143.83,available,Kolkata,purchased,no,312,9.54,2,148.0,3,0,1,0,1.5
CP1059,U0488,CAT10,B035,flat,50.0,1999,2024-10-01,2025-09-21,4626.98,available,Bengaluru,purchased,yes,355,1.08,1,63.0,0,0,1,0,0.0
CP1060,U0379,CAT02,B008,percentage,44.6,0,2024-07-23,2025-05-19,1344.96,expired,Chennai,gifted,no,300,44.6,0,0.0,1,1,0,1,0.0
CP1061,U0332,CAT08,B027,percentage,33.4,0,2023-07-12,2024-05-07,2028.56,available,Bengaluru,purchased,no,300,33.4,2,186.0,1,0,1,0,0.5
CP1062,U0343,CAT10,B035,flat,500.0,1499,2024-08-08,2025-08-03,3666.23,available,Chennai,purchased,no,360,13.64,1,294.0,1,0,0,0,1.0
CP1063,U0054,CAT03,B011,flat,500.0,299,2024-03-17,2024-08-03,4805.83,available,Indore,referral,no,139,10.4,0,0.0,0,0,0,0,0.0
CP1064,U0444,CAT05,B020,percentage,76.0,1999,2024-01-18,2024-07-14,259.48,available,Pune,earned,no,178,76.0,4,128.0,2,0,0,0,0.5
CP1065,U0343,CAT06,B023,flat,200.0,0,2023-07-16,2023-08-26,2375.67,available,Jaipur,referral,yes,41,8.42,1,121.0,1,0,1,0,1.0
CP1066,U0092,CAT04,B013,percentage,46.7,1999,2024-05-27,2025-03-18,4912.38,available,Ahmedabad,gifted,yes,295,46.7,3,259.0,1,1,0,0,0.3333
CP1067,U0105,CAT06,B021,percentage,52.9,199,2023-10-26,2024-03-26,1084.24,expired,Kochi,purchased,no,152,52.9,2,83.0,1,0,0,0,0.5
CP1068,U0414,CAT10,B035,flat,75.0,199,2024-02-09,2024-07-01,4039.44,available,Vadodara,gifted,no,143,1.86,2,161.5,0,0,0,0,0.0
CP1069,U0324,CAT02,B005,percentage,19.9,1499,2024-08-30,2024-11-14,1030.05,available,Chandigarh,earned,yes,76,19.9,1,104.0,0,0,0,1,0.0
CP1070,U0390,CAT01,B004,flat,75.0,999,2023-03-27,2024-03-04,2508.5,swapped,Chandigarh,purchased,no,343,2.99,3,82.33,2,1,0,0,0.6667
CP1071,U0107,CAT09,B032,flat,50.0,1999,2023-01-11,2023-05-15,181.52,expired,Patna,purchased,no,124,27.55,1,65.0,0,0,0,1,0.0
CP1072,U0353,CAT02,B006,flat,500.0,499,2023-01-14,2023-06-18,1702.57,claimed,Nagpur,purchased,no,155,29.37,1,247.0,0,0,0,0,0.0
CP1073,U0349,CAT10,B033,flat,300.0,199,2023-01-04,2023-12-17,1989.22,claimed,Kochi,purchased,yes,347,15.08,1,261.0,1,0,2,0,1.0
CP1074,U0396,CAT02,B007,percentage,65.6,999,2024-06-22,2025-06-14,1469.84,claimed,Pune,purchased,no,357,65.6,1,180.0,0,0,2,0,0.0
CP1075,U0088,CAT06,B021,percentage,61.7,1999,2024-02-22,2024-06-30,3628.62,swapped,Vadodara,earned,yes,129,61.7,2,56.5,1,0,0,0,0.5
CP1076,U0048,CAT02,B006,percentage,30.1,299,2024-03-04,2024-05-12,4672.2,expired,Lucknow,purchased,no,69,30.1,2,281.5,1,0,1,0,0.5
CP1077,U0253,CAT01,B003,percentage,63.4,499,2023-12-12,2024-05-11,2171.91,swapped,Delhi,gifted,yes,151,63.4,4,196.5,2,1,0,0,0.5
CP1078,U0448,CAT02,B006,percentage,68.5,0,2023-02-13,2023-06-21,2625.27,available,Chandigarh,gifted,yes,128,68.5,4,133.75,0,1,0,0,0.0
CP1079,U0052,CAT01,B004,percentage,39.2,199,2023-11-25,2024-04-11,3849.59,available,Surat,gifted,no,138,39.2,0,0.0,0,0,0,1,0.0
CP1080,U0434,CAT09,B032,percentage,47.9,499,2024-05-12,2025-04-27,2151.14,claimed,Ahmedabad,earned,no,350,47.9,2,84.0,1,0,0,0,0.5
CP1081,U0407,CAT05,B017,percentage,27.8,999,2024-07-21,2024-08-22,4926.48,expired,Surat,purchased,no,32,27.8,4,151.0,0,0,1,0,0.0
CP1082,U0109,CAT09,B032,flat,100.0,199,2024-02-22,2024-04-15,3243.42,claimed,Hyderabad,purchased,no,53,3.08,1,28.0,0,0,1,0,0.0
CP1083,U0290,CAT08,B029,flat,50.0,999,2024-06-03,2025-01-07,3552.36,expired,Lucknow,earned,yes,218,1.41,1,284.0,0,0,0,0,0.0
CP1084,U0320,CAT08,B028,percentage,17.4,1499,2024-09-04,2025-07-24,2132.65,claimed,Chandigarh,referral,no,323,17.4,3,95.67,0,0,0,0,0.0
CP1085,U0046,CAT09,B032,percentage,50.0,999,2024-11-23,2025-08-13,1512.96,claimed,Kochi,earned,yes,263,50.0,1,121.0,0,0,0,0,0.0
CP1086,U0292,CAT03,B011,percentage,27.1,999,2024-05-27,2024-12-01,3971.88,swapped,Chennai,referral,yes,188,27.1,2,64.5,0,0,0,0,0.0
CP1087,U0289,CAT03,B010,percentage,15.6,999,2024-03-16,2024-11-07,4805.11,available,Vadodara,earned,no,236,15.6,1,268.0,1,0,0,1,1.0
CP1088,U0329,CAT03,B012,percentage,39.3,499,2024-03-03,2024-04-17,910.88,available,Coimbatore,referral,yes,45,39.3,3,127.0,0,0,0,0,0.0
CP1089,U0333,CAT09,B032,percentage,55.3,199,2024-09-08,2025-04-11,4497.68,claimed,Coimbatore,earned,no,215,55.3,1,173.0,0,0,0,0,0.0
CP1090,U0313,CAT01,B003,flat,75.0,499,2023-05-26,2024-04-09,1739.63,claimed,Ahmedabad,gifted,no,319,4.31,2,166.0,0,0,0,1,0.0
CP1091,U0196,CAT09,B032,percentage,54.6,999,2023-04-06,2024-02-11,1922.57,available,Bengaluru,referral,yes,311,54.6,2,157.0,1,0,0,0,0.5
CP1092,U0393,CAT01,B004,flat,75.0,199,2024-11-19,2025-03-03,4045.8,available,Surat,referral,yes,104,1.85,1,241.0,3,1,0,0,3.0
CP1093,U0124,CAT05,B018,flat,300.0,999,2024-07-08,2024-10-22,3991.6,available,Visakhapatnam,purchased,yes,106,7.52,2,175.5,0,0,0,0,0.0
CP1094,U0223,CAT01,B002,percentage,21.8,999,2023-01-07,2023-10-27,1983.83,swapped,Bengaluru,referral,yes,293,21.8,2,230.5,0,0,0,0,0.0
CP1095,U0172,CAT07,B026,percentage,11.1,1999,2023-07-17,2024-06-24,4848.99,swapped,Delhi,referral,no,343,11.1,2,175.0,1,0,0,0,0.5
CP1096,U0311,CAT09,B030,percentage,25.9,0,2023-10-28,2024-10-14,4296.29,available,Indore,gifted,yes,352,25.9,1,291.0,0,0,0,0,0.0
CP1097,U0322,CAT09,B030,flat,400.0,199,2024-10-19,2025-06-16,298.98,available,Jaipur,purchased,no,240,133.79,4,180.5,0,0,0,0,0.0
CP1098,U0454,CAT08,B028,percentage,34.3,199,2023-03-01,2023-11-15,3643.8,expired,Bhopal,earned,yes,259,34.3,1,204.0,2,1,0,1,2.0
CP1099,U0423,CAT06,B021,percentage,11.9,499,2024-05-18,2025-05-03,4618.0,swapped,Chennai,earned,yes,350,11.9,2,256.5,0,0,0,0,0.0
CP1100,U0035,CAT05,B017,percentage,44.3,199,2024-06-30,2024-12-11,1032.27,claimed,Bengaluru,referral,no,164,44.3,3,172.67,2,2,0,0,0.6667
CP1101,U0056,CAT06,B023,flat,150.0,499,2023-12-20,2024-08-11,2746.19,available,Mumbai,purchased,yes,235,5.46,4,93.25,0,0,0,0,0.0
CP1102,U0385,CAT02,B005,percentage,5.0,499,2023-04-26,2023-09-15,1227.97,claimed,Surat,purchased,no,142,5.0,1,84.0,1,0,0,0,1.0
CP1103,U0112,CAT09,B032,flat,300.0,499,2023-05-05,2023-09-09,417.96,expired,Lucknow,gifted,yes,127,71.78,2,101.0,0,0,0,0,0.0
CP1104,U0023,CAT03,B011,percentage,69.8,1999,2023-10-29,2024-08-15,517.86,available,Delhi,purchased,yes,291,69.8,1,15.0,1,1,0,0,1.0
CP1105,U0380,CAT05,B017,percentage,45.1,1999,2023-05-26,2024-02-17,2523.31,claimed,Chennai,purchased,yes,267,45.1,2,184.5,0,0,0,0,0.0
CP1106,U0322,CAT02,B008,flat,500.0,199,2023-07-06,2023-09-26,1342.44,swapped,Bhopal,purchased,no,82,37.25,0,0.0,0,1,0,0,0.0
CP1107,U0444,CAT08,B029,flat,400.0,1999,2023-08-28,2024-05-02,1196.56,expired,Pune,referral,yes,248,33.43,1,271.0,0,0,0,1,0.0
CP1108,U0118,CAT09,B032,flat,300.0,999,2023-01-30,2023-08-21,3763.84,swapped,Mumbai,gifted,no,203,7.97,4,145.75,0,2,0,0,0.0
CP1109,U0359,CAT07,B026,flat,75.0,0,2024-04-09,2025-01-08,2043.16,swapped,Pune,referral,yes,274,3.67,2,152.5,1,0,0,2,0.5
CP1110,U0044,CAT01,B003,flat,300.0,1499,2024-07-07,2024-10-18,4211.37,available,Kochi,gifted,yes,103,7.12,1,239.0,1,2,0,0,1.0
CP1111,U0277,CAT02,B008,flat,250.0,499,2023-01-16,2023-08-05,4688.44,expired,Chandigarh,earned,yes,201,5.33,2,87.0,1,1,0,0,0.5
CP1112,U0072,CAT09,B032,flat,100.0,299,2023-03-16,2024-02-01,2860.94,swapped,Vadodara,referral,no,322,3.5,2,127.0,0,1,0,0,0.0
CP1113,U0488,CAT04,B016,percentage,45.6,199,2024-07-13,2024-08-20,678.03,swapped,Surat,earned,yes,38,45.6,2,184.5,0,1,0,0,0.0
CP1114,U0332,CAT09,B031,flat,200.0,199,2024-06-03,2024-11-29,1525.78,claimed,Vadodara,gifted,yes,179,13.11,4,96.5,0,0,0,0,0.0
CP1115,U0493,CAT02,B007,percentage,52.0,1999,2024-06-03,2025-02-22,3768.31,available,Indore,purchased,yes,264,52.0,4,178.5,0,0,1,0,0.0
CP1116,U0014,CAT04,B016,percentage,40.8,999,2024-07-06,2024-11-08,2287.43,available,Bengaluru,referral,yes,125,40.8,0,0.0,0,1,0,1,0.0
CP1117,U0439,CAT08,B028,percentage,41.9,999,2024-07-08,2024-10-22,2894.23,available,Nagpur,earned,yes,106,41.9,6,104.0,0,0,0,0,0.0
CP1118,U0273,CAT03,B011,percentage,19.7,299,2023-02-09,2024-02-03,3423.74,available,Chennai,earned,yes,359,19.7,0,0.0,0,0,0,0,0.0
CP1119,U0387,CAT06,B021,flat,50.0,499,2024-11-10,2025-06-12,1935.65,claimed,Indore,earned,yes,214,2.58,1,82.0,0,2,0,0,0.0
CP1120,U0138,CAT02,B006,percentage,45.6,299,2023-12-17,2024-07-25,953.65,claimed,Indore,earned,yes,221,45.6,3,141.33,1,0,2,0,0.3333
CP1121,U0127,CAT03,B011,flat,200.0,1499,2023-07-10,2024-06-30,4760.62,expired,Patna,earned,no,356,4.2,0,0.0,1,0,0,0,0.0
CP1122,U0175,CAT04,B014,percentage,72.6,499,2024-08-09,2024-10-30,863.89,available,Surat,purchased,no,82,72.6,4,161.5,1,2,0,0,0.25
CP1123,U0496,CAT08,B027,flat,250.0,999,2024-02-03,2024-05-28,900.69,swapped,Pune,referral,yes,115,27.76,0,0.0,1,0,0,0,0.0
CP1124,U0441,CAT06,B023,percentage,56.5,999,2023-04-15,2023-09-06,575.74,expired,Kochi,gifted,no,144,56.5,5,131.6,0,1,0,0,0.0
CP1125,U0313,CAT09,B031,flat,500.0,299,2023-11-29,2024-01-06,3792.14,expired,Lucknow,earned,yes,38,13.19,1,43.0,1,0,1,0,1.0
CP1126,U0423,CAT01,B002,percentage,51.7,999,2024-11-22,2025-09-10,418.82,expired,Nagpur,earned,yes,292,51.7,1,297.0,0,0,1,0,0.0
CP1127,U0138,CAT01,B002,percentage,57.9,1999,2024-08-18,2025-01-15,236.57,expired,Kolkata,gifted,yes,150,57.9,1,287.0,1,0,0,0,1.0
CP1128,U0055,CAT06,B022,percentage,29.5,199,2023-12-02,2024-04-13,3658.22,available,Kolkata,earned,no,133,29.5,2,176.5,1,2,0,1,0.5
CP1129,U0009,CAT09,B030,percentage,37.0,999,2023-11-21,2024-01-13,1365.48,expired,Hyderabad,purchased,yes,53,37.0,3,163.0,0,0,0,0,0.0
CP1130,U0357,CAT01,B003,percentage,33.7,999,2024-06-25,2024-09-25,2642.42,claimed,Vadodara,earned,yes,92,33.7,0,0.0,0,1,0,0,0.0
CP1131,U0286,CAT08,B027,percentage,14.7,1999,2024-06-10,2025-04-05,3846.58,available,Ahmedabad,referral,no,299,14.7,2,130.0,3,0,0,1,1.5
CP1132,U0276,CAT07,B024,flat,500.0,499,2024-03-01,2024-11-16,1433.71,swapped,Ahmedabad,gifted,no,260,34.87,4,155.5,0,0,0,0,0.0
CP1133,U0174,CAT09,B031,flat,200.0,1499,2024-07-08,2025-06-26,2962.19,swapped,Surat,earned,no,353,6.75,3,166.67,1,1,0,0,0.3333
CP1134,U0416,CAT03,B010,percentage,51.1,1499,2023-05-02,2023-07-13,2169.13,available,Ahmedabad,referral,yes,72,51.1,0,0.0,2,0,0,0,0.0
CP1135,U0301,CAT01,B001,percentage,28.0,1499,2024-10-16,2025-03-12,4398.12,available,Pune,purchased,yes,147,28.0,1,169.0,1,0,0,0,1.0
CP1136,U0018,CAT06,B022,percentage,5.4,999,2023-12-15,2024-09-16,1060.25,claimed,Coimbatore,earned,yes,276,5.4,1,99.0,0,1,0,0,0.0
CP1137,U0198,CAT05,B019,percentage,44.0,999,2024-09-23,2025-05-07,3118.81,expired,Ahmedabad,gifted,yes,226,44.0,0,0.0,3,1,0,2,0.0
CP1138,U0212,CAT07,B025,flat,400.0,199,2023-10-27,2024-10-20,3747.16,available,Visakhapatnam,referral,yes,359,10.67,1,109.0,0,0,0,0,0.0
CP1139,U0413,CAT06,B022,percentage,76.9,1999,2024-06-22,2024-11-10,905.73,claimed,Hyderabad,earned,yes,141,76.9,1,215.0,0,1,1,0,0.0
CP1140,U0321,CAT02,B006,percentage,15.7,299,2024-10-22,2024-11-24,3139.14,available,Mumbai,referral,yes,33,15.7,2,169.5,1,2,0,0,0.5
CP1141,U0177,CAT07,B025,percentage,20.3,0,2024-07-20,2025-04-13,2685.94,expired,Chandigarh,gifted,yes,267,20.3,2,147.5,0,2,0,0,0.0
CP1142,U0165,CAT08,B027,flat,250.0,299,2024-05-06,2025-01-28,3746.79,available,Jaipur,gifted,no,267,6.67,0,0.0,1,1,0,0,0.0
CP1143,U0196,CAT03,B009,percentage,51.4,1499,2024-06-07,2025-02-24,2791.31,expired,Chandigarh,purchased,yes,262,51.4,4,168.25,0,1,0,0,0.0
CP1144,U0102,CAT08,B027,percentage,18.2,499,2024-04-13,2024-08-31,3946.7,expired,Patna,earned,yes,140,18.2,3,154.67,0,0,0,0,0.0
CP1145,U0110,CAT01,B003,percentage,16.6,1499,2024-08-03,2025-07-13,2089.1,available,Hyderabad,earned,no,344,16.6,0,0.0,1,1,0,0,0.0
CP1146,U0122,CAT10,B033,percentage,22.7,199,2024-07-17,2024-10-28,1659.26,available,Pune,earned,yes,103,22.7,6,151.5,1,0,0,0,0.1667
CP1147,U0251,CAT06,B023,flat,200.0,1499,2024-03-03,2024-06-03,3240.8,expired,Nagpur,purchased,no,92,6.17,0,0.0,1,0,0,0,0.0
CP1148,U0296,CAT05,B018,flat,250.0,1999,2023-09-25,2024-03-02,4767.73,claimed,Hyderabad,purchased,no,159,5.24,3,163.67,1,0,0,0,0.3333
CP1149,U0083,CAT10,B036,percentage,47.8,0,2024-03-26,2024-05-30,1688.99,expired,Vadodara,gifted,no,65,47.8,1,273.0,0,1,0,0,0.0
CP1150,U0297,CAT02,B006,percentage,72.2,999,2023-12-01,2024-03-10,4731.73,claimed,Ahmedabad,purchased,yes,100,72.2,4,140.0,0,0,0,0,0.0
CP1151,U0097,CAT03,B011,percentage,64.3,199,2023-02-25,2024-01-01,236.4,available,Coimbatore,gifted,no,310,64.3,2,125.0,0,0,0,2,0.0
CP1152,U0355,CAT09,B032,percentage,47.7,1499,2023-12-24,2024-05-09,3624.12,swapped,Visakhapatnam,gifted,yes,137,47.7,2,199.5,1,0,0,0,0.5
CP1153,U0143,CAT09,B031,flat,50.0,299,2023-07-26,2023-09-02,1219.62,available,Bengaluru,earned,no,38,4.1,3,204.67,0,0,0,1,0.0
CP1154,U0447,CAT02,B008,percentage,67.6,1499,2023-06-16,2023-10-31,2874.05,swapped,Bengaluru,purchased,yes,137,67.6,2,179.5,1,1,0,0,0.5
CP1155,U0048,CAT10,B034,flat,250.0,299,2024-11-10,2024-12-22,1034.26,available,Visakhapatnam,purchased,yes,42,24.17,1,163.0,1,0,0,0,1.0
CP1156,U0256,CAT01,B004,flat,75.0,0,2023-08-04,2024-07-02,3063.05,available,Chandigarh,purchased,yes,333,2.45,3,139.67,0,1,0,0,0.0
CP1157,U0210,CAT03,B009,percentage,13.9,499,2024-12-04,2025-08-26,3775.67,available,Hyderabad,earned,yes,265,13.9,2,97.5,0,0,0,0,0.0
CP1158,U0062,CAT02,B005,percentage,12.8,999,2023-07-05,2023-08-25,3622.27,available,Surat,earned,no,51,12.8,4,153.5,1,0,0,0,0.25
CP1159,U0293,CAT04,B014,flat,150.0,199,2023-02-07,2023-08-06,2185.67,available,Coimbatore,purchased,yes,180,6.86,1,253.0,0,0,0,1,0.0
CP1160,U0077,CAT08,B029,flat,200.0,1999,2024-06-17,2024-09-08,3935.76,available,Bengaluru,purchased,no,83,5.08,1,268.0,1,0,1,0,1.0
CP1161,U0069,CAT09,B030,flat,50.0,199,2024-08-13,2025-02-26,3001.8,available,Mumbai,earned,yes,197,1.67,1,251.0,0,0,0,0,0.0
CP1162,U0413,CAT06,B022,flat,75.0,199,2024-11-01,2024-12-01,3592.58,claimed,Kochi,purchased,no,30,2.09,3,109.33,0,0,0,0,0.0
CP1163,U0098,CAT01,B001,percentage,39.0,499,2023-05-26,2023-11-13,4679.09,claimed,Coimbatore,gifted,no,171,39.0,0,0.0,2,1,0,0,0.0
CP1164,U0014,CAT03,B010,flat,200.0,199,2023-03-18,2023-07-05,4950.99,swapped,Bhopal,purchased,yes,109,4.04,1,283.0,0,0,1,0,0.0
CP1165,U0318,CAT08,B027,percentage,25.8,0,2023-06-20,2024-05-21,2243.42,expired,Bengaluru,gifted,yes,336,25.8,1,124.0,0,0,0,0,0.0
CP1166,U0484,CAT07,B024,percentage,69.5,0,2024-06-27,2025-06-24,1744.83,available,Chennai,earned,yes,362,69.5,1,146.0,0,1,0,0,0.0
CP1167,U0186,CAT04,B015,percentage,9.4,499,2023-01-18,2023-12-29,4785.12,claimed,Indore,gifted,no,345,9.4,3,204.0,0,1,0,0,0.0
CP1168,U0146,CAT10,B033,percentage,49.3,499,2023-12-23,2024-07-30,4225.35,swapped,Jaipur,gifted,yes,220,49.3,0,0.0,0,0,0,0,0.0
CP1169,U0031,CAT03,B011,percentage,5.2,1999,2023-02-15,2023-12-26,636.62,expired,Hyderabad,purchased,yes,314,5.2,1,254.0,0,0,0,0,0.0
CP1170,U0251,CAT07,B026,percentage,38.7,199,2023-10-10,2023-12-25,2147.84,available,Mumbai,gifted,no,76,38.7,3,175.33,2,0,1,0,0.6667
CP1171,U0361,CAT08,B027,percentage,7.3,0,2023-04-21,2023-11-12,2344.1,available,Delhi,gifted,yes,205,7.3,1,140.0,1,0,0,0,1.0
CP1172,U0417,CAT04,B013,percentage,22.2,1999,2023-03-23,2023-05-16,1474.24,swapped,Jaipur,gifted,yes,54,22.2,1,54.0,0,2,0,0,0.0
CP1173,U0223,CAT07,B024,percentage,19.7,199,2023-01-18,2023-12-03,1777.22,swapped,Kochi,gifted,no,319,19.7,1,23.0,1,1,0,0,1.0
CP1174,U0171,CAT10,B035,percentage,20.3,199,2024-07-28,2024-08-29,4998.81,expired,Kolkata,earned,yes,32,20.3,2,212.5,0,0,1,1,0.0
CP1175,U0041,CAT08,B028,flat,300.0,299,2024-03-23,2024-07-07,2946.48,claimed,Ahmedabad,earned,no,106,10.18,2,121.0,0,0,0,0,0.0
CP1176,U0052,CAT01,B001,percentage,25.0,299,2024-02-29,2024-11-02,4827.15,claimed,Mumbai,earned,yes,247,25.0,5,216.6,0,1,0,0,0.0
CP1177,U0020,CAT01,B004,percentage,55.0,0,2023-05-08,2023-10-14,3757.66,available,Pune,gifted,yes,159,55.0,3,160.33,0,1,0,0,0.0
CP1178,U0163,CAT10,B035,percentage,28.6,1999,2024-11-14,2025-01-16,902.0,available,Vadodara,gifted,no,63,28.6,0,0.0,0,0,0,1,0.0
CP1179,U0253,CAT10,B036,flat,300.0,1499,2024-09-12,2025-07-09,1157.22,available,Indore,earned,yes,300,25.92,1,181.0,0,1,0,0,0.0
CP1180,U0465,CAT07,B025,percentage,61.2,499,2023-04-15,2023-12-11,4779.49,available,Nagpur,purchased,yes,240,61.2,1,62.0,1,1,0,0,1.0
CP1181,U0224,CAT08,B028,percentage,23.6,199,2023-06-28,2024-01-09,1094.13,expired,Visakhapatnam,earned,no,195,23.6,1,63.0,0,0,0,0,0.0
CP1182,U0365,CAT10,B033,flat,400.0,1999,2023-01-16,2023-03-21,4559.8,available,Bhopal,earned,yes,64,8.77,2,188.5,0,1,1,0,0.0
CP1183,U0055,CAT01,B002,percentage,43.7,0,2024-07-07,2024-11-01,2083.17,expired,Mumbai,earned,no,117,43.7,0,0.0,1,2,0,0,0.0
CP1184,U0263,CAT02,B005,percentage,56.3,999,2024-09-21,2025-08-09,2547.06,swapped,Patna,gifted,yes,322,56.3,5,191.6,0,0,0,0,0.0
CP1185,U0321,CAT02,B005,flat,50.0,999,2024-07-04,2025-04-17,4824.68,swapped,Visakhapatnam,purchased,yes,287,1.04,2,162.0,0,0,0,0,0.0
CP1186,U0083,CAT09,B031,flat,200.0,1999,2024-07-01,2024-10-09,645.2,swapped,Kochi,gifted,yes,100,31.0,3,188.33,0,0,0,0,0.0
CP1187,U0277,CAT10,B036,flat,250.0,199,2024-03-24,2024-04-28,355.49,available,Coimbatore,purchased,no,35,70.33,1,158.0,0,0,1,0,0.0
CP1188,U0289,CAT06,B022,flat,100.0,0,2023-07-13,2024-02-22,1532.8,available,Bengaluru,referral,no,224,6.52,0,0.0,2,0,0,0,0.0
CP1189,U0078,CAT10,B035,flat,300.0,499,2024-07-27,2025-05-11,3644.72,available,Nagpur,earned,yes,288,8.23,1,5.0,0,0,0,1,0.0
CP1190,U0464,CAT05,B017,percentage,22.2,1999,2023-05-01,2023-10-10,487.76,claimed,Hyderabad,gifted,yes,162,22.2,1,152.0,1,0,1,0,1.0
CP1191,U0286,CAT08,B029,percentage,18.3,199,2023-10-18,2024-08-26,1699.87,available,Hyderabad,earned,no,313,18.3,2,154.0,0,0,1,0,0.0
CP1192,U0360,CAT10,B036,percentage,53.0,1499,2024-09-11,2025-05-14,1451.05,claimed,Chandigarh,gifted,no,245,53.0,4,93.75,0,2,0,1,0.0
CP1193,U0034,CAT10,B036,percentage,39.0,499,2023-11-16,2024-03-02,107.5,claimed,Hyderabad,gifted,yes,107,39.0,1,206.0,1,1,0,0,1.0
CP1194,U0280,CAT06,B023,flat,300.0,199,2023-10-09,2024-08-11,51.7,swapped,Pune,purchased,no,307,580.27,4,181.5,0,2,0,0,0.0
CP1195,U0133,CAT09,B032,percentage,51.1,499,2024-03-22,2024-06-30,2423.64,swapped,Visakhapatnam,gifted,yes,100,51.1,3,205.33,0,0,0,0,0.0
CP1196,U0110,CAT07,B024,percentage,9.8,1999,2023-11-04,2024-01-10,609.08,swapped,Pune,gifted,yes,67,9.8,3,111.0,0,0,0,0,0.0
CP1197,U0175,CAT04,B016,percentage,21.0,199,2024-02-22,2024-03-23,4906.01,available,Jaipur,gifted,yes,30,21.0,1,186.0,1,1,0,0,1.0
CP1198,U0465,CAT07,B025,flat,50.0,299,2023-06-19,2024-01-19,3764.86,claimed,Jaipur,purchased,yes,214,1.33,3,241.0,0,0,1,0,0.0
CP1199,U0141,CAT07,B025,flat,150.0,0,2024-12-14,2025-06-10,3949.1,available,Bengaluru,gifted,no,178,3.8,0,0.0,0,0,0,0,0.0
CP1200,U0323,CAT02,B006,flat,500.0,0,2024-08-09,2025-06-14,2756.19,swapped,Mumbai,referral,no,309,18.14,3,170.0,0,1,1,0,0.0
CP1201,U0265,CAT09,B030,percentage,11.0,1999,2023-10-05,2024-06-02,4976.62,expired,Surat,earned,no,241,11.0,3,160.33,0,0,0,0,0.0
CP1202,U0413,CAT07,B025,percentage,51.2,199,2024-07-05,2025-06-16,3509.46,claimed,Vadodara,gifted,no,346,51.2,3,161.0,3,2,0,0,1.0
CP1203,U0175,CAT09,B031,percentage,56.7,999,2023-04-03,2023-10-17,1343.03,available,Delhi,purchased,yes,197,56.7,3,151.67,2,0,0,0,0.6667
CP1204,U0127,CAT10,B034,percentage,56.6,1499,2024-05-04,2024-12-04,4647.3,swapped,Delhi,gifted,yes,214,56.6,2,164.5,1,2,1,0,0.5
CP1205,U0276,CAT08,B027,percentage,59.6,1999,2023-08-21,2024-07-21,3867.9,expired,Kolkata,gifted,yes,335,59.6,2,58.5,0,0,0,0,0.0
CP1206,U0168,CAT07,B026,percentage,12.5,299,2024-08-16,2025-01-26,3017.49,available,Mumbai,purchased,no,163,12.5,2,59.5,0,1,0,0,0.0
CP1207,U0151,CAT03,B011,percentage,48.5,499,2023-07-03,2023-08-26,4993.27,expired,Jaipur,earned,no,54,48.5,3,200.67,1,1,1,0,0.3333
CP1208,U0083,CAT07,B025,percentage,29.5,0,2024-03-22,2024-09-02,4109.95,swapped,Surat,gifted,no,164,29.5,1,169.0,0,0,0,1,0.0
CP1209,U0401,CAT08,B028,percentage,71.9,299,2024-08-07,2025-04-24,3851.63,swapped,Kolkata,earned,yes,260,71.9,2,215.0,0,0,1,1,0.0
CP1210,U0449,CAT07,B024,percentage,63.7,499,2023-09-22,2024-05-16,3927.23,swapped,Chennai,earned,no,237,63.7,1,283.0,0,0,2,0,0.0
CP1211,U0178,CAT05,B017,percentage,52.4,199,2024-09-10,2025-08-17,4630.49,available,Bhopal,purchased,yes,341,52.4,2,142.0,1,0,0,1,0.5
CP1212,U0494,CAT02,B006,percentage,18.6,499,2024-04-07,2024-12-12,3485.05,claimed,Chandigarh,purchased,no,249,18.6,3,222.0,0,2,1,0,0.0
CP1213,U0364,CAT10,B033,percentage,12.8,0,2023-07-01,2023-12-21,506.89,swapped,Visakhapatnam,earned,no,173,12.8,2,138.5,0,0,0,0,0.0
CP1214,U0008,CAT09,B032,percentage,79.5,0,2023-01-07,2023-11-07,2399.2,claimed,Chandigarh,gifted,no,304,79.5,1,14.0,1,2,0,0,1.0
CP1215,U0452,CAT09,B030,percentage,10.9,299,2024-08-14,2025-07-14,2248.24,expired,Mumbai,referral,no,334,10.9,1,195.0,1,0,1,0,1.0
CP1216,U0327,CAT08,B027,flat,300.0,1999,2023-09-27,2024-01-19,2153.69,available,Hyderabad,referral,yes,114,13.93,2,212.0,0,2,1,0,0.0
CP1217,U0117,CAT04,B015,percentage,62.0,499,2024-05-05,2024-11-26,1761.31,claimed,Chandigarh,referral,yes,205,62.0,3,141.0,1,1,0,1,0.3333
CP1218,U0136,CAT08,B029,percentage,66.4,999,2023-06-22,2024-01-26,915.4,available,Coimbatore,earned,yes,218,66.4,1,58.0,2,0,0,0,2.0
CP1219,U0017,CAT09,B031,flat,250.0,1499,2023-10-02,2023-11-25,4725.64,available,Kochi,purchased,no,54,5.29,2,132.0,0,0,0,1,0.0
CP1220,U0072,CAT06,B023,percentage,19.8,199,2023-03-20,2023-06-15,813.11,expired,Indore,purchased,no,87,19.8,2,55.5,0,0,0,0,0.0
CP1221,U0125,CAT10,B033,percentage,72.6,1499,2024-02-12,2024-06-26,1502.68,claimed,Chennai,gifted,yes,135,72.6,4,181.5,0,1,0,0,0.0
CP1222,U0366,CAT04,B016,flat,75.0,0,2024-05-01,2024-11-28,3292.52,available,Bengaluru,earned,no,211,2.28,2,183.0,0,1,0,0,0.0
CP1223,U0198,CAT04,B013,percentage,58.6,999,2023-07-19,2023-09-03,4971.93,swapped,Surat,earned,yes,46,58.6,2,194.0,2,0,0,0,1.0
CP1224,U0019,CAT05,B018,percentage,22.2,1999,2023-11-09,2023-12-15,4608.12,expired,Hyderabad,gifted,no,36,22.2,2,142.5,1,0,0,0,0.5
CP1225,U0177,CAT08,B028,percentage,43.6,199,2023-03-10,2023-11-12,1430.33,available,Kochi,purchased,no,247,43.6,2,272.5,0,1,0,0,0.0
CP1226,U0244,CAT01,B002,flat,250.0,999,2024-12-05,2025-02-06,3116.73,claimed,Coimbatore,purchased,no,63,8.02,1,122.0,0,0,1,0,0.0
CP1227,U0339,CAT04,B013,percentage,39.2,299,2024-05-29,2025-03-17,4376.96,expired,Vadodara,earned,no,292,39.2,2,108.5,3,0,0,0,1.5
CP1228,U0247,CAT10,B034,flat,50.0,999,2023-11-10,2024-05-19,3530.23,expired,Hyderabad,purchased,no,191,1.42,2,210.5,1,1,0,0,0.5
CP1229,U0277,CAT03,B011,percentage,7.7,1499,2023-04-02,2024-03-03,4819.36,expired,Chennai,purchased,yes,336,7.7,2,182.0,0,0,0,0,0.0
CP1230,U0122,CAT09,B032,percentage,38.7,999,2024-06-17,2024-11-14,3972.13,available,Hyderabad,referral,no,150,38.7,2,133.0,2,0,0,0,1.0
CP1231,U0089,CAT01,B004,flat,100.0,999,2024-08-03,2024-12-18,4341.32,swapped,Patna,earned,yes,137,2.3,3,197.33,0,0,0,0,0.0
CP1232,U0118,CAT03,B010,percentage,66.2,199,2023-01-16,2023-05-20,4450.37,available,Visakhapatnam,gifted,no,124,66.2,3,181.67,0,0,0,0,0.0
CP1233,U0344,CAT07,B024,percentage,7.2,1999,2024-10-08,2025-09-08,2812.64,expired,Nagpur,earned,yes,335,7.2,1,35.0,1,1,0,0,1.0
CP1234,U0408,CAT01,B001,flat,150.0,0,2024-01-17,2024-08-30,1479.38,swapped,Pune,referral,no,226,10.14,2,53.5,2,1,1,0,1.0
CP1235,U0387,CAT06,B023,percentage,75.8,0,2024-08-26,2025-06-13,3941.54,available,Coimbatore,earned,yes,291,75.8,3,154.67,1,0,0,0,0.3333
CP1236,U0018,CAT06,B022,percentage,78.7,0,2023-11-20,2024-02-08,1032.85,expired,Mumbai,gifted,no,80,78.7,2,76.0,1,1,0,0,0.5
CP1237,U0195,CAT03,B009,percentage,66.2,499,2023-12-04,2024-10-30,4178.75,available,Delhi,gifted,no,331,66.2,2,173.5,1,0,0,0,0.5
CP1238,U0470,CAT07,B025,percentage,6.0,299,2024-10-24,2025-06-12,1530.5,available,Bengaluru,earned,yes,231,6.0,2,72.0,1,0,2,0,0.5
CP1239,U0205,CAT05,B017,flat,500.0,999,2023-11-28,2024-02-17,4098.83,swapped,Jaipur,earned,no,81,12.2,3,143.33,0,0,1,0,0.0
CP1240,U0215,CAT01,B001,percentage,47.1,999,2023-07-19,2024-03-25,1051.4,claimed,Chandigarh,gifted,no,250,47.1,1,14.0,1,0,0,0,1.0
CP1241,U0277,CAT03,B012,percentage,63.9,499,2024-06-24,2024-11-20,2812.25,claimed,Patna,purchased,no,149,63.9,3,131.67,0,0,0,1,0.0
CP1242,U0093,CAT10,B033,percentage,32.8,299,2024-08-28,2025-05-04,2294.99,available,Indore,referral,yes,249,32.8,2,226.5,2,0,0,1,1.0
CP1243,U0452,CAT10,B034,percentage,75.7,1499,2023-05-16,2024-01-21,3831.8,available,Visakhapatnam,earned,yes,250,75.7,1,16.0,1,0,0,0,1.0
CP1244,U0189,CAT07,B024,percentage,10.9,199,2023-01-06,2023-11-24,4706.69,expired,Kochi,gifted,no,322,10.9,2,156.0,1,1,0,1,0.5
CP1245,U0250,CAT02,B008,percentage,26.8,299,2023-04-03,2023-07-12,1956.23,available,Bengaluru,purchased,yes,100,26.8,1,135.0,0,0,0,0,0.0
CP1246,U0137,CAT05,B017,percentage,49.4,199,2023-05-22,2024-01-30,855.46,claimed,Nagpur,gifted,yes,253,49.4,4,167.0,1,0,0,0,0.25
CP1247,U0470,CAT08,B027,flat,200.0,199,2024-01-11,2024-06-25,570.92,claimed,Lucknow,gifted,yes,166,35.03,2,225.5,0,0,0,0,0.0
CP1248,U0073,CAT06,B022,flat,100.0,199,2023-01-03,2023-11-24,4230.59,available,Mumbai,earned,yes,325,2.36,3,115.33,0,1,0,0,0.0
CP1249,U0210,CAT01,B001,percentage,21.5,299,2024-12-22,2025-07-15,4755.66,claimed,Kolkata,earned,no,205,21.5,1,38.0,0,0,0,0,0.0
CP1250,U0455,CAT08,B027,percentage,74.0,1499,2024-09-17,2025-04-02,4433.12,available,Delhi,purchased,yes,197,74.0,1,224.0,1,0,0,1,1.0
CP1251,U0215,CAT03,B011,flat,150.0,0,2023-04-03,2023-07-11,1977.96,swapped,Kochi,purchased,yes,99,7.58,6,149.17,0,0,1,0,0.0
CP1252,U0295,CAT01,B003,flat,50.0,299,2023-04-04,2023-07-02,4874.89,claimed,Indore,referral,yes,89,1.03,0,0.0,1,0,0,0,0.0
CP1253,U0117,CAT02,B007,percentage,11.1,1999,2023-02-14,2023-09-17,4317.86,available,Patna,purchased,yes,215,11.1,3,238.67,0,0,0,0,0.0
CP1254,U0003,CAT01,B004,percentage,37.3,499,2023-11-18,2023-12-25,1319.31,expired,Bengaluru,referral,no,37,37.3,3,187.33,0,0,0,0,0.0
CP1255,U0409,CAT09,B032,percentage,27.0,999,2024-10-23,2025-02-02,2633.42,available,Coimbatore,earned,no,102,27.0,2,214.5,0,0,0,0,0.0
CP1256,U0212,CAT06,B021,percentage,25.9,1999,2024-04-28,2024-07-26,3676.88,swapped,Visakhapatnam,referral,no,89,25.9,1,147.0,0,0,0,0,0.0
CP1257,U0019,CAT04,B015,flat,75.0,299,2023-08-07,2023-10-12,1694.84,available,Coimbatore,earned,no,66,4.43,1,204.0,0,0,0,0,0.0
CP1258,U0225,CAT04,B014,percentage,71.9,299,2023-08-07,2024-03-08,2643.89,swapped,Pune,gifted,yes,214,71.9,1,273.0,0,0,0,1,0.0
CP1259,U0020,CAT07,B026,percentage,69.7,1499,2024-07-12,2025-03-21,2174.87,available,Coimbatore,purchased,no,252,69.7,2,224.5,1,0,0,0,0.5
CP1260,U0196,CAT05,B018,percentage,77.6,1999,2023-11-22,2024-04-16,4543.38,swapped,Lucknow,gifted,yes,146,77.6,2,101.0,0,0,1,0,0.0
CP1261,U0361,CAT09,B030,percentage,9.0,0,2024-03-30,2024-09-17,1997.69,available,Surat,gifted,no,171,9.0,2,236.0,0,0,0,0,0.0
CP1262,U0018,CAT07,B024,percentage,18.7,999,2023-01-10,2023-12-10,4687.74,swapped,Surat,purchased,no,334,18.7,1,77.0,1,1,0,0,1.0
CP1263,U0487,CAT05,B017,flat,75.0,0,2023-08-28,2023-11-17,4984.07,claimed,Visakhapatnam,referral,yes,81,1.5,1,282.0,0,1,0,0,0.0
CP1264,U0350,CAT10,B033,percentage,65.4,499,2024-12-22,2025-09-05,317.22,expired,Chennai,earned,no,257,65.4,3,153.33,0,1,0,0,0.0
CP1265,U0350,CAT10,B035,flat,250.0,199,2023-10-02,2023-12-13,4991.14,swapped,Ahmedabad,purchased,no,72,5.01,2,110.5,2,0,0,0,1.0
CP1266,U0441,CAT10,B035,flat,50.0,499,2023-01-11,2023-05-01,3809.76,expired,Delhi,purchased,yes,110,1.31,3,142.67,0,0,0,1,0.0
CP1267,U0352,CAT06,B021,flat,100.0,1499,2023-12-22,2024-12-21,2961.59,available,Vadodara,gifted,no,365,3.38,1,241.0,0,1,0,0,0.0
CP1268,U0361,CAT05,B017,flat,400.0,199,2023-04-13,2023-12-25,4230.4,claimed,Coimbatore,purchased,no,256,9.46,2,128.5,0,1,0,0,0.0
CP1269,U0025,CAT10,B035,percentage,73.5,0,2024-11-13,2025-01-15,4913.71,available,Vadodara,purchased,no,63,73.5,2,207.5,1,0,0,0,0.5
CP1270,U0179,CAT01,B002,flat,75.0,199,2023-01-04,2023-06-25,4691.55,swapped,Bhopal,purchased,no,172,1.6,1,77.0,2,0,2,0,2.0
CP1271,U0335,CAT02,B005,percentage,52.0,299,2023-04-07,2023-08-28,4408.48,claimed,Chennai,referral,no,143,52.0,1,162.0,1,0,0,0,1.0
CP1272,U0186,CAT06,B021,flat,250.0,499,2023-05-31,2023-07-23,399.78,available,Nagpur,earned,yes,53,62.53,2,107.0,0,1,0,1,0.0
CP1273,U0038,CAT01,B004,percentage,75.7,999,2024-07-14,2024-09-12,1964.94,available,Jaipur,purchased,yes,60,75.7,2,149.5,0,0,0,0,0.0
CP1274,U0292,CAT08,B029,percentage,56.0,1999,2023-08-12,2023-12-19,1480.43,claimed,Kochi,referral,yes,129,56.0,3,168.33,0,0,0,0,0.0
CP1275,U0168,CAT01,B004,percentage,33.3,0,2023-06-10,2023-12-28,1128.93,claimed,Mumbai,purchased,yes,201,33.3,2,83.5,0,0,1,1,0.0
CP1276,U0055,CAT07,B025,percentage,72.4,499,2023-07-08,2023-12-31,2709.33,available,Delhi,earned,yes,176,72.4,1,22.0,1,0,0,1,1.0
CP1277,U0378,CAT04,B014,percentage,69.2,1999,2023-03-13,2023-04-19,208.14,available,Bhopal,earned,yes,37,69.2,2,100.0,3,0,1,1,1.5
CP1278,U0468,CAT06,B021,percentage,62.3,499,2024-07-07,2025-05-17,2576.66,available,Ahmedabad,referral,yes,314,62.3,2,275.5,0,0,1,0,0.0
CP1279,U0475,CAT02,B008,percentage,21.5,0,2023-05-20,2024-04-29,1443.87,expired,Indore,gifted,no,345,21.5,2,170.0,0,0,1,0,0.0
CP1280,U0378,CAT06,B023,flat,75.0,999,2023-06-25,2024-05-23,3866.78,available,Chandigarh,purchased,yes,333,1.94,3,101.67,0,0,0,0,0.0
CP1281,U0235,CAT07,B026,flat,100.0,299,2023-01-09,2023-04-21,1800.93,available,Jaipur,gifted,no,102,5.55,0,0.0,0,0,0,1,0.0
CP1282,U0432,CAT01,B002,percentage,38.4,199,2023-04-04,2023-10-27,1166.97,expired,Mumbai,purchased,no,206,38.4,2,179.5,0,0,0,0,0.0
CP1283,U0035,CAT03,B009,percentage,50.6,299,2024-11-07,2025-03-04,4539.18,claimed,Hyderabad,gifted,no,117,50.6,4,161.0,0,0,0,0,0.0
CP1284,U0224,CAT01,B003,percentage,37.5,199,2023-04-25,2024-02-06,2700.88,available,Coimbatore,purchased,no,287,37.5,2,87.0,0,0,0,1,0.0
CP1285,U0196,CAT10,B036,flat,400.0,999,2023-06-21,2023-09-07,2607.98,expired,Surat,referral,no,78,15.34,1,125.0,0,0,0,0,0.0
CP1286,U0312,CAT09,B032,percentage,21.2,199,2024-07-14,2025-02-21,2567.18,claimed,Chennai,earned,no,222,21.2,0,0.0,0,0,0,0,0.0
CP1287,U0087,CAT06,B022,flat,75.0,1499,2024-06-10,2024-09-18,3782.26,available,Delhi,purchased,yes,100,1.98,2,139.0,1,0,0,0,0.5
CP1288,U0340,CAT10,B035,percentage,51.9,199,2023-08-23,2023-11-30,342.84,available,Jaipur,gifted,no,99,51.9,0,0.0,1,0,0,0,0.0
CP1289,U0216,CAT04,B014,flat,500.0,299,2023-04-23,2023-06-25,2907.51,expired,Mumbai,earned,yes,63,17.2,1,208.0,0,1,0,1,0.0
CP1290,U0113,CAT03,B009,percentage,78.4,1999,2023-10-11,2024-01-25,699.44,expired,Nagpur,gifted,yes,106,78.4,2,191.0,0,0,0,1,0.0
CP1291,U0048,CAT02,B006,percentage,19.5,499,2023-05-14,2024-02-25,1710.55,available,Jaipur,gifted,yes,287,19.5,2,102.5,1,2,0,0,0.5
CP1292,U0236,CAT01,B003,flat,150.0,299,2024-03-26,2024-12-14,2019.52,claimed,Vadodara,gifted,yes,263,7.43,3,179.33,1,3,0,0,0.3333
CP1293,U0241,CAT02,B005,flat,75.0,299,2024-03-01,2024-05-07,1921.69,claimed,Chennai,earned,yes,67,3.9,2,199.5,0,0,1,1,0.0
CP1294,U0035,CAT02,B005,percentage,68.2,999,2024-07-08,2024-12-26,1966.14,available,Patna,purchased,yes,171,68.2,2,164.0,0,0,0,0,0.0
CP1295,U0286,CAT02,B008,percentage,42.6,299,2024-01-11,2024-09-04,4845.75,available,Chandigarh,gifted,yes,237,42.6,1,181.0,1,1,0,0,1.0
CP1296,U0263,CAT07,B024,flat,100.0,1999,2023-03-28,2024-02-13,1998.9,available,Lucknow,earned,no,322,5.0,0,0.0,0,0,0,1,0.0
CP1297,U0310,CAT05,B017,percentage,37.4,1999,2023-07-21,2024-01-23,983.39,available,Bhopal,gifted,no,186,37.4,0,0.0,0,1,0,0,0.0
CP1298,U0069,CAT10,B036,percentage,19.2,499,2023-06-22,2024-02-04,4416.22,available,Lucknow,referral,no,227,19.2,3,169.67,0,0,0,0,0.0
CP1299,U0357,CAT04,B016,flat,250.0,299,2024-11-01,2025-09-11,1369.45,available,Visakhapatnam,referral,yes,314,18.26,0,0.0,0,0,0,0,0.0
CP1300,U0051,CAT09,B032,percentage,79.0,1499,2024-12-04,2025-11-15,3132.73,available,Pune,earned,yes,346,79.0,5,222.8,2,0,0,0,0.4
CP1301,U0455,CAT10,B036,percentage,20.1,199,2023-12-13,2024-05-13,3614.82,swapped,Lucknow,referral,yes,152,20.1,3,115.67,0,0,1,0,0.0
CP1302,U0134,CAT06,B023,percentage,44.9,199,2023-08-19,2024-01-21,4749.35,available,Pune,purchased,no,155,44.9,1,73.0,0,2,0,0,0.0
CP1303,U0443,CAT09,B031,percentage,33.0,499,2023-10-01,2024-05-07,3902.89,available,Patna,earned,no,219,33.0,2,112.5,1,0,0,0,0.5
CP1304,U0172,CAT06,B022,percentage,58.4,199,2023-10-02,2024-09-21,1834.44,available,Kochi,earned,no,355,58.4,4,207.25,0,0,0,0,0.0
CP1305,U0221,CAT07,B025,flat,500.0,199,2024-01-27,2024-03-29,4534.43,available,Chennai,gifted,no,62,11.03,2,207.5,0,0,0,0,0.0
CP1306,U0261,CAT01,B001,percentage,74.4,0,2024-09-25,2025-03-30,4083.09,available,Chandigarh,earned,no,186,74.4,0,0.0,0,0,0,0,0.0
CP1307,U0058,CAT06,B023,percentage,27.7,1999,2024-04-02,2024-08-03,4617.06,available,Jaipur,purchased,no,123,27.7,1,12.0,0,0,0,0,0.0
CP1308,U0342,CAT10,B033,percentage,33.9,299,2023-10-20,2023-12-15,3270.79,claimed,Pune,earned,yes,56,33.9,0,0.0,0,1,0,0,0.0
CP1309,U0368,CAT07,B024,percentage,28.8,1999,2023-11-13,2024-03-31,326.39,claimed,Pune,earned,no,139,28.8,3,150.33,1,0,1,0,0.3333
CP1310,U0331,CAT04,B013,flat,50.0,1499,2023-01-31,2023-11-30,3667.81,claimed,Visakhapatnam,earned,yes,303,1.36,1,256.0,1,1,0,0,1.0
CP1311,U0470,CAT03,B009,percentage,59.7,999,2024-04-02,2024-06-18,1440.21,available,Kochi,earned,no,77,59.7,3,196.0,1,0,0,0,0.3333
CP1312,U0137,CAT03,B012,flat,500.0,1999,2024-04-16,2024-09-25,3417.37,swapped,Nagpur,purchased,no,162,14.63,3,234.67,1,1,0,1,0.3333
CP1313,U0211,CAT04,B014,flat,50.0,1999,2024-12-09,2025-10-05,1740.11,expired,Ahmedabad,purchased,no,300,2.87,3,234.67,0,1,0,0,0.0
CP1314,U0209,CAT08,B028,percentage,37.2,199,2024-11-29,2025-06-12,1015.15,available,Jaipur,referral,yes,195,37.2,1,140.0,2,0,0,0,2.0
CP1315,U0475,CAT06,B021,flat,500.0,299,2023-03-06,2023-04-17,1661.14,claimed,Delhi,purchased,yes,42,30.1,6,160.83,1,0,0,0,0.1667
CP1316,U0164,CAT08,B029,percentage,14.6,499,2023-11-13,2024-03-17,3329.71,swapped,Hyderabad,gifted,no,125,14.6,3,176.33,1,0,0,0,0.3333
CP1317,U0413,CAT04,B013,flat,150.0,1499,2024-02-12,2024-12-08,3485.93,claimed,Chennai,referral,yes,300,4.3,1,162.0,0,0,1,0,0.0
CP1318,U0266,CAT02,B006,percentage,30.9,1999,2024-12-27,2025-04-14,1984.29,swapped,Mumbai,earned,yes,108,30.9,3,160.0,1,1,0,0,0.3333
CP1319,U0495,CAT10,B036,flat,250.0,999,2023-05-11,2023-12-18,1793.63,swapped,Kolkata,referral,yes,221,13.94,1,169.0,4,0,0,1,4.0
CP1320,U0359,CAT03,B010,percentage,62.8,999,2024-03-29,2024-08-22,991.02,claimed,Vadodara,purchased,no,146,62.8,1,88.0,2,0,0,0,2.0
CP1321,U0067,CAT06,B022,flat,150.0,199,2023-12-29,2024-05-22,2144.97,available,Kochi,referral,no,145,6.99,0,0.0,0,0,0,0,0.0
CP1322,U0262,CAT07,B024,flat,500.0,199,2024-04-15,2024-06-07,1976.0,claimed,Hyderabad,earned,yes,53,25.3,1,281.0,2,2,0,1,2.0
CP1323,U0203,CAT04,B016,percentage,6.1,0,2023-05-08,2023-08-25,1803.39,expired,Coimbatore,purchased,yes,109,6.1,2,89.0,2,0,1,1,1.0
CP1324,U0274,CAT02,B008,flat,300.0,1999,2024-12-25,2025-06-07,1328.44,available,Kolkata,gifted,no,164,22.58,3,109.67,0,0,0,0,0.0
CP1325,U0073,CAT03,B010,percentage,77.7,199,2023-08-10,2023-11-26,4602.23,claimed,Hyderabad,earned,no,108,77.7,0,0.0,2,0,0,0,0.0
CP1326,U0368,CAT05,B018,percentage,79.3,1999,2024-08-02,2024-11-18,3341.77,expired,Chennai,purchased,no,108,79.3,0,0.0,0,0,0,0,0.0
CP1327,U0109,CAT07,B024,percentage,66.6,299,2024-09-24,2025-04-14,3297.64,swapped,Pune,earned,no,202,66.6,2,122.0,0,0,1,0,0.0
CP1328,U0140,CAT04,B013,flat,75.0,499,2024-06-28,2024-08-25,3434.19,claimed,Hyderabad,earned,yes,58,2.18,3,168.33,0,1,0,0,0.0
CP1329,U0335,CAT08,B029,percentage,69.3,999,2023-11-09,2024-02-09,1653.6,available,Bengaluru,purchased,no,92,69.3,1,254.0,1,0,0,0,1.0
CP1330,U0118,CAT03,B012,flat,500.0,999,2023-10-21,2024-06-11,4149.45,claimed,Kochi,gifted,no,234,12.05,1,141.0,1,0,0,0,1.0
CP1331,U0410,CAT05,B020,percentage,28.9,199,2024-08-05,2024-10-11,4687.08,expired,Kochi,purchased,no,67,28.9,1,84.0,1,0,0,0,1.0
CP1332,U0220,CAT02,B005,percentage,73.9,299,2023-12-17,2024-07-02,133.69,swapped,Bengaluru,earned,no,198,73.9,2,141.0,0,0,0,0,0.0
CP1333,U0413,CAT10,B034,percentage,38.8,199,2024-05-23,2024-12-22,347.98,expired,Ahmedabad,purchased,yes,213,38.8,2,82.0,0,0,0,0,0.0
CP1334,U0255,CAT07,B024,flat,75.0,0,2024-09-29,2025-09-27,722.98,expired,Ahmedabad,gifted,yes,363,10.37,2,101.0,0,0,0,0,0.0
CP1335,U0237,CAT10,B034,flat,300.0,999,2024-09-27,2025-05-21,2854.32,claimed,Delhi,earned,no,236,10.51,2,60.5,2,0,0,0,1.0
CP1336,U0041,CAT04,B013,percentage,41.8,1999,2024-05-10,2024-10-05,3029.61,expired,Ahmedabad,gifted,no,148,41.8,2,78.5,0,1,0,0,0.0
CP1337,U0244,CAT01,B004,flat,500.0,1499,2024-07-01,2025-06-14,2746.25,available,Kolkata,referral,no,348,18.21,3,188.67,0,0,0,0,0.0
CP1338,U0159,CAT04,B013,percentage,52.2,199,2024-01-27,2024-08-12,202.84,claimed,Patna,earned,yes,198,52.2,2,255.0,1,0,0,0,0.5
CP1339,U0181,CAT04,B013,percentage,16.9,1999,2024-08-23,2024-10-27,166.42,available,Chandigarh,purchased,no,65,16.9,1,159.0,0,0,0,0,0.0
CP1340,U0365,CAT10,B036,flat,200.0,0,2024-05-06,2024-06-08,55.89,available,Coimbatore,gifted,no,33,357.85,2,172.5,1,0,0,0,0.5
CP1341,U0231,CAT05,B020,percentage,27.3,299,2024-04-03,2025-03-02,4429.83,available,Kolkata,gifted,no,333,27.3,3,146.67,0,0,3,0,0.0
CP1342,U0012,CAT07,B026,flat,200.0,499,2023-12-05,2024-01-20,1259.11,available,Pune,gifted,yes,46,15.88,1,233.0,0,0,0,0,0.0
CP1343,U0493,CAT10,B036,flat,300.0,499,2024-09-23,2025-01-26,2234.83,available,Patna,earned,yes,125,13.42,3,119.0,0,1,0,0,0.0
CP1344,U0304,CAT10,B036,percentage,20.4,499,2024-12-12,2025-07-19,3609.13,available,Kochi,purchased,yes,219,20.4,2,113.5,0,1,0,0,0.0
CP1345,U0041,CAT08,B028,flat,300.0,1999,2023-11-03,2024-04-01,1604.37,available,Visakhapatnam,earned,no,150,18.7,1,282.0,2,0,0,1,2.0
CP1346,U0127,CAT10,B036,percentage,26.1,299,2024-11-04,2025-07-14,4863.25,expired,Lucknow,earned,no,252,26.1,1,299.0,0,1,1,0,0.0
CP1347,U0203,CAT05,B017,flat,200.0,999,2024-09-18,2024-12-19,4643.62,claimed,Vadodara,purchased,no,92,4.31,0,0.0,0,0,0,0,0.0
CP1348,U0136,CAT05,B020,percentage,48.1,0,2023-10-04,2024-05-30,2652.83,expired,Coimbatore,purchased,yes,239,48.1,1,113.0,1,1,1,1,1.0
CP1349,U0295,CAT01,B003,percentage,14.6,1499,2024-05-03,2024-09-21,4096.98,claimed,Visakhapatnam,earned,no,141,14.6,0,0.0,0,0,0,0,0.0
CP1350,U0067,CAT02,B006,percentage,77.6,0,2024-08-07,2025-04-22,3471.8,available,Nagpur,earned,no,258,77.6,0,0.0,0,0,1,0,0.0
CP1351,U0147,CAT06,B022,flat,500.0,1499,2023-12-23,2024-04-29,3563.29,available,Surat,gifted,yes,128,14.03,3,93.33,0,0,0,0,0.0
CP1352,U0222,CAT03,B009,percentage,8.2,1999,2023-10-12,2024-08-27,1556.71,swapped,Ahmedabad,earned,yes,320,8.2,3,95.67,1,1,0,0,0.3333
CP1353,U0070,CAT10,B033,flat,100.0,1999,2023-12-31,2024-03-24,618.25,expired,Indore,gifted,no,84,16.17,2,139.0,1,0,0,1,0.5
CP1354,U0299,CAT06,B023,flat,300.0,299,2023-07-14,2024-01-29,3158.62,expired,Mumbai,earned,no,199,9.5,4,131.75,0,1,0,0,0.0
CP1355,U0283,CAT02,B006,flat,200.0,299,2024-12-23,2025-07-25,986.31,expired,Chandigarh,gifted,yes,214,20.28,1,98.0,1,0,0,0,1.0
CP1356,U0454,CAT02,B006,flat,500.0,199,2024-01-15,2024-03-09,1518.29,available,Bhopal,purchased,yes,54,32.93,2,241.0,0,0,1,0,0.0
CP1357,U0209,CAT01,B002,percentage,39.3,199,2023-07-07,2023-12-19,3297.32,available,Pune,earned,no,165,39.3,4,113.0,1,0,0,0,0.25
CP1358,U0017,CAT09,B032,flat,300.0,999,2024-07-07,2024-08-20,3967.78,swapped,Surat,earned,yes,44,7.56,2,76.5,0,0,0,1,0.0
CP1359,U0454,CAT10,B035,percentage,48.7,1999,2023-02-21,2023-06-09,3286.4,claimed,Nagpur,gifted,no,108,48.7,2,207.5,2,0,0,0,1.0
CP1360,U0431,CAT02,B008,percentage,79.5,299,2023-11-06,2024-03-21,339.3,available,Kochi,referral,yes,136,79.5,1,97.0,0,1,1,0,0.0
CP1361,U0374,CAT03,B011,percentage,30.4,1999,2024-04-04,2024-10-23,3781.76,expired,Kolkata,purchased,yes,202,30.4,5,180.8,0,0,0,0,0.0
CP1362,U0294,CAT10,B034,percentage,6.2,0,2023-12-05,2024-07-27,1116.85,swapped,Pune,purchased,yes,235,6.2,3,135.0,2,0,0,1,0.6667
CP1363,U0344,CAT05,B020,percentage,10.1,499,2024-12-09,2025-03-11,3927.4,available,Mumbai,gifted,no,92,10.1,2,128.5,0,1,0,0,0.0
CP1364,U0461,CAT03,B012,percentage,31.1,1499,2023-11-19,2024-04-24,330.49,available,Kochi,purchased,yes,157,31.1,6,111.17,0,1,0,0,0.0
CP1365,U0088,CAT03,B010,flat,500.0,199,2023-09-22,2024-06-27,193.76,available,Ahmedabad,purchased,no,279,258.05,3,115.33,0,0,0,1,0.0
CP1366,U0368,CAT08,B027,flat,50.0,199,2023-04-04,2023-12-22,4790.18,expired,Ahmedabad,purchased,no,262,1.04,1,135.0,0,1,0,0,0.0
CP1367,U0237,CAT01,B004,flat,300.0,1499,2023-09-23,2024-07-28,3892.13,available,Nagpur,earned,no,309,7.71,4,95.5,1,0,0,0,0.25
CP1368,U0474,CAT06,B022,percentage,51.7,299,2024-09-07,2025-01-08,297.73,available,Coimbatore,purchased,no,123,51.7,2,169.0,0,0,0,0,0.0
CP1369,U0080,CAT03,B012,percentage,30.5,299,2023-03-07,2023-07-07,3014.05,expired,Patna,earned,no,122,30.5,1,210.0,0,0,0,0,0.0
CP1370,U0469,CAT07,B025,flat,200.0,999,2024-12-30,2025-06-08,3637.3,available,Pune,gifted,yes,160,5.5,3,170.67,1,0,0,1,0.3333
CP1371,U0067,CAT08,B029,flat,75.0,0,2023-07-10,2023-09-29,475.47,available,Visakhapatnam,gifted,yes,81,15.77,5,167.8,0,0,0,0,0.0
CP1372,U0026,CAT04,B015,flat,500.0,1499,2024-03-01,2025-02-08,4585.84,swapped,Bengaluru,gifted,yes,344,10.9,5,81.2,1,0,0,1,0.2
CP1373,U0181,CAT08,B028,flat,150.0,0,2024-09-04,2024-12-20,2959.4,claimed,Jaipur,earned,yes,107,5.07,1,185.0,1,0,0,0,1.0
CP1374,U0089,CAT10,B035,flat,75.0,199,2024-05-20,2024-08-10,753.42,claimed,Chandigarh,earned,yes,82,9.95,2,88.5,1,0,0,0,0.5
CP1375,U0074,CAT04,B016,percentage,6.6,0,2023-10-24,2024-02-07,1909.62,available,Surat,earned,no,106,6.6,1,220.0,1,0,0,2,1.0
CP1376,U0355,CAT10,B036,flat,150.0,999,2023-07-19,2023-08-18,4091.45,available,Lucknow,purchased,no,30,3.67,3,113.0,2,0,0,0,0.6667
CP1377,U0298,CAT01,B003,percentage,43.9,299,2024-06-04,2025-05-06,108.13,claimed,Chennai,purchased,no,336,43.9,2,203.0,3,0,0,0,1.5
CP1378,U0393,CAT10,B036,flat,250.0,1999,2023-03-15,2024-02-21,1600.45,expired,Indore,gifted,yes,343,15.62,1,181.0,1,2,0,0,1.0
CP1379,U0213,CAT07,B025,percentage,20.7,199,2024-09-04,2025-03-15,1376.64,claimed,Nagpur,gifted,yes,192,20.7,2,147.5,0,1,0,0,0.0
CP1380,U0179,CAT03,B011,percentage,6.3,999,2023-03-24,2023-11-13,464.39,expired,Ahmedabad,purchased,no,234,6.3,5,168.8,1,0,0,0,0.2
CP1381,U0474,CAT10,B034,percentage,26.4,1999,2023-03-15,2023-09-26,4777.5,expired,Kolkata,purchased,no,195,26.4,1,55.0,0,0,0,1,0.0
CP1382,U0126,CAT06,B023,flat,300.0,499,2023-08-27,2024-05-06,3358.46,expired,Bhopal,purchased,no,253,8.93,1,275.0,0,1,1,0,0.0
CP1383,U0320,CAT03,B009,percentage,10.7,999,2024-11-10,2025-04-21,183.99,expired,Surat,purchased,yes,162,10.7,3,250.67,1,0,0,1,0.3333
CP1384,U0294,CAT02,B006,flat,50.0,999,2023-02-14,2023-08-02,4265.75,available,Chennai,purchased,yes,169,1.17,3,145.67,0,0,0,0,0.0
CP1385,U0384,CAT03,B010,percentage,67.2,299,2023-03-20,2023-10-26,2581.24,swapped,Hyderabad,earned,yes,220,67.2,1,126.0,1,1,0,0,1.0
CP1386,U0458,CAT07,B026,percentage,42.5,0,2024-02-16,2024-08-16,564.71,claimed,Visakhapatnam,gifted,yes,182,42.5,4,104.75,0,0,0,0,0.0
CP1387,U0022,CAT07,B025,flat,100.0,1999,2024-11-20,2024-12-20,1971.92,claimed,Visakhapatnam,referral,no,30,5.07,1,11.0,1,0,0,1,1.0
CP1388,U0168,CAT08,B029,percentage,23.3,1999,2023-11-18,2024-09-09,3696.91,available,Chandigarh,purchased,no,296,23.3,1,12.0,0,1,1,0,0.0
CP1389,U0338,CAT05,B017,percentage,59.3,199,2023-08-11,2024-02-08,603.38,available,Bhopal,earned,yes,181,59.3,2,196.5,1,0,0,0,0.5
CP1390,U0146,CAT02,B006,percentage,27.9,199,2023-03-07,2023-04-29,3078.08,claimed,Hyderabad,purchased,no,53,27.9,2,149.5,0,1,0,0,0.0
CP1391,U0442,CAT09,B032,flat,75.0,999,2023-04-03,2023-12-30,2260.24,expired,Bhopal,earned,no,271,3.32,2,110.0,0,1,0,0,0.0
CP1392,U0057,CAT10,B033,flat,500.0,1499,2024-12-16,2025-04-26,2770.29,available,Bhopal,gifted,yes,131,18.05,2,93.0,1,0,0,0,0.5
CP1393,U0277,CAT03,B009,percentage,31.1,299,2023-07-21,2023-11-10,1007.29,available,Hyderabad,purchased,yes,112,31.1,1,300.0,0,0,0,0,0.0
CP1394,U0364,CAT06,B021,percentage,71.5,0,2023-08-29,2024-07-05,4679.82,claimed,Chennai,referral,yes,311,71.5,0,0.0,1,0,0,0,0.0
CP1395,U0084,CAT10,B033,percentage,34.9,1999,2024-12-15,2025-08-23,2314.07,available,Pune,referral,yes,251,34.9,0,0.0,1,1,1,0,0.0
CP1396,U0345,CAT09,B030,flat,500.0,1999,2024-09-16,2025-05-01,4419.68,available,Nagpur,gifted,yes,227,11.31,2,43.5,0,1,0,0,0.0
CP1397,U0091,CAT09,B031,percentage,71.2,499,2024-07-09,2025-03-02,2301.64,available,Coimbatore,gifted,yes,236,71.2,1,55.0,1,0,0,0,1.0
CP1398,U0461,CAT01,B001,percentage,54.8,199,2023-06-10,2023-10-20,3598.64,available,Coimbatore,earned,yes,132,54.8,1,47.0,0,0,0,0,0.0
CP1399,U0245,CAT06,B021,percentage,50.0,299,2023-03-06,2023-12-31,3555.82,expired,Mumbai,gifted,no,300,50.0,3,151.33,0,0,0,0,0.0
CP1400,U0423,CAT08,B028,percentage,8.3,999,2024-10-06,2025-05-13,876.89,claimed,Coimbatore,gifted,no,219,8.3,1,172.0,1,0,1,0,1.0
CP1401,U0060,CAT04,B013,percentage,40.0,499,2024-03-31,2024-11-25,4595.19,expired,Kochi,referral,no,239,40.0,2,109.5,1,0,1,0,0.5
CP1402,U0092,CAT10,B034,percentage,27.4,1499,2024-11-07,2025-08-18,3394.01,swapped,Ahmedabad,earned,no,284,27.4,0,0.0,0,0,0,0,0.0
CP1403,U0392,CAT06,B023,flat,300.0,199,2024-06-30,2025-02-11,3077.6,available,Hyderabad,purchased,no,226,9.75,1,182.0,0,0,1,0,0.0
CP1404,U0167,CAT04,B015,percentage,49.5,199,2023-06-16,2024-01-07,3031.6,expired,Mumbai,earned,no,205,49.5,0,0.0,0,0,1,0,0.0
CP1405,U0211,CAT03,B009,percentage,52.1,499,2023-05-27,2024-05-07,2971.82,swapped,Bengaluru,earned,no,346,52.1,1,45.0,1,0,0,0,1.0
CP1406,U0158,CAT08,B027,percentage,46.5,1499,2024-09-01,2025-05-23,3414.59,available,Kochi,earned,no,264,46.5,1,32.0,0,0,0,0,0.0
CP1407,U0434,CAT07,B025,percentage,43.2,299,2024-09-14,2025-06-29,607.1,claimed,Lucknow,earned,no,288,43.2,1,200.0,0,1,0,0,0.0
CP1408,U0195,CAT04,B016,flat,500.0,299,2024-06-30,2024-09-22,3893.21,claimed,Jaipur,purchased,yes,84,12.84,3,137.67,0,0,0,0,0.0
CP1409,U0168,CAT10,B034,flat,500.0,199,2024-02-08,2024-03-14,635.42,swapped,Delhi,purchased,yes,35,78.69,1,293.0,0,1,0,2,0.0
CP1410,U0010,CAT08,B027,percentage,26.7,1999,2024-09-08,2024-11-08,2744.6,available,Jaipur,gifted,yes,61,26.7,4,137.0,2,1,0,1,0.5
CP1411,U0448,CAT04,B013,percentage,45.5,1499,2024-07-22,2024-11-26,4032.26,available,Lucknow,earned,yes,127,45.5,2,55.5,1,0,0,0,0.5
CP1412,U0178,CAT10,B036,percentage,69.1,499,2023-04-19,2024-02-26,4922.03,available,Ahmedabad,referral,no,313,69.1,2,166.0,0,0,0,0,0.0
CP1413,U0369,CAT06,B021,percentage,21.0,499,2024-11-26,2025-06-20,3810.87,available,Patna,referral,no,206,21.0,2,272.5,1,0,0,0,0.5
CP1414,U0050,CAT04,B013,flat,250.0,999,2024-02-01,2024-07-29,1342.24,claimed,Indore,referral,no,179,18.63,1,78.0,0,0,0,0,0.0
CP1415,U0335,CAT07,B025,percentage,42.7,0,2024-05-06,2024-06-14,2677.56,available,Delhi,purchased,yes,39,42.7,3,184.67,1,0,0,1,0.3333
CP1416,U0139,CAT07,B025,flat,75.0,299,2023-02-18,2023-07-16,1549.93,swapped,Ahmedabad,earned,yes,148,4.84,3,149.67,0,1,1,0,0.0
CP1417,U0463,CAT07,B025,percentage,30.7,499,2024-03-08,2025-01-18,4101.58,available,Lucknow,referral,no,316,30.7,2,139.0,1,0,0,0,0.5
CP1418,U0224,CAT03,B010,percentage,73.3,1999,2024-09-17,2025-08-18,2414.55,available,Bhopal,earned,yes,335,73.3,2,202.0,1,0,0,1,0.5
CP1419,U0332,CAT03,B009,percentage,29.9,1499,2023-08-09,2024-07-29,1509.73,expired,Jaipur,gifted,no,355,29.9,5,114.4,0,0,0,1,0.0
CP1420,U0306,CAT07,B025,percentage,56.4,199,2023-11-30,2024-07-07,3023.87,available,Hyderabad,earned,yes,220,56.4,3,233.33,1,0,0,0,0.3333
CP1421,U0148,CAT09,B030,percentage,41.7,299,2023-03-25,2023-07-03,3656.84,available,Chennai,earned,yes,100,41.7,0,0.0,0,0,0,0,0.0
CP1422,U0476,CAT01,B002,percentage,54.4,1499,2023-04-04,2023-06-07,3906.71,available,Ahmedabad,earned,no,64,54.4,3,143.0,2,0,0,0,0.6667
CP1423,U0375,CAT08,B027,percentage,25.3,199,2024-10-19,2025-08-24,3106.55,claimed,Surat,earned,yes,309,25.3,1,138.0,1,0,0,0,1.0
CP1424,U0052,CAT03,B011,percentage,68.1,499,2023-05-24,2023-11-30,622.5,claimed,Nagpur,gifted,yes,190,68.1,5,183.0,0,2,0,0,0.0
CP1425,U0025,CAT08,B027,percentage,73.7,299,2024-06-25,2025-06-16,1577.14,available,Indore,gifted,no,356,73.7,0,0.0,0,0,0,0,0.0
CP1426,U0153,CAT08,B027,flat,150.0,499,2024-01-01,2024-04-12,4375.53,expired,Lucknow,purchased,no,102,3.43,3,144.67,1,0,0,1,0.3333
CP1427,U0103,CAT02,B007,percentage,57.7,299,2024-08-07,2025-04-29,1482.46,swapped,Kolkata,purchased,yes,265,57.7,3,240.0,0,0,0,1,0.0
CP1428,U0112,CAT08,B029,percentage,21.7,499,2023-05-08,2024-03-04,461.57,expired,Kolkata,purchased,yes,301,21.7,2,272.0,0,0,0,0,0.0
CP1429,U0035,CAT07,B024,percentage,43.0,299,2023-06-29,2024-05-09,3982.3,claimed,Nagpur,purchased,no,315,43.0,0,0.0,0,0,0,0,0.0
CP1430,U0063,CAT09,B031,percentage,56.3,499,2023-11-17,2024-03-18,3472.97,available,Kolkata,referral,yes,122,56.3,2,199.5,0,0,1,0,0.0
CP1431,U0218,CAT08,B029,percentage,43.4,1499,2023-04-20,2023-11-18,2417.91,available,Chandigarh,gifted,no,212,43.4,2,253.5,0,0,0,0,0.0
CP1432,U0478,CAT08,B029,percentage,17.2,0,2024-02-12,2025-01-08,4935.34,available,Chandigarh,purchased,no,331,17.2,1,87.0,1,0,0,0,1.0
CP1433,U0313,CAT07,B026,flat,200.0,999,2023-12-16,2024-02-10,2896.82,expired,Delhi,purchased,no,56,6.9,2,289.0,0,0,0,0,0.0
CP1434,U0084,CAT08,B027,percentage,44.8,0,2023-08-28,2024-03-19,3536.15,claimed,Bhopal,earned,no,204,44.8,2,234.5,1,1,0,0,0.5
CP1435,U0398,CAT05,B018,flat,300.0,999,2023-10-11,2024-07-30,1522.83,expired,Vadodara,earned,no,293,19.7,1,127.0,1,0,0,1,1.0
CP1436,U0326,CAT08,B027,percentage,70.8,1499,2024-05-17,2024-12-01,2876.52,expired,Ahmedabad,referral,yes,198,70.8,1,192.0,0,1,0,0,0.0
CP1437,U0375,CAT10,B033,percentage,10.4,999,2024-08-20,2025-05-13,3065.55,swapped,Bengaluru,earned,no,266,10.4,2,152.5,0,1,0,0,0.0
CP1438,U0237,CAT09,B032,percentage,50.6,0,2024-04-07,2024-06-17,4634.84,expired,Visakhapatnam,purchased,no,71,50.6,1,248.0,0,0,0,0,0.0
CP1439,U0390,CAT06,B021,flat,150.0,1999,2024-03-11,2024-12-20,841.39,swapped,Visakhapatnam,purchased,yes,284,17.83,1,116.0,1,0,0,0,1.0
CP1440,U0059,CAT04,B013,percentage,42.7,1999,2024-03-20,2025-01-18,455.48,available,Nagpur,earned,yes,304,42.7,2,69.5,0,0,0,0,0.0
CP1441,U0337,CAT05,B019,percentage,71.6,1999,2023-01-24,2024-01-05,4832.05,expired,Chennai,earned,no,346,71.6,2,205.0,0,0,0,0,0.0
CP1442,U0474,CAT08,B029,percentage,28.7,499,2024-07-27,2025-03-31,2946.75,available,Kochi,purchased,no,247,28.7,1,166.0,0,0,0,0,0.0
CP1443,U0100,CAT09,B032,flat,400.0,199,2023-01-13,2023-07-25,3383.01,available,Hyderabad,purchased,yes,193,11.82,0,0.0,0,0,0,0,0.0
CP1444,U0437,CAT10,B033,percentage,76.9,999,2024-06-29,2024-10-01,4924.56,available,Surat,gifted,yes,94,76.9,2,107.0,1,0,0,0,0.5
CP1445,U0409,CAT07,B024,percentage,56.8,0,2023-12-02,2024-09-30,4285.15,expired,Delhi,purchased,yes,303,56.8,0,0.0,1,1,0,0,0.0
CP1446,U0464,CAT03,B011,percentage,39.6,299,2024-02-15,2024-04-20,4666.7,expired,Visakhapatnam,gifted,no,65,39.6,3,120.0,1,0,0,1,0.3333
CP1447,U0261,CAT07,B024,flat,75.0,1499,2023-08-11,2024-03-06,3017.94,claimed,Kolkata,gifted,yes,208,2.49,1,293.0,0,1,0,0,0.0
CP1448,U0188,CAT01,B003,percentage,78.2,1499,2024-03-16,2024-05-31,4780.35,claimed,Pune,purchased,no,76,78.2,1,274.0,1,0,0,0,1.0
CP1449,U0178,CAT07,B025,percentage,41.6,1999,2023-07-10,2024-02-07,4392.24,available,Lucknow,purchased,yes,212,41.6,3,178.33,0,0,0,0,0.0
CP1450,U0279,CAT03,B010,percentage,18.6,999,2023-01-29,2023-05-20,2138.03,expired,Chandigarh,gifted,no,111,18.6,2,88.0,0,2,0,0,0.0
CP1451,U0036,CAT04,B015,percentage,11.2,1999,2023-09-19,2024-02-27,3538.74,available,Delhi,referral,no,161,11.2,2,54.5,1,1,0,0,0.5
CP1452,U0471,CAT06,B023,flat,250.0,299,2024-07-02,2025-06-22,2077.49,available,Kochi,referral,yes,355,12.03,0,0.0,1,0,0,0,0.0
CP1453,U0074,CAT04,B013,percentage,78.5,499,2023-01-09,2023-06-23,2127.51,available,Visakhapatnam,referral,no,165,78.5,0,0.0,0,1,0,1,0.0
CP1454,U0304,CAT05,B019,percentage,44.7,299,2024-08-15,2025-01-09,3981.52,swapped,Patna,gifted,yes,147,44.7,2,129.0,1,0,0,0,0.5
CP1455,U0321,CAT07,B025,percentage,57.1,1499,2024-11-06,2025-10-12,4603.34,claimed,Chennai,gifted,no,340,57.1,2,144.5,0,0,0,0,0.0
CP1456,U0439,CAT10,B036,flat,250.0,1499,2023-12-26,2024-03-22,1223.79,expired,Surat,gifted,no,87,20.43,2,230.5,1,2,0,0,0.5
CP1457,U0329,CAT03,B012,percentage,24.9,499,2023-07-21,2023-08-30,4039.92,swapped,Hyderabad,earned,no,40,24.9,2,133.5,1,0,0,0,0.5
CP1458,U0390,CAT05,B017,percentage,76.0,999,2024-08-27,2025-06-10,4510.67,claimed,Kolkata,gifted,no,287,76.0,4,163.5,2,1,0,0,0.5
CP1459,U0390,CAT06,B023,percentage,22.6,499,2024-02-19,2024-08-12,2275.06,expired,Hyderabad,purchased,yes,175,22.6,0,0.0,0,1,1,0,0.0
CP1460,U0263,CAT10,B033,percentage,13.5,1999,2023-12-24,2024-04-30,3202.73,available,Mumbai,purchased,yes,128,13.5,2,126.5,1,0,0,0,0.5
CP1461,U0035,CAT07,B024,percentage,64.1,1499,2023-02-10,2023-07-24,4244.54,swapped,Pune,referral,yes,164,64.1,1,136.0,0,0,0,0,0.0
CP1462,U0011,CAT06,B022,percentage,5.5,0,2023-10-14,2023-12-16,3551.02,claimed,Patna,earned,no,63,5.5,0,0.0,0,2,0,0,0.0
CP1463,U0330,CAT02,B006,percentage,32.8,0,2023-09-03,2024-07-11,344.51,claimed,Vadodara,gifted,yes,312,32.8,0,0.0,1,0,0,0,0.0
CP1464,U0244,CAT03,B011,percentage,39.9,199,2024-08-24,2025-07-05,3734.82,swapped,Patna,gifted,yes,315,39.9,3,77.0,0,0,0,0,0.0
CP1465,U0095,CAT03,B011,percentage,42.2,299,2023-11-02,2024-02-13,119.24,expired,Kolkata,purchased,yes,103,42.2,0,0.0,0,0,0,0,0.0
CP1466,U0051,CAT02,B005,percentage,27.9,1499,2024-06-22,2025-02-27,1938.34,available,Mumbai,purchased,no,250,27.9,4,132.5,1,0,0,0,0.25
CP1467,U0017,CAT08,B029,flat,50.0,999,2023-06-05,2023-07-22,1709.34,expired,Chandigarh,referral,no,47,2.93,2,113.0,1,3,0,0,0.5
CP1468,U0016,CAT03,B009,percentage,19.7,0,2024-07-10,2025-06-03,1727.87,claimed,Surat,purchased,yes,328,19.7,3,196.0,1,1,1,0,0.3333
CP1469,U0014,CAT08,B027,percentage,76.6,1999,2024-07-30,2024-09-04,2333.9,claimed,Bengaluru,purchased,yes,36,76.6,0,0.0,0,1,0,0,0.0
CP1470,U0290,CAT08,B027,percentage,13.2,0,2024-07-07,2025-02-16,3729.06,claimed,Bengaluru,earned,no,224,13.2,2,202.5,0,1,0,0,0.0
CP1471,U0446,CAT03,B010,percentage,65.3,1499,2023-09-17,2024-03-26,3878.7,expired,Hyderabad,referral,yes,191,65.3,3,56.67,0,0,0,0,0.0
CP1472,U0428,CAT10,B034,percentage,79.5,0,2023-03-12,2023-12-09,2301.2,available,Bhopal,purchased,yes,272,79.5,0,0.0,0,0,0,0,0.0
CP1473,U0185,CAT04,B015,percentage,64.0,199,2023-05-15,2023-09-16,509.57,available,Ahmedabad,gifted,yes,124,64.0,1,211.0,1,1,0,0,1.0
CP1474,U0299,CAT10,B035,flat,100.0,299,2024-11-11,2024-12-19,1560.2,expired,Nagpur,referral,no,38,6.41,2,58.5,0,0,0,0,0.0
CP1475,U0181,CAT10,B033,percentage,18.7,299,2024-10-18,2025-10-03,517.15,swapped,Nagpur,gifted,no,350,18.7,4,53.0,1,0,0,0,0.25
CP1476,U0139,CAT10,B035,flat,50.0,299,2024-11-24,2025-03-02,4144.45,available,Coimbatore,gifted,no,98,1.21,1,115.0,0,0,0,0,0.0
CP1477,U0490,CAT01,B002,percentage,48.1,999,2023-04-24,2023-11-03,2928.14,expired,Chennai,earned,no,193,48.1,2,86.5,0,0,0,0,0.0
CP1478,U0065,CAT05,B020,percentage,46.7,199,2024-06-10,2025-02-10,2344.86,swapped,Mumbai,gifted,no,245,46.7,0,0.0,0,1,1,0,0.0
CP1479,U0421,CAT05,B020,percentage,43.3,1499,2023-08-25,2024-05-05,2809.58,available,Patna,purchased,yes,254,43.3,1,223.0,0,0,0,0,0.0
CP1480,U0154,CAT08,B028,percentage,47.5,0,2023-03-29,2023-12-07,299.24,claimed,Visakhapatnam,referral,yes,253,47.5,2,29.5,1,1,0,0,0.5
CP1481,U0118,CAT07,B026,flat,100.0,299,2023-07-22,2024-02-03,2724.65,claimed,Jaipur,gifted,yes,196,3.67,2,182.0,0,0,0,0,0.0
CP1482,U0164,CAT09,B030,percentage,48.1,299,2024-06-24,2025-02-19,2186.88,available,Mumbai,purchased,yes,240,48.1,2,262.5,0,0,0,0,0.0
CP1483,U0463,CAT04,B016,flat,100.0,299,2023-01-15,2023-08-16,57.38,available,Kolkata,purchased,yes,213,174.28,3,169.67,0,0,1,0,0.0
CP1484,U0123,CAT01,B004,percentage,26.9,999,2024-02-17,2024-11-05,600.59,available,Visakhapatnam,gifted,yes,262,26.9,2,185.0,1,2,0,0,0.5
CP1485,U0489,CAT02,B007,percentage,64.9,1999,2023-01-24,2023-12-16,4259.45,available,Ahmedabad,earned,yes,326,64.9,3,235.0,0,1,1,0,0.0
CP1486,U0379,CAT08,B027,flat,500.0,1499,2024-08-14,2025-05-06,3107.99,available,Coimbatore,earned,no,265,16.09,0,0.0,0,1,1,0,0.0
CP1487,U0133,CAT05,B017,flat,500.0,499,2024-03-11,2024-12-11,1262.47,available,Vadodara,earned,no,275,39.6,5,156.6,0,0,0,0,0.0
CP1488,U0043,CAT04,B014,percentage,71.8,0,2023-09-08,2024-05-23,2640.79,available,Bengaluru,earned,no,258,71.8,2,193.5,0,2,0,0,0.0
CP1489,U0499,CAT05,B019,percentage,61.9,0,2023-11-13,2024-02-27,986.11,available,Mumbai,purchased,yes,106,61.9,1,248.0,1,1,0,0,1.0
CP1490,U0193,CAT06,B021,percentage,35.8,999,2024-04-02,2024-10-13,3055.69,available,Patna,referral,no,194,35.8,3,258.0,0,1,1,1,0.0
CP1491,U0282,CAT07,B025,percentage,58.7,199,2023-04-08,2023-06-06,1371.63,claimed,Mumbai,earned,yes,59,58.7,1,289.0,0,0,1,0,0.0
CP1492,U0306,CAT09,B030,flat,150.0,1999,2024-06-09,2025-02-22,1480.48,available,Chandigarh,purchased,no,258,10.13,1,217.0,1,1,0,0,1.0
CP1493,U0117,CAT09,B030,percentage,56.7,1999,2023-05-20,2024-02-13,4568.08,claimed,Kolkata,gifted,yes,269,56.7,3,167.67,1,0,0,0,0.3333
CP1494,U0045,CAT04,B015,flat,50.0,199,2023-01-09,2023-07-08,3117.79,swapped,Coimbatore,referral,no,180,1.6,2,199.0,1,1,0,0,0.5
CP1495,U0403,CAT02,B005,flat,75.0,1499,2024-10-05,2025-02-02,4874.04,available,Mumbai,purchased,no,120,1.54,2,231.5,1,0,0,0,0.5
CP1496,U0136,CAT02,B005,percentage,50.1,499,2023-08-13,2023-10-10,2071.57,available,Ahmedabad,earned,yes,58,50.1,2,68.0,1,0,0,1,0.5
CP1497,U0463,CAT08,B027,percentage,59.3,199,2023-06-29,2023-11-08,2860.6,swapped,Bhopal,purchased,yes,132,59.3,2,25.0,1,0,0,0,0.5
CP1498,U0006,CAT03,B009,flat,200.0,499,2024-06-29,2025-02-05,3690.37,available,Surat,purchased,no,221,5.42,2,235.0,0,0,0,0,0.0
CP1499,U0458,CAT05,B020,flat,200.0,199,2024-11-01,2025-03-01,4893.42,available,Pune,referral,no,120,4.09,0,0.0,1,1,0,0,0.0
CP1500,U0188,CAT07,B024,percentage,11.6,499,2023-08-31,2023-10-03,3609.93,expired,Kolkata,referral,no,33,11.6,3,150.0,0,1,0,1,0.0
CP1501,U0252,CAT08,B027,percentage,31.2,499,2024-03-07,2024-05-18,2697.05,available,Surat,earned,yes,72,31.2,3,184.67,0,0,0,0,0.0
CP1502,U0261,CAT08,B029,flat,300.0,499,2024-04-08,2024-05-09,4244.15,expired,Chandigarh,referral,no,31,7.07,2,132.0,0,0,0,1,0.0
CP1503,U0453,CAT03,B010,percentage,10.7,499,2024-09-28,2025-06-11,4268.89,available,Jaipur,earned,no,256,10.7,2,125.0,2,0,0,0,1.0
CP1504,U0328,CAT08,B028,flat,100.0,199,2024-08-15,2024-10-14,1839.95,available,Hyderabad,earned,no,60,5.43,2,134.5,1,0,0,0,0.5
CP1505,U0121,CAT09,B032,percentage,27.6,299,2023-05-30,2023-09-01,4327.27,expired,Lucknow,purchased,no,94,27.6,2,49.5,0,0,0,0,0.0
CP1506,U0405,CAT07,B026,percentage,13.3,1499,2023-03-30,2023-10-18,2192.48,available,Kochi,purchased,no,202,13.3,1,46.0,1,0,0,1,1.0
CP1507,U0411,CAT10,B034,percentage,35.0,299,2024-12-08,2025-05-28,3231.95,available,Hyderabad,purchased,no,171,35.0,2,241.0,1,0,1,0,0.5
CP1508,U0120,CAT04,B013,percentage,39.8,299,2023-01-03,2023-09-09,1165.47,expired,Lucknow,gifted,yes,249,39.8,1,222.0,2,1,0,2,2.0
CP1509,U0208,CAT02,B007,percentage,36.5,299,2023-01-24,2023-09-18,4337.55,available,Hyderabad,earned,yes,237,36.5,1,295.0,0,0,0,0,0.0
CP1510,U0337,CAT03,B009,percentage,70.9,1499,2023-11-15,2024-03-24,1430.88,expired,Chennai,purchased,yes,130,70.9,3,112.67,1,1,0,0,0.3333
CP1511,U0003,CAT02,B008,percentage,50.8,1999,2024-06-24,2025-02-26,4732.54,claimed,Hyderabad,earned,no,247,50.8,0,0.0,0,1,1,0,0.0
CP1512,U0054,CAT01,B001,percentage,9.7,999,2024-12-16,2025-04-28,2261.27,expired,Vadodara,earned,yes,133,9.7,4,164.5,0,0,1,1,0.0
CP1513,U0153,CAT02,B005,flat,50.0,499,2023-01-14,2023-05-31,4075.79,available,Nagpur,earned,no,137,1.23,4,222.25,0,0,0,0,0.0
CP1514,U0453,CAT09,B031,percentage,61.2,199,2024-10-07,2025-05-23,3814.77,swapped,Vadodara,referral,yes,228,61.2,1,189.0,0,1,0,0,0.0
CP1515,U0421,CAT09,B031,percentage,53.6,999,2024-10-13,2025-07-08,1676.85,available,Mumbai,earned,yes,268,53.6,4,161.75,0,0,1,0,0.0
CP1516,U0012,CAT04,B016,percentage,30.3,499,2023-06-19,2023-09-18,4616.99,claimed,Indore,gifted,yes,91,30.3,5,177.6,1,1,0,0,0.2
CP1517,U0058,CAT08,B027,flat,50.0,499,2023-08-21,2024-05-16,573.63,available,Visakhapatnam,purchased,no,269,8.72,1,266.0,0,0,0,0,0.0
CP1518,U0252,CAT03,B010,flat,300.0,1999,2023-09-15,2024-06-17,647.04,available,Surat,earned,yes,276,46.36,4,231.25,0,1,0,0,0.0
CP1519,U0409,CAT08,B028,percentage,13.0,299,2023-01-08,2023-05-11,2757.8,expired,Coimbatore,gifted,no,123,13.0,5,153.6,0,1,1,1,0.0
CP1520,U0100,CAT08,B029,percentage,17.7,1999,2023-09-21,2024-03-19,3851.76,available,Chandigarh,referral,yes,180,17.7,3,183.33,1,0,0,1,0.3333
CP1521,U0343,CAT02,B008,percentage,64.2,1999,2024-01-29,2025-01-01,1943.01,available,Indore,purchased,no,338,64.2,1,114.0,0,0,0,0,0.0
CP1522,U0318,CAT01,B004,flat,250.0,1499,2023-03-09,2023-11-17,636.05,claimed,Kochi,earned,yes,253,39.31,1,25.0,0,2,1,1,0.0
CP1523,U0422,CAT02,B007,percentage,13.7,199,2024-02-21,2024-08-21,1972.56,available,Mumbai,purchased,no,182,13.7,2,95.0,0,0,0,0,0.0
CP1524,U0360,CAT01,B003,flat,100.0,1499,2023-10-16,2024-03-02,3489.45,claimed,Pune,earned,no,138,2.87,2,239.0,1,0,0,0,0.5
CP1525,U0468,CAT09,B031,percentage,21.5,0,2023-01-11,2023-07-14,3706.02,claimed,Bengaluru,earned,no,184,21.5,1,277.0,3,1,0,0,3.0
CP1526,U0244,CAT04,B013,percentage,32.6,1499,2023-03-14,2023-10-23,1855.41,expired,Coimbatore,referral,no,223,32.6,2,87.5,1,2,0,0,0.5
CP1527,U0442,CAT07,B026,flat,150.0,299,2024-11-14,2025-10-24,1201.73,claimed,Bengaluru,purchased,yes,344,12.48,2,174.5,0,0,1,0,0.0
CP1528,U0252,CAT02,B007,flat,300.0,999,2023-09-23,2024-01-10,4110.3,claimed,Bhopal,referral,yes,109,7.3,3,136.67,0,0,0,0,0.0
CP1529,U0280,CAT06,B022,percentage,30.3,1999,2023-04-24,2023-08-02,427.98,available,Nagpur,gifted,yes,100,30.3,5,117.2,1,2,0,0,0.2
CP1530,U0051,CAT03,B010,percentage,62.4,299,2024-05-24,2025-03-09,1843.29,available,Delhi,earned,no,289,62.4,1,280.0,1,0,0,0,1.0
CP1531,U0403,CAT03,B010,flat,50.0,299,2023-06-07,2023-12-05,2203.9,expired,Kochi,earned,no,181,2.27,2,247.0,3,1,0,0,1.5
CP1532,U0014,CAT08,B028,percentage,31.9,499,2024-03-28,2024-06-18,1057.69,expired,Indore,purchased,no,82,31.9,1,103.0,1,0,0,1,1.0
CP1533,U0341,CAT05,B020,percentage,53.1,1499,2023-08-24,2024-05-26,352.95,available,Surat,gifted,yes,276,53.1,4,178.5,1,2,0,0,0.25
CP1534,U0431,CAT09,B030,flat,400.0,299,2023-10-31,2024-01-06,2541.11,available,Indore,earned,no,67,15.74,2,88.5,0,0,0,0,0.0
CP1535,U0207,CAT01,B002,percentage,29.9,199,2024-02-08,2024-12-04,4472.84,available,Visakhapatnam,earned,yes,300,29.9,2,267.5,1,0,1,0,0.5
CP1536,U0457,CAT08,B028,percentage,15.2,499,2024-04-01,2025-03-31,3431.8,available,Bengaluru,referral,yes,364,15.2,3,186.33,0,1,0,1,0.0
CP1537,U0355,CAT06,B021,flat,300.0,199,2024-05-02,2024-12-31,1822.77,available,Visakhapatnam,gifted,no,243,16.46,0,0.0,1,0,0,0,0.0
CP1538,U0265,CAT10,B033,percentage,55.4,999,2023-01-31,2023-07-14,4968.56,claimed,Pune,purchased,no,164,55.4,1,122.0,2,0,0,0,2.0
CP1539,U0484,CAT06,B021,percentage,31.0,1999,2023-01-27,2023-11-21,3039.72,available,Kolkata,earned,yes,298,31.0,2,157.5,0,1,1,0,0.0
CP1540,U0161,CAT06,B023,flat,300.0,199,2023-09-21,2023-10-25,3424.97,expired,Bhopal,gifted,no,34,8.76,5,169.2,1,2,0,0,0.2
CP1541,U0177,CAT09,B032,flat,400.0,299,2024-12-28,2025-07-19,835.99,swapped,Patna,earned,yes,203,47.85,1,44.0,0,0,0,0,0.0
CP1542,U0384,CAT04,B015,percentage,18.6,1999,2023-08-04,2024-03-27,694.68,expired,Chennai,purchased,yes,236,18.6,2,148.0,1,1,0,0,0.5
CP1543,U0426,CAT03,B010,percentage,13.0,299,2023-03-18,2023-12-10,3273.68,claimed,Vadodara,purchased,no,267,13.0,3,132.33,1,0,0,0,0.3333
CP1544,U0453,CAT02,B008,percentage,63.5,999,2023-06-11,2024-05-21,1891.15,available,Coimbatore,gifted,yes,345,63.5,1,63.0,1,1,0,0,1.0
CP1545,U0005,CAT01,B003,percentage,12.8,199,2024-03-11,2025-01-31,2943.34,expired,Chennai,purchased,yes,326,12.8,1,6.0,0,1,0,0,0.0
CP1546,U0095,CAT07,B026,flat,50.0,1499,2023-04-08,2023-09-21,2017.73,claimed,Bengaluru,purchased,yes,166,2.48,2,105.5,0,0,0,1,0.0
CP1547,U0413,CAT02,B008,percentage,71.5,0,2023-01-20,2023-06-09,2030.31,available,Delhi,referral,yes,140,71.5,2,43.5,1,0,1,0,0.5
CP1548,U0094,CAT01,B003,percentage,20.7,299,2024-02-28,2024-11-18,4588.26,available,Pune,referral,no,264,20.7,2,185.0,2,1,1,0,1.0
CP1549,U0003,CAT03,B011,flat,300.0,999,2023-09-05,2024-07-15,1150.35,claimed,Chandigarh,earned,no,314,26.08,1,100.0,0,1,0,0,0.0
CP1550,U0167,CAT05,B017,percentage,31.2,0,2024-09-19,2025-07-27,3509.46,available,Vadodara,purchased,no,311,31.2,3,188.33,0,0,0,1,0.0
CP1551,U0061,CAT03,B012,percentage,69.6,1999,2023-06-13,2024-05-01,1968.7,available,Delhi,purchased,no,323,69.6,2,49.0,0,1,0,0,0.0
CP1552,U0331,CAT01,B002,flat,300.0,299,2024-04-08,2024-11-26,4129.11,claimed,Chennai,earned,no,232,7.27,3,161.33,0,1,0,0,0.0
CP1553,U0192,CAT06,B021,percentage,24.9,0,2024-10-03,2025-08-29,2290.59,available,Coimbatore,gifted,yes,330,24.9,2,155.5,0,0,0,0,0.0
CP1554,U0087,CAT07,B026,percentage,32.3,0,2024-02-27,2024-04-08,2750.92,expired,Hyderabad,earned,yes,41,32.3,3,124.33,0,0,0,0,0.0
CP1555,U0452,CAT10,B033,percentage,62.9,1999,2024-01-16,2024-07-17,1229.07,available,Jaipur,gifted,yes,183,62.9,1,291.0,1,0,0,0,1.0
CP1556,U0106,CAT10,B034,percentage,16.8,199,2023-07-17,2023-12-20,82.47,available,Kochi,purchased,yes,156,16.8,7,122.71,0,1,0,0,0.0
CP1557,U0317,CAT06,B023,flat,250.0,1499,2023-03-02,2023-05-29,1169.9,available,Surat,earned,yes,88,21.37,3,63.33,2,0,0,0,0.6667
CP1558,U0356,CAT04,B016,percentage,66.0,1999,2024-07-27,2025-01-18,1080.35,available,Pune,purchased,yes,175,66.0,4,149.0,0,0,0,1,0.0
CP1559,U0004,CAT05,B018,percentage,17.2,1999,2024-03-12,2024-06-17,2710.15,available,Coimbatore,referral,yes,97,17.2,2,94.5,0,1,0,0,0.0
CP1560,U0083,CAT02,B006,flat,200.0,999,2023-10-04,2023-12-19,334.78,expired,Vadodara,gifted,yes,76,59.74,2,85.0,0,0,0,0,0.0
CP1561,U0039,CAT01,B001,percentage,77.5,499,2024-02-16,2024-06-26,2325.94,claimed,Jaipur,purchased,yes,131,77.5,1,171.0,2,0,0,0,2.0
CP1562,U0290,CAT07,B024,percentage,70.0,199,2024-10-18,2025-01-03,4513.35,available,Hyderabad,earned,yes,77,70.0,2,198.0,0,2,1,0,0.0
CP1563,U0119,CAT07,B025,percentage,22.2,1499,2024-05-08,2024-12-14,2033.87,swapped,Jaipur,gifted,yes,220,22.2,1,97.0,0,0,1,0,0.0
CP1564,U0460,CAT09,B032,flat,200.0,199,2024-01-28,2024-04-19,3521.04,swapped,Bhopal,purchased,yes,82,5.68,3,178.0,1,1,0,0,0.3333
CP1565,U0162,CAT01,B001,percentage,16.9,1999,2024-06-29,2024-12-13,730.27,available,Chennai,earned,yes,167,16.9,2,188.5,0,2,0,0,0.0
CP1566,U0049,CAT06,B023,percentage,29.9,299,2023-01-11,2023-07-22,1088.92,expired,Hyderabad,earned,yes,192,29.9,3,120.0,0,1,0,1,0.0
CP1567,U0249,CAT05,B018,flat,50.0,999,2024-06-13,2025-02-24,2331.93,available,Indore,earned,yes,256,2.14,3,121.67,1,0,0,0,0.3333
CP1568,U0257,CAT06,B023,flat,100.0,999,2023-06-07,2023-08-23,1219.52,expired,Surat,earned,yes,77,8.2,2,171.0,2,2,1,0,1.0
CP1569,U0248,CAT10,B034,flat,50.0,499,2023-11-06,2024-09-08,255.16,claimed,Chandigarh,earned,yes,307,19.6,3,227.0,1,1,0,0,0.3333
CP1570,U0049,CAT04,B014,flat,500.0,299,2024-03-16,2024-10-13,4369.41,swapped,Chennai,gifted,no,211,11.44,2,269.0,3,0,0,1,1.5
CP1571,U0403,CAT07,B025,percentage,44.0,1999,2024-10-13,2025-07-27,1828.42,claimed,Kolkata,earned,yes,287,44.0,1,46.0,1,2,1,1,1.0
CP1572,U0404,CAT06,B023,percentage,64.5,199,2023-05-19,2024-01-11,139.05,claimed,Chandigarh,gifted,yes,237,64.5,1,117.0,2,0,0,1,2.0
CP1573,U0403,CAT06,B022,flat,250.0,999,2024-01-18,2024-03-29,1989.36,claimed,Chennai,purchased,no,71,12.57,5,129.0,1,0,0,1,0.2
CP1574,U0208,CAT01,B001,percentage,31.5,199,2024-11-10,2025-10-31,3796.82,swapped,Indore,purchased,no,355,31.5,3,105.0,0,0,1,2,0.0
CP1575,U0406,CAT04,B015,flat,50.0,199,2023-04-03,2023-07-28,1266.14,available,Lucknow,earned,yes,116,3.95,0,0.0,0,0,0,0,0.0
CP1576,U0426,CAT10,B033,flat,300.0,1499,2024-02-08,2024-06-04,2244.75,available,Chandigarh,purchased,no,117,13.36,3,222.67,1,0,0,0,0.3333
CP1577,U0332,CAT01,B003,percentage,18.9,0,2024-05-03,2024-10-25,142.88,available,Bengaluru,purchased,yes,175,18.9,5,114.4,0,3,0,0,0.0
CP1578,U0091,CAT10,B034,percentage,62.2,199,2024-07-05,2025-06-17,843.59,expired,Bengaluru,purchased,yes,347,62.2,1,39.0,0,0,0,0,0.0
CP1579,U0074,CAT07,B024,flat,300.0,499,2023-01-22,2023-11-18,2454.98,available,Chandigarh,purchased,yes,300,12.22,1,35.0,1,0,1,0,1.0
CP1580,U0145,CAT07,B024,percentage,37.7,199,2023-05-13,2023-12-29,3558.12,expired,Kochi,purchased,no,230,37.7,2,228.5,1,1,0,2,0.5
CP1581,U0423,CAT04,B016,percentage,25.4,499,2023-04-03,2023-12-16,3312.22,swapped,Hyderabad,purchased,yes,257,25.4,2,112.0,0,0,1,0,0.0
CP1582,U0145,CAT07,B024,percentage,75.3,1499,2024-09-24,2025-03-05,511.11,available,Ahmedabad,referral,yes,162,75.3,3,113.0,1,1,0,0,0.3333
CP1583,U0236,CAT07,B025,percentage,66.3,199,2023-04-30,2023-09-07,2346.41,expired,Chandigarh,gifted,no,130,66.3,2,189.5,1,0,0,0,0.5
CP1584,U0150,CAT07,B024,percentage,56.9,199,2023-09-15,2024-08-19,3137.19,available,Jaipur,referral,yes,339,56.9,3,89.67,1,2,0,0,0.3333
CP1585,U0226,CAT08,B028,flat,75.0,0,2024-06-07,2025-04-14,4990.13,expired,Nagpur,earned,yes,311,1.5,2,50.0,0,1,0,1,0.0
CP1586,U0287,CAT03,B011,flat,50.0,199,2023-06-22,2023-12-15,2254.22,available,Jaipur,purchased,no,176,2.22,2,188.0,1,1,0,0,0.5
CP1587,U0257,CAT03,B010,percentage,37.1,1999,2023-12-10,2024-04-18,1974.17,available,Patna,earned,yes,130,37.1,0,0.0,0,0,0,0,0.0
CP1588,U0194,CAT03,B011,flat,500.0,1999,2024-01-14,2024-06-07,3817.27,available,Patna,purchased,no,145,13.1,5,51.8,0,0,0,0,0.0
CP1589,U0335,CAT03,B010,percentage,60.0,0,2023-09-30,2023-12-01,4897.3,available,Surat,purchased,no,62,60.0,2,42.0,1,0,0,1,0.5
CP1590,U0201,CAT06,B022,flat,200.0,1499,2023-06-28,2023-09-12,1428.71,available,Patna,earned,yes,76,14.0,1,13.0,2,0,0,0,2.0
CP1591,U0026,CAT10,B034,percentage,10.8,299,2024-11-19,2025-07-25,2469.21,claimed,Bhopal,earned,no,248,10.8,2,241.5,3,0,0,0,1.5
CP1592,U0109,CAT04,B016,percentage,73.0,499,2023-09-26,2024-03-15,303.59,expired,Bengaluru,gifted,no,171,73.0,2,245.5,0,0,1,0,0.0
CP1593,U0348,CAT06,B022,percentage,36.1,499,2024-04-23,2024-07-29,3787.34,available,Bengaluru,gifted,no,97,36.1,1,287.0,2,0,0,1,2.0
CP1594,U0232,CAT02,B007,flat,50.0,499,2023-03-03,2023-06-17,4626.29,available,Hyderabad,purchased,no,106,1.08,1,227.0,1,0,0,0,1.0
CP1595,U0149,CAT06,B021,flat,500.0,199,2024-01-30,2024-03-10,1848.54,expired,Bhopal,purchased,yes,40,27.05,4,168.25,0,1,0,0,0.0
CP1596,U0126,CAT04,B014,percentage,73.6,199,2024-08-29,2025-06-15,183.9,claimed,Indore,earned,yes,290,73.6,3,107.67,0,0,0,0,0.0
CP1597,U0094,CAT07,B025,flat,75.0,1499,2024-07-15,2024-10-22,957.88,available,Nagpur,referral,no,99,7.83,2,194.0,1,1,0,0,0.5
CP1598,U0260,CAT02,B005,flat,400.0,499,2024-06-04,2025-05-31,1679.03,claimed,Surat,earned,yes,361,23.82,3,231.33,0,0,1,0,0.0
CP1599,U0349,CAT07,B025,flat,300.0,1999,2023-07-29,2024-01-30,887.34,claimed,Vadodara,referral,no,185,33.81,6,238.83,0,0,0,0,0.0
CP1600,U0435,CAT07,B024,flat,250.0,0,2024-10-14,2025-04-27,4227.02,claimed,Patna,purchased,yes,195,5.91,0,0.0,0,0,1,1,0.0
CP1601,U0280,CAT08,B027,percentage,69.2,1999,2024-03-08,2024-05-16,2037.29,expired,Mumbai,gifted,yes,69,69.2,2,226.5,2,0,0,1,1.0
CP1602,U0477,CAT03,B009,flat,300.0,1499,2023-06-16,2024-05-06,4486.75,available,Kolkata,referral,yes,325,6.69,4,206.5,0,0,0,0,0.0
CP1603,U0252,CAT09,B032,percentage,79.6,0,2024-07-03,2024-10-22,2831.17,available,Surat,referral,yes,111,79.6,2,98.0,2,0,0,0,1.0
CP1604,U0217,CAT04,B016,percentage,60.3,1999,2023-01-07,2023-11-06,4160.77,claimed,Chennai,gifted,no,303,60.3,3,113.0,0,1,0,0,0.0
CP1605,U0498,CAT03,B009,percentage,57.2,0,2024-07-02,2024-11-29,3389.13,available,Surat,gifted,yes,150,57.2,1,77.0,1,1,1,0,1.0
CP1606,U0014,CAT02,B007,percentage,47.4,499,2024-03-04,2024-11-19,3014.13,available,Surat,earned,no,260,47.4,3,229.67,3,1,2,0,1.0
CP1607,U0491,CAT04,B013,percentage,79.7,299,2024-06-27,2024-10-18,1198.4,swapped,Jaipur,earned,yes,113,79.7,3,156.67,0,1,1,0,0.0
CP1608,U0058,CAT01,B002,flat,75.0,499,2024-04-22,2025-02-21,2383.81,swapped,Mumbai,gifted,no,305,3.15,2,118.5,0,2,0,0,0.0
CP1609,U0297,CAT05,B018,flat,250.0,1999,2024-10-22,2025-08-18,3790.25,swapped,Delhi,purchased,no,300,6.6,0,0.0,2,0,1,1,0.0
CP1610,U0001,CAT10,B034,flat,500.0,199,2023-04-06,2023-10-21,4700.44,expired,Hyderabad,gifted,yes,198,10.64,2,177.0,0,1,0,0,0.0
CP1611,U0016,CAT07,B026,percentage,38.5,999,2023-02-19,2023-07-03,3164.06,available,Bengaluru,gifted,no,134,38.5,3,103.33,0,0,0,0,0.0
CP1612,U0446,CAT03,B010,percentage,36.1,1999,2023-06-28,2024-06-25,1515.11,available,Visakhapatnam,gifted,yes,363,36.1,2,199.0,1,0,0,0,0.5
CP1613,U0488,CAT01,B004,percentage,43.1,999,2024-08-16,2025-03-07,960.06,claimed,Jaipur,purchased,no,203,43.1,3,193.67,1,0,1,0,0.3333
CP1614,U0453,CAT09,B030,percentage,49.4,499,2023-04-26,2024-03-28,4299.97,available,Nagpur,gifted,yes,337,49.4,3,169.67,2,0,0,0,0.6667
CP1615,U0062,CAT01,B001,percentage,68.1,499,2023-09-03,2024-08-17,331.25,expired,Chennai,referral,no,349,68.1,1,142.0,1,0,0,0,1.0
CP1616,U0323,CAT04,B015,percentage,21.4,1499,2024-09-01,2025-04-14,960.21,available,Visakhapatnam,earned,no,225,21.4,0,0.0,1,0,1,0,0.0
CP1617,U0153,CAT01,B001,percentage,60.2,199,2023-10-30,2024-02-10,3305.27,available,Bhopal,earned,yes,103,60.2,3,125.33,1,2,0,0,0.3333
CP1618,U0466,CAT03,B010,percentage,23.6,299,2023-07-07,2024-05-14,2870.89,available,Delhi,purchased,no,312,23.6,1,239.0,0,0,0,0,0.0
CP1619,U0163,CAT08,B027,percentage,61.6,199,2023-09-06,2024-04-15,4230.09,swapped,Lucknow,purchased,no,222,61.6,0,0.0,2,0,1,2,0.0
CP1620,U0418,CAT04,B016,percentage,61.5,499,2024-12-17,2025-10-15,3959.38,expired,Jaipur,earned,yes,302,61.5,0,0.0,0,0,2,0,0.0
CP1621,U0076,CAT07,B026,percentage,70.8,0,2024-06-06,2025-04-11,1793.78,expired,Indore,referral,yes,309,70.8,3,180.67,2,0,1,0,0.6667
CP1622,U0102,CAT09,B031,percentage,58.4,199,2024-02-25,2024-06-11,1192.56,available,Chandigarh,earned,no,107,58.4,1,78.0,1,0,1,0,1.0
CP1623,U0496,CAT05,B017,percentage,48.6,1999,2024-08-03,2025-05-08,4442.95,swapped,Ahmedabad,earned,no,278,48.6,4,137.75,0,0,0,0,0.0
CP1624,U0066,CAT03,B012,percentage,77.1,0,2024-07-31,2025-07-13,1949.97,available,Indore,referral,no,347,77.1,3,267.33,0,1,2,0,0.0
CP1625,U0466,CAT03,B010,flat,300.0,999,2024-09-16,2025-08-14,3303.66,available,Vadodara,earned,yes,332,9.08,1,202.0,0,0,0,0,0.0
CP1626,U0264,CAT04,B015,flat,400.0,499,2024-02-14,2024-12-24,3565.07,claimed,Chennai,gifted,no,314,11.22,2,68.0,2,0,0,0,1.0
CP1627,U0268,CAT01,B003,percentage,24.1,1999,2023-06-26,2023-08-20,4047.02,swapped,Pune,purchased,yes,55,24.1,2,154.0,2,0,0,1,1.0
CP1628,U0207,CAT10,B034,flat,75.0,0,2023-06-08,2023-09-10,195.19,swapped,Lucknow,purchased,no,94,38.42,4,137.25,1,1,0,0,0.25
CP1629,U0339,CAT07,B024,flat,75.0,199,2023-11-09,2024-11-06,4271.89,swapped,Patna,purchased,no,363,1.76,4,89.5,1,0,0,1,0.25
CP1630,U0078,CAT02,B005,percentage,65.9,1499,2024-05-22,2024-12-02,4225.9,claimed,Delhi,earned,no,194,65.9,6,197.0,0,1,0,0,0.0
CP1631,U0152,CAT06,B023,percentage,17.0,0,2024-11-14,2025-02-21,1681.06,swapped,Ahmedabad,purchased,yes,99,17.0,2,200.0,0,0,0,0,0.0
CP1632,U0219,CAT04,B015,flat,50.0,499,2024-08-06,2025-05-11,3062.72,expired,Vadodara,referral,no,278,1.63,1,239.0,1,0,0,0,1.0
CP1633,U0068,CAT03,B009,percentage,69.3,0,2024-02-16,2024-12-15,471.62,expired,Pune,earned,yes,303,69.3,2,208.5,2,1,1,1,1.0
CP1634,U0293,CAT08,B029,percentage,12.5,299,2024-06-22,2025-02-27,4891.95,available,Lucknow,earned,yes,250,12.5,0,0.0,2,0,0,0,0.0
CP1635,U0062,CAT05,B018,flat,200.0,1499,2024-05-17,2024-10-25,858.67,available,Bengaluru,earned,no,161,23.29,5,176.6,1,0,1,0,0.2
CP1636,U0255,CAT10,B035,flat,75.0,499,2023-01-14,2023-03-11,2504.55,claimed,Bengaluru,gifted,no,56,2.99,1,298.0,0,1,0,0,0.0
CP1637,U0495,CAT01,B002,percentage,61.8,0,2024-11-10,2025-03-11,775.73,available,Vadodara,earned,yes,121,61.8,2,218.5,0,0,0,0,0.0
CP1638,U0098,CAT10,B034,percentage,19.5,299,2024-04-15,2024-06-04,3672.22,expired,Lucknow,purchased,no,50,19.5,4,92.0,0,1,0,0,0.0
CP1639,U0228,CAT05,B017,flat,400.0,1499,2024-03-17,2024-04-29,4795.91,available,Ahmedabad,earned,no,43,8.34,2,283.5,2,0,0,0,1.0
CP1640,U0040,CAT02,B005,flat,400.0,1999,2024-02-28,2024-09-09,3797.43,available,Nagpur,earned,no,194,10.53,4,149.25,0,1,0,0,0.0
CP1641,U0178,CAT02,B008,flat,100.0,0,2024-07-05,2025-06-03,1376.52,available,Jaipur,purchased,yes,333,7.26,1,48.0,0,0,0,0,0.0
CP1642,U0374,CAT09,B031,percentage,30.8,1499,2024-07-11,2024-09-19,4048.41,available,Indore,purchased,no,70,30.8,2,150.0,1,0,0,0,0.5
CP1643,U0332,CAT06,B021,percentage,13.8,499,2024-02-12,2024-04-06,4115.23,available,Lucknow,purchased,yes,54,13.8,2,93.5,0,0,0,0,0.0
CP1644,U0010,CAT01,B003,percentage,28.4,1999,2024-07-06,2024-12-24,1280.79,swapped,Coimbatore,purchased,yes,171,28.4,1,292.0,0,0,0,0,0.0
CP1645,U0393,CAT09,B030,flat,300.0,1499,2024-02-08,2024-05-30,3670.36,available,Kochi,referral,no,112,8.17,3,205.67,2,0,0,1,0.6667
CP1646,U0078,CAT05,B017,flat,500.0,499,2024-07-07,2024-08-12,1642.39,claimed,Surat,purchased,no,36,30.44,4,130.0,1,0,0,0,0.25
CP1647,U0176,CAT05,B020,flat,150.0,1499,2023-07-28,2023-12-26,2116.74,available,Kolkata,earned,no,151,7.09,3,157.67,1,0,0,1,0.3333
CP1648,U0391,CAT05,B019,flat,500.0,1999,2024-06-03,2024-07-30,4210.14,claimed,Visakhapatnam,earned,no,57,11.88,3,193.33,0,0,1,0,0.0
CP1649,U0359,CAT01,B002,percentage,56.0,999,2023-05-01,2024-04-01,508.65,expired,Lucknow,referral,yes,336,56.0,1,153.0,1,0,0,0,1.0
CP1650,U0052,CAT02,B006,flat,100.0,0,2024-02-04,2024-09-14,1709.66,available,Surat,earned,no,223,5.85,1,189.0,1,0,0,0,1.0
CP1651,U0336,CAT03,B012,percentage,54.4,499,2023-04-25,2024-03-24,210.13,swapped,Chennai,purchased,no,334,54.4,5,161.4,0,1,2,0,0.0
CP1652,U0187,CAT04,B016,flat,400.0,1499,2024-05-03,2024-10-19,1428.65,claimed,Delhi,referral,yes,169,28.0,5,237.4,1,1,0,0,0.2
CP1653,U0422,CAT04,B013,percentage,9.8,999,2024-02-04,2024-04-11,2882.86,expired,Patna,purchased,no,67,9.8,4,191.0,1,0,0,0,0.25
CP1654,U0360,CAT07,B025,percentage,35.6,1999,2023-09-12,2024-03-27,2902.28,swapped,Kochi,purchased,yes,197,35.6,4,137.25,1,1,0,1,0.25
CP1655,U0192,CAT03,B012,percentage,45.1,499,2023-01-17,2023-04-23,4074.12,swapped,Mumbai,purchased,no,96,45.1,1,65.0,1,1,1,0,1.0
CP1656,U0122,CAT09,B031,percentage,74.6,0,2023-02-23,2023-10-12,2011.32,available,Mumbai,gifted,yes,231,74.6,3,252.67,0,0,0,0,0.0
CP1657,U0320,CAT09,B032,percentage,52.5,999,2023-09-30,2023-11-03,2959.45,available,Kolkata,earned,yes,34,52.5,1,229.0,1,0,0,0,1.0
CP1658,U0074,CAT03,B009,flat,150.0,299,2024-10-16,2024-11-29,719.52,claimed,Surat,purchased,yes,44,20.85,2,90.0,0,3,0,1,0.0
CP1659,U0440,CAT08,B028,percentage,57.2,0,2024-01-11,2024-06-07,2893.67,expired,Chandigarh,purchased,no,148,57.2,1,17.0,0,1,0,0,0.0
CP1660,U0479,CAT01,B002,flat,400.0,299,2023-12-24,2024-10-01,3324.85,available,Jaipur,referral,yes,282,12.03,2,150.5,0,0,0,0,0.0
CP1661,U0356,CAT01,B003,percentage,46.8,299,2024-09-11,2025-03-04,4632.36,available,Bengaluru,purchased,yes,174,46.8,0,0.0,0,0,0,0,0.0
CP1662,U0180,CAT09,B030,flat,300.0,999,2023-12-23,2024-12-09,1096.24,swapped,Lucknow,earned,no,352,27.37,1,33.0,0,0,0,0,0.0
CP1663,U0253,CAT07,B024,flat,250.0,999,2023-06-02,2023-09-03,2500.46,available,Bhopal,gifted,yes,93,10.0,1,151.0,0,0,1,0,0.0
CP1664,U0217,CAT07,B024,flat,100.0,0,2023-11-14,2024-09-16,2265.84,available,Ahmedabad,earned,no,307,4.41,1,165.0,0,0,0,0,0.0
CP1665,U0259,CAT01,B002,percentage,65.0,299,2023-03-06,2023-10-09,184.51,available,Kolkata,earned,yes,217,65.0,2,204.0,1,1,0,0,0.5
CP1666,U0415,CAT08,B027,flat,75.0,0,2024-03-09,2024-12-18,1614.37,available,Visakhapatnam,gifted,yes,284,4.65,1,211.0,1,0,0,0,1.0
CP1667,U0303,CAT06,B021,percentage,27.7,299,2023-08-03,2024-01-05,1572.57,claimed,Delhi,earned,no,155,27.7,2,91.5,1,0,0,1,0.5
CP1668,U0299,CAT06,B021,percentage,65.9,0,2024-12-12,2025-09-07,1630.62,claimed,Patna,referral,yes,269,65.9,4,147.0,0,0,0,1,0.0
CP1669,U0298,CAT09,B032,percentage,34.8,199,2023-11-04,2024-06-28,2176.94,available,Hyderabad,earned,yes,237,34.8,3,205.0,1,1,0,0,0.3333
CP1670,U0236,CAT06,B023,percentage,24.8,499,2024-11-17,2025-09-29,2757.35,available,Indore,purchased,yes,316,24.8,0,0.0,2,1,0,1,0.0
CP1671,U0126,CAT04,B016,flat,75.0,1999,2024-07-09,2024-12-21,79.6,claimed,Patna,purchased,yes,165,94.22,0,0.0,0,1,0,0,0.0
CP1672,U0354,CAT10,B035,percentage,23.1,1499,2023-07-14,2023-10-25,3038.34,claimed,Ahmedabad,purchased,no,103,23.1,1,190.0,0,0,0,0,0.0
CP1673,U0123,CAT05,B019,percentage,70.1,1999,2023-05-17,2023-11-27,861.13,available,Indore,gifted,yes,194,70.1,0,0.0,3,0,0,0,0.0
CP1674,U0115,CAT05,B018,percentage,73.9,1499,2024-09-28,2025-01-17,2697.84,available,Ahmedabad,purchased,yes,111,73.9,3,64.33,0,0,0,0,0.0
CP1675,U0217,CAT03,B009,percentage,23.9,999,2023-01-01,2023-03-05,985.05,expired,Chennai,gifted,no,63,23.9,5,162.4,1,0,0,1,0.2
CP1676,U0310,CAT03,B010,flat,400.0,999,2024-11-06,2025-01-11,2650.09,swapped,Mumbai,earned,no,66,15.09,2,118.5,1,0,1,0,0.5
CP1677,U0065,CAT06,B022,flat,250.0,499,2023-10-03,2024-04-25,335.02,swapped,Surat,gifted,yes,205,74.62,2,197.0,1,0,0,1,0.5
CP1678,U0126,CAT04,B014,percentage,5.3,199,2024-02-07,2024-07-31,3383.5,available,Bhopal,referral,yes,175,5.3,0,0.0,2,0,1,2,0.0
CP1679,U0213,CAT03,B012,percentage,40.0,1499,2023-07-28,2023-10-04,2555.85,swapped,Chandigarh,gifted,no,68,40.0,7,177.29,0,0,0,0,0.0
CP1680,U0286,CAT08,B027,flat,400.0,299,2023-01-04,2023-05-20,309.18,available,Delhi,gifted,no,136,129.37,1,128.0,0,2,0,0,0.0
CP1681,U0243,CAT03,B011,percentage,26.6,1999,2023-02-08,2024-01-31,3554.89,expired,Ahmedabad,referral,no,357,26.6,1,285.0,0,0,0,1,0.0
CP1682,U0220,CAT01,B004,percentage,61.9,499,2024-06-02,2024-09-25,2130.23,available,Mumbai,earned,no,115,61.9,3,212.33,0,0,0,1,0.0
CP1683,U0098,CAT03,B009,flat,150.0,1999,2024-12-24,2025-08-18,2566.37,swapped,Chandigarh,referral,no,237,5.84,0,0.0,0,0,0,0,0.0
CP1684,U0305,CAT07,B026,percentage,48.0,499,2023-10-01,2024-04-09,3246.16,available,Visakhapatnam,referral,no,191,48.0,5,124.4,1,0,1,0,0.2
CP1685,U0468,CAT10,B035,flat,75.0,1499,2023-09-21,2024-08-22,2555.13,available,Vadodara,referral,no,336,2.94,6,120.5,1,0,0,0,0.1667
CP1686,U0422,CAT01,B003,percentage,65.0,499,2023-08-01,2023-11-12,3886.63,available,Kolkata,purchased,yes,103,65.0,2,137.5,1,0,0,1,0.5
CP1687,U0081,CAT10,B035,flat,75.0,1499,2023-05-14,2023-08-03,2762.86,expired,Coimbatore,earned,yes,81,2.71,2,134.5,1,0,0,1,0.5
CP1688,U0129,CAT02,B007,percentage,47.2,0,2023-12-14,2024-05-08,70.21,available,Indore,gifted,yes,146,47.2,2,202.5,1,0,1,0,0.5
CP1689,U0481,CAT03,B010,flat,500.0,499,2024-12-21,2025-06-24,1535.85,expired,Chennai,gifted,no,185,32.56,1,49.0,0,0,0,0,0.0
CP1690,U0073,CAT09,B032,percentage,68.5,199,2024-05-28,2025-03-23,1064.9,claimed,Coimbatore,earned,yes,299,68.5,4,131.75,0,0,0,0,0.0
CP1691,U0268,CAT06,B023,percentage,68.6,0,2023-03-11,2023-10-25,1952.88,available,Kolkata,earned,no,228,68.6,0,0.0,0,0,0,0,0.0
CP1692,U0275,CAT10,B035,percentage,40.1,1999,2024-08-11,2025-07-13,4844.26,available,Surat,gifted,no,336,40.1,3,235.0,1,0,0,0,0.3333
CP1693,U0124,CAT10,B035,percentage,64.8,0,2023-07-17,2024-05-19,4288.76,swapped,Indore,purchased,no,307,64.8,4,72.75,1,0,0,0,0.25
CP1694,U0214,CAT02,B005,flat,50.0,0,2024-08-10,2024-11-20,1951.75,available,Hyderabad,gifted,no,102,2.56,1,90.0,0,0,0,0,0.0
CP1695,U0256,CAT06,B023,percentage,43.0,1499,2023-10-12,2024-04-28,4637.61,swapped,Surat,gifted,no,199,43.0,1,209.0,0,0,0,0,0.0
CP1696,U0221,CAT08,B028,percentage,77.5,299,2023-09-18,2024-06-14,78.32,available,Visakhapatnam,gifted,no,270,77.5,3,31.33,1,0,0,0,0.3333
CP1697,U0196,CAT09,B030,percentage,9.3,299,2023-03-15,2023-11-12,1314.0,available,Chennai,referral,no,242,9.3,3,104.67,1,0,0,0,0.3333
CP1698,U0074,CAT05,B017,flat,400.0,1999,2023-10-31,2023-12-02,4247.75,available,Visakhapatnam,gifted,no,32,9.42,4,122.75,0,0,0,1,0.0
CP1699,U0232,CAT01,B002,flat,400.0,0,2023-02-12,2023-04-15,4793.74,available,Delhi,referral,no,62,8.34,2,32.0,1,0,1,0,0.5
CP1700,U0032,CAT05,B018,flat,500.0,199,2024-10-20,2025-06-17,273.85,expired,Delhi,gifted,yes,240,182.58,1,12.0,0,0,0,1,0.0
CP1701,U0007,CAT01,B003,flat,150.0,999,2023-10-03,2024-08-24,3862.28,claimed,Vadodara,gifted,no,326,3.88,4,176.5,0,0,0,1,0.0
CP1702,U0138,CAT10,B036,percentage,25.5,0,2023-06-06,2024-04-15,1088.24,available,Jaipur,gifted,no,314,25.5,3,164.0,1,0,1,0,0.3333
CP1703,U0154,CAT06,B021,percentage,31.5,999,2024-01-22,2024-10-29,4869.73,available,Surat,gifted,yes,281,31.5,3,154.33,0,0,0,0,0.0
CP1704,U0390,CAT10,B035,flat,250.0,999,2024-08-21,2025-08-07,273.53,expired,Bhopal,purchased,no,351,91.4,4,180.25,1,0,0,0,0.25
CP1705,U0182,CAT05,B018,flat,50.0,999,2023-08-27,2023-11-11,3022.3,expired,Surat,gifted,yes,76,1.65,1,178.0,1,1,1,0,1.0
CP1706,U0050,CAT08,B027,flat,100.0,999,2023-02-11,2023-07-07,3733.3,expired,Nagpur,purchased,no,146,2.68,2,249.0,0,1,0,1,0.0
CP1707,U0035,CAT08,B028,percentage,76.7,999,2023-04-27,2023-11-01,4501.8,expired,Visakhapatnam,earned,yes,188,76.7,1,125.0,0,3,0,1,0.0
CP1708,U0448,CAT01,B002,flat,250.0,499,2024-10-18,2025-08-10,3496.84,expired,Jaipur,purchased,no,296,7.15,0,0.0,1,0,0,0,0.0
CP1709,U0378,CAT03,B010,percentage,21.5,1499,2024-03-15,2024-04-29,1834.94,claimed,Vadodara,earned,yes,45,21.5,3,114.67,1,0,0,0,0.3333
CP1710,U0051,CAT08,B028,flat,200.0,1999,2024-06-12,2024-10-27,4911.84,available,Mumbai,gifted,yes,137,4.07,1,23.0,1,0,2,0,1.0
CP1711,U0416,CAT10,B034,flat,75.0,999,2024-01-16,2024-04-02,4620.45,expired,Bengaluru,gifted,yes,77,1.62,2,220.0,1,1,0,0,0.5
CP1712,U0160,CAT05,B018,flat,250.0,499,2023-12-15,2024-10-28,3133.14,claimed,Mumbai,referral,yes,318,7.98,0,0.0,1,1,0,0,0.0
CP1713,U0061,CAT04,B014,percentage,15.8,499,2024-10-31,2025-07-30,3142.14,swapped,Mumbai,referral,yes,272,15.8,3,174.33,0,1,0,0,0.0
CP1714,U0162,CAT04,B016,flat,50.0,1999,2023-02-06,2023-10-13,1400.03,expired,Coimbatore,earned,no,249,3.57,3,105.33,0,0,0,0,0.0
CP1715,U0361,CAT01,B003,flat,400.0,299,2024-08-17,2025-02-28,399.48,expired,Bhopal,gifted,no,195,100.13,4,161.75,0,0,0,0,0.0
CP1716,U0351,CAT04,B013,flat,500.0,0,2024-07-07,2025-06-21,4222.81,expired,Indore,gifted,no,349,11.84,2,152.0,0,0,0,0,0.0
CP1717,U0155,CAT10,B033,percentage,50.2,299,2024-07-25,2025-06-17,2574.14,claimed,Chandigarh,purchased,yes,327,50.2,1,56.0,1,0,1,0,1.0
CP1718,U0012,CAT09,B031,percentage,38.2,1999,2023-07-30,2024-05-23,820.0,available,Nagpur,gifted,yes,298,38.2,1,243.0,1,0,0,0,1.0
CP1719,U0403,CAT04,B016,flat,100.0,1499,2023-04-28,2024-04-15,3033.0,claimed,Surat,earned,yes,353,3.3,6,147.83,1,0,1,1,0.1667
CP1720,U0418,CAT03,B012,flat,75.0,1999,2024-06-07,2024-09-13,181.44,expired,Mumbai,referral,no,98,41.34,2,203.5,2,1,0,0,1.0
CP1721,U0068,CAT10,B033,flat,50.0,199,2024-04-10,2025-03-06,2431.19,available,Coimbatore,purchased,yes,330,2.06,1,143.0,0,0,0,0,0.0
CP1722,U0339,CAT04,B015,flat,500.0,299,2024-11-09,2025-07-20,3056.99,claimed,Delhi,purchased,no,253,16.36,2,211.0,0,0,0,0,0.0
CP1723,U0442,CAT01,B004,percentage,39.5,999,2024-09-20,2025-05-19,3925.56,swapped,Kolkata,gifted,no,241,39.5,2,219.5,1,1,0,0,0.5
CP1724,U0052,CAT01,B004,percentage,60.5,299,2023-06-24,2023-11-12,1679.88,claimed,Surat,gifted,yes,141,60.5,2,105.5,1,0,0,1,0.5
CP1725,U0346,CAT06,B021,percentage,44.4,1499,2024-09-24,2025-08-28,1152.09,available,Jaipur,purchased,no,338,44.4,2,161.0,0,0,0,0,0.0
CP1726,U0033,CAT06,B023,percentage,12.9,299,2023-03-20,2023-09-25,4444.43,swapped,Hyderabad,earned,yes,189,12.9,0,0.0,1,0,0,1,0.0
CP1727,U0167,CAT06,B021,percentage,45.2,1499,2024-03-30,2024-06-26,3762.76,expired,Coimbatore,earned,yes,88,45.2,1,254.0,2,0,0,0,2.0
CP1728,U0276,CAT10,B036,flat,400.0,0,2024-09-24,2025-06-09,4374.87,available,Lucknow,earned,no,258,9.14,2,87.5,0,0,0,0,0.0
CP1729,U0415,CAT06,B022,percentage,24.8,299,2024-04-29,2025-03-19,172.46,expired,Pune,earned,no,324,24.8,3,45.33,0,0,0,1,0.0
CP1730,U0481,CAT07,B025,flat,75.0,199,2024-03-18,2024-08-06,3085.12,claimed,Nagpur,gifted,yes,141,2.43,2,110.0,0,1,0,0,0.0
CP1731,U0308,CAT02,B007,percentage,42.4,1499,2024-04-08,2024-07-29,3363.33,expired,Pune,purchased,no,112,42.4,2,162.5,1,0,0,0,0.5
CP1732,U0170,CAT09,B032,percentage,7.8,999,2024-08-01,2024-10-15,1873.03,expired,Lucknow,earned,yes,75,7.8,6,149.83,0,0,0,0,0.0
CP1733,U0282,CAT04,B014,percentage,33.2,299,2024-01-17,2024-03-22,3152.8,available,Pune,earned,no,65,33.2,0,0.0,0,0,0,1,0.0
CP1734,U0434,CAT01,B004,flat,200.0,499,2023-10-26,2024-06-08,3559.64,available,Hyderabad,gifted,no,226,5.62,1,218.0,0,1,0,0,0.0
CP1735,U0059,CAT09,B031,flat,400.0,499,2023-10-02,2024-09-08,365.03,available,Mumbai,referral,yes,342,109.58,3,202.67,0,0,0,0,0.0
CP1736,U0457,CAT02,B005,percentage,46.4,0,2024-10-23,2025-04-17,1178.24,expired,Jaipur,earned,no,176,46.4,3,145.33,1,1,1,0,0.3333
CP1737,U0416,CAT01,B003,flat,150.0,499,2024-12-11,2025-09-16,1474.62,expired,Ahmedabad,earned,yes,279,10.17,3,123.67,2,0,0,0,0.6667
CP1738,U0395,CAT09,B031,percentage,52.8,0,2023-09-05,2024-01-16,4068.94,available,Kochi,referral,yes,133,52.8,3,209.33,0,0,1,0,0.0
CP1739,U0457,CAT10,B036,flat,100.0,199,2023-04-30,2024-03-10,2107.3,claimed,Hyderabad,earned,no,315,4.75,3,181.0,0,0,0,1,0.0
CP1740,U0383,CAT07,B025,percentage,10.8,499,2023-05-23,2023-11-29,4580.59,available,Delhi,purchased,yes,190,10.8,2,127.5,0,0,0,0,0.0
CP1741,U0461,CAT03,B010,percentage,49.1,199,2023-02-10,2023-04-18,3639.73,swapped,Coimbatore,purchased,no,67,49.1,5,91.6,0,0,0,0,0.0
CP1742,U0315,CAT08,B028,percentage,6.2,0,2024-04-30,2025-01-16,1670.62,claimed,Jaipur,earned,yes,261,6.2,2,63.0,0,0,0,0,0.0
CP1743,U0033,CAT05,B019,percentage,17.3,499,2023-09-09,2024-04-05,1555.02,available,Kochi,gifted,no,209,17.3,1,148.0,0,0,0,0,0.0
CP1744,U0127,CAT03,B012,flat,75.0,499,2024-07-16,2025-02-27,3770.46,available,Bengaluru,earned,no,226,1.99,2,172.0,0,1,2,0,0.0
CP1745,U0094,CAT07,B026,percentage,31.7,499,2023-06-11,2024-06-02,3442.28,available,Jaipur,earned,no,357,31.7,2,143.5,0,0,0,1,0.0
CP1746,U0002,CAT10,B033,percentage,74.5,199,2024-07-14,2025-01-25,3727.61,available,Bengaluru,earned,yes,195,74.5,3,154.67,0,0,1,0,0.0
CP1747,U0247,CAT05,B019,flat,200.0,199,2024-07-16,2025-03-07,943.81,swapped,Pune,earned,no,234,21.19,2,20.5,1,0,0,0,0.5
CP1748,U0142,CAT08,B027,flat,75.0,499,2023-09-16,2024-04-17,3669.51,expired,Kochi,earned,no,214,2.04,2,121.5,1,0,2,1,0.5
CP1749,U0235,CAT10,B034,percentage,12.0,999,2023-09-24,2024-08-20,2609.44,claimed,Surat,purchased,yes,331,12.0,2,189.0,1,0,0,0,0.5
CP1750,U0254,CAT01,B003,percentage,29.2,1499,2023-09-07,2024-05-19,2205.46,available,Kolkata,purchased,no,255,29.2,1,253.0,0,0,0,0,0.0
CP1751,U0495,CAT09,B030,percentage,59.2,199,2024-07-02,2025-04-03,474.58,available,Bengaluru,gifted,yes,275,59.2,3,90.67,0,0,0,1,0.0
CP1752,U0054,CAT05,B018,percentage,45.1,1999,2023-06-24,2024-06-11,123.17,expired,Bengaluru,gifted,yes,353,45.1,2,90.5,1,0,0,1,0.5
CP1753,U0170,CAT01,B004,percentage,29.0,1999,2023-11-05,2024-02-08,2298.0,available,Coimbatore,earned,yes,95,29.0,4,118.25,0,0,0,0,0.0
CP1754,U0191,CAT03,B012,flat,150.0,299,2023-09-08,2023-11-13,937.07,expired,Mumbai,gifted,yes,66,16.01,2,128.5,0,1,0,2,0.0
CP1755,U0332,CAT03,B010,percentage,76.9,1499,2024-03-18,2024-10-05,4714.79,swapped,Mumbai,earned,yes,201,76.9,2,233.0,0,1,0,0,0.0
CP1756,U0014,CAT03,B011,flat,75.0,499,2023-10-24,2024-02-09,2073.85,available,Surat,purchased,no,108,3.62,2,244.0,1,1,0,1,0.5
CP1757,U0458,CAT10,B034,percentage,78.7,199,2024-02-16,2024-10-20,1068.74,expired,Ahmedabad,purchased,yes,247,78.7,2,146.5,0,1,0,0,0.0
CP1758,U0095,CAT05,B017,percentage,29.0,1499,2024-08-24,2024-11-28,921.7,available,Ahmedabad,earned,yes,96,29.0,2,271.5,1,0,0,0,0.5
CP1759,U0274,CAT10,B033,flat,75.0,299,2023-08-01,2024-01-09,1084.93,claimed,Kolkata,purchased,yes,161,6.91,2,193.5,0,0,1,0,0.0
CP1760,U0082,CAT06,B021,percentage,76.7,199,2023-04-30,2023-09-16,3678.04,available,Bhopal,earned,no,139,76.7,4,84.0,2,0,0,0,0.5
CP1761,U0313,CAT03,B010,percentage,42.5,499,2023-11-02,2024-05-02,2169.57,available,Jaipur,earned,no,182,42.5,1,277.0,1,0,0,0,1.0
CP1762,U0127,CAT07,B024,percentage,60.9,499,2024-08-20,2025-03-20,3764.25,claimed,Nagpur,earned,yes,212,60.9,3,157.0,0,2,0,0,0.0
CP1763,U0208,CAT05,B019,percentage,40.4,1999,2023-08-26,2024-03-25,3883.27,available,Chennai,referral,no,212,40.4,4,190.5,0,0,0,1,0.0
CP1764,U0492,CAT06,B022,percentage,10.0,199,2024-05-14,2024-12-29,1880.17,available,Visakhapatnam,purchased,no,229,10.0,1,231.0,0,0,0,0,0.0
CP1765,U0128,CAT07,B025,percentage,40.5,499,2024-01-14,2024-06-04,4252.53,expired,Chennai,purchased,no,142,40.5,3,136.0,1,0,1,0,0.3333
CP1766,U0107,CAT05,B020,percentage,28.8,999,2023-08-27,2024-03-17,2923.77,expired,Bhopal,purchased,no,203,28.8,2,154.0,2,1,0,0,1.0
CP1767,U0253,CAT04,B014,percentage,70.8,999,2024-12-25,2025-08-10,796.14,available,Nagpur,purchased,no,228,70.8,3,189.0,0,0,0,0,0.0
CP1768,U0139,CAT07,B024,flat,500.0,199,2023-08-18,2024-02-29,4703.92,available,Coimbatore,gifted,no,195,10.63,3,81.0,1,1,0,0,0.3333
CP1769,U0152,CAT04,B013,percentage,12.6,999,2024-07-05,2024-10-18,2378.43,claimed,Vadodara,earned,yes,105,12.6,1,283.0,2,0,0,0,2.0
CP1770,U0052,CAT07,B024,percentage,21.8,499,2024-05-27,2024-08-07,4489.84,claimed,Kolkata,earned,yes,72,21.8,3,149.0,1,0,0,0,0.3333
CP1771,U0195,CAT01,B002,percentage,65.5,0,2024-04-30,2024-08-04,2384.08,available,Mumbai,referral,no,96,65.5,4,118.0,0,0,0,1,0.0
CP1772,U0285,CAT09,B032,percentage,41.1,199,2024-07-21,2024-08-29,1963.66,available,Kolkata,purchased,yes,39,41.1,2,117.0,0,1,0,1,0.0
CP1773,U0095,CAT05,B020,flat,200.0,299,2024-03-28,2024-11-16,3230.1,expired,Patna,referral,yes,233,6.19,3,235.0,0,0,0,1,0.0
CP1774,U0307,CAT07,B026,percentage,61.3,0,2023-07-30,2023-12-04,2327.05,expired,Patna,referral,no,127,61.3,2,188.5,0,0,2,0,0.0
CP1775,U0342,CAT01,B002,percentage,47.9,0,2024-06-01,2024-08-10,948.53,available,Chandigarh,earned,no,70,47.9,1,50.0,1,0,0,0,1.0
CP1776,U0115,CAT02,B008,percentage,55.4,199,2024-02-26,2025-01-02,1676.75,claimed,Delhi,purchased,no,311,55.4,5,168.8,0,1,0,1,0.0
CP1777,U0206,CAT02,B006,percentage,63.0,1999,2023-01-29,2023-04-27,3606.16,claimed,Jaipur,earned,yes,88,63.0,2,104.0,2,2,0,1,1.0
CP1778,U0244,CAT02,B006,percentage,25.4,1499,2023-10-06,2024-02-23,2125.35,claimed,Kolkata,referral,no,140,25.4,1,45.0,0,0,0,1,0.0
CP1779,U0046,CAT09,B030,percentage,66.9,1499,2024-07-12,2024-12-24,357.28,available,Bhopal,gifted,yes,165,66.9,0,0.0,0,0,0,1,0.0
CP1780,U0206,CAT01,B001,flat,500.0,0,2023-04-04,2023-06-26,4877.83,claimed,Patna,earned,yes,83,10.25,3,229.67,1,0,0,0,0.3333
CP1781,U0272,CAT01,B001,flat,100.0,999,2023-02-09,2023-05-27,4162.43,available,Bhopal,referral,no,107,2.4,3,128.67,1,0,0,0,0.3333
CP1782,U0021,CAT09,B030,flat,75.0,199,2024-09-27,2025-08-31,1495.29,available,Kolkata,purchased,no,338,5.02,1,41.0,1,0,0,0,1.0
CP1783,U0102,CAT05,B019,flat,50.0,0,2023-08-03,2024-02-12,2156.06,expired,Patna,referral,yes,193,2.32,4,161.25,0,0,1,0,0.0
CP1784,U0041,CAT08,B029,percentage,74.1,299,2024-01-27,2024-03-27,3946.66,available,Bengaluru,earned,yes,60,74.1,2,113.0,0,0,0,0,0.0
CP1785,U0475,CAT04,B014,flat,75.0,1999,2024-08-19,2025-02-23,4093.72,swapped,Lucknow,referral,yes,188,1.83,1,262.0,0,0,0,0,0.0
CP1786,U0436,CAT03,B009,percentage,13.9,1499,2024-06-30,2025-03-22,1530.42,available,Nagpur,referral,yes,265,13.9,1,109.0,0,1,0,1,0.0
CP1787,U0252,CAT10,B034,flat,400.0,499,2024-06-06,2025-01-10,1508.09,available,Vadodara,purchased,yes,218,26.52,0,0.0,0,0,0,0,0.0
CP1788,U0063,CAT01,B004,percentage,77.8,1999,2024-11-04,2025-06-16,2909.1,available,Pune,earned,yes,224,77.8,2,104.5,0,1,0,0,0.0
CP1789,U0043,CAT06,B022,flat,75.0,299,2024-12-28,2025-05-28,1128.09,available,Vadodara,earned,yes,151,6.65,2,133.0,0,1,0,0,0.0
CP1790,U0086,CAT07,B024,percentage,24.0,299,2023-12-19,2024-07-08,918.73,expired,Lucknow,referral,yes,202,24.0,2,122.0,1,1,0,0,0.5
CP1791,U0299,CAT03,B011,percentage,59.0,999,2023-03-08,2023-12-01,3006.19,claimed,Visakhapatnam,gifted,no,268,59.0,5,164.4,0,1,0,1,0.0
CP1792,U0030,CAT07,B025,percentage,43.0,0,2024-09-04,2025-01-25,1877.76,claimed,Surat,gifted,no,143,43.0,2,200.5,1,0,0,0,0.5
CP1793,U0437,CAT07,B024,percentage,63.4,199,2023-10-31,2024-02-12,2268.86,expired,Indore,purchased,no,104,63.4,3,243.33,1,1,0,0,0.3333
CP1794,U0244,CAT03,B011,percentage,6.9,0,2024-01-27,2024-03-01,3333.52,available,Jaipur,purchased,yes,34,6.9,0,0.0,1,0,0,0,0.0
CP1795,U0134,CAT01,B004,percentage,76.7,0,2024-03-07,2024-07-07,3947.89,claimed,Hyderabad,referral,yes,122,76.7,4,77.5,0,0,0,0,0.0
CP1796,U0249,CAT07,B025,percentage,9.4,199,2023-10-06,2023-12-26,2704.68,available,Bhopal,purchased,yes,81,9.4,3,92.67,1,0,0,0,0.3333
CP1797,U0074,CAT02,B007,flat,100.0,999,2023-05-24,2023-10-18,783.01,available,Ahmedabad,purchased,no,147,12.77,1,169.0,0,0,0,1,0.0
CP1798,U0311,CAT08,B028,flat,500.0,999,2023-07-17,2024-02-15,2997.7,available,Jaipur,purchased,no,213,16.68,0,0.0,0,0,0,0,0.0
CP1799,U0361,CAT08,B029,flat,150.0,0,2024-01-17,2024-04-08,4683.26,available,Mumbai,earned,no,82,3.2,1,62.0,0,0,0,0,0.0
CP1800,U0393,CAT04,B015,flat,400.0,1499,2023-05-30,2023-09-21,2676.53,available,Mumbai,earned,no,114,14.94,0,0.0,0,1,1,0,0.0
CP1801,U0285,CAT05,B017,percentage,75.2,0,2024-01-04,2024-10-10,3014.04,claimed,Pune,purchased,yes,280,75.2,8,84.88,1,1,0,0,0.125
CP1802,U0466,CAT02,B005,flat,75.0,1999,2024-09-28,2025-03-24,3575.86,available,Lucknow,purchased,no,177,2.1,2,106.5,1,0,0,0,0.5
CP1803,U0285,CAT03,B009,flat,200.0,499,2023-10-22,2024-07-18,4009.34,available,Ahmedabad,earned,yes,270,4.99,2,199.0,0,0,0,1,0.0
CP1804,U0468,CAT02,B006,percentage,21.7,999,2023-12-19,2024-09-28,3230.25,swapped,Pune,gifted,yes,284,21.7,0,0.0,1,1,0,0,0.0
CP1805,U0477,CAT03,B009,percentage,54.5,199,2024-03-31,2024-09-05,4119.0,available,Patna,purchased,no,158,54.5,4,237.75,1,1,0,0,0.25
CP1806,U0293,CAT09,B031,flat,400.0,299,2024-01-17,2024-12-15,3504.47,available,Jaipur,purchased,yes,333,11.41,3,228.67,0,1,0,0,0.0
CP1807,U0184,CAT07,B026,flat,50.0,199,2024-12-07,2025-06-07,2623.12,expired,Bhopal,purchased,yes,182,1.91,0,0.0,1,1,1,0,0.0
CP1808,U0388,CAT01,B004,percentage,39.5,299,2023-08-28,2024-05-15,1887.71,swapped,Bengaluru,gifted,yes,261,39.5,2,187.0,1,1,0,0,0.5
CP1809,U0036,CAT08,B028,percentage,21.7,299,2024-11-10,2025-09-22,2959.34,claimed,Ahmedabad,gifted,yes,316,21.7,2,212.5,0,0,0,0,0.0
CP1810,U0083,CAT09,B031,percentage,59.2,1499,2024-09-22,2025-09-01,3083.7,available,Jaipur,gifted,no,344,59.2,1,298.0,0,0,1,0,0.0
CP1811,U0346,CAT03,B011,flat,50.0,199,2024-06-28,2024-12-19,1239.92,available,Jaipur,purchased,no,174,4.03,2,136.0,0,1,0,1,0.0
CP1812,U0364,CAT09,B030,flat,200.0,199,2023-03-23,2023-12-10,1573.68,expired,Surat,purchased,no,262,12.71,0,0.0,0,0,0,0,0.0
CP1813,U0434,CAT10,B033,percentage,30.4,999,2024-04-14,2024-10-05,4644.42,available,Nagpur,earned,no,174,30.4,2,152.0,1,0,0,0,0.5
CP1814,U0391,CAT01,B002,percentage,32.7,199,2023-03-04,2023-08-03,1147.04,available,Surat,earned,no,152,32.7,1,116.0,0,1,0,0,0.0
CP1815,U0276,CAT06,B021,flat,75.0,1999,2023-11-26,2024-11-17,739.53,available,Delhi,purchased,yes,357,10.14,4,168.0,0,0,1,0,0.0
CP1816,U0308,CAT10,B036,percentage,72.9,0,2024-12-07,2025-11-18,2240.98,available,Lucknow,referral,yes,346,72.9,0,0.0,0,0,1,1,0.0
CP1817,U0464,CAT03,B009,percentage,35.5,0,2024-07-08,2024-11-05,1827.95,available,Chennai,referral,no,120,35.5,2,105.5,0,0,0,0,0.0
CP1818,U0114,CAT10,B034,percentage,79.3,199,2023-01-06,2023-08-26,4106.06,expired,Kolkata,purchased,yes,232,79.3,3,110.67,1,0,0,0,0.3333
CP1819,U0095,CAT10,B034,percentage,27.7,199,2024-01-02,2024-02-04,273.16,available,Patna,purchased,yes,33,27.7,0,0.0,1,0,0,0,0.0
CP1820,U0044,CAT04,B014,percentage,21.9,999,2024-09-10,2025-06-16,355.88,available,Mumbai,purchased,no,279,21.9,2,159.5,0,0,1,0,0.0
CP1821,U0367,CAT07,B024,percentage,18.8,1499,2023-12-15,2024-07-24,3401.23,expired,Bengaluru,gifted,no,222,18.8,0,0.0,1,1,0,0,0.0
CP1822,U0416,CAT06,B023,percentage,59.5,199,2024-08-16,2025-07-30,1173.18,available,Kochi,earned,yes,348,59.5,0,0.0,3,2,0,0,0.0
CP1823,U0239,CAT03,B010,percentage,33.9,1999,2024-10-04,2025-06-30,2695.65,available,Surat,gifted,no,269,33.9,3,149.33,0,2,0,1,0.0
CP1824,U0152,CAT05,B018,percentage,63.7,1999,2023-05-02,2024-04-10,1796.08,expired,Hyderabad,referral,no,344,63.7,2,196.5,0,2,0,0,0.0
CP1825,U0177,CAT08,B028,flat,300.0,199,2023-12-15,2024-02-12,3311.23,claimed,Bhopal,purchased,yes,59,9.06,2,196.5,0,1,0,0,0.0
CP1826,U0245,CAT10,B034,percentage,66.6,999,2024-10-25,2025-05-07,321.97,expired,Vadodara,purchased,yes,194,66.6,5,142.2,0,0,1,0,0.0
CP1827,U0281,CAT04,B013,flat,300.0,1499,2024-05-04,2025-04-19,4640.44,available,Nagpur,earned,yes,350,6.46,1,156.0,0,1,0,0,0.0
CP1828,U0277,CAT06,B021,percentage,19.9,299,2024-05-12,2024-08-13,2949.58,available,Ahmedabad,gifted,no,93,19.9,1,54.0,0,1,0,0,0.0
CP1829,U0147,CAT09,B031,percentage,73.4,1999,2023-03-27,2023-06-07,803.5,available,Mumbai,purchased,yes,72,73.4,2,103.0,0,0,0,0,0.0
CP1830,U0290,CAT08,B028,flat,150.0,1499,2024-08-06,2025-06-07,785.09,available,Bengaluru,purchased,no,305,19.11,3,147.67,1,0,0,0,0.3333
CP1831,U0314,CAT07,B025,percentage,52.0,199,2024-01-25,2024-09-05,677.71,claimed,Coimbatore,earned,yes,224,52.0,0,0.0,0,0,0,0,0.0
CP1832,U0176,CAT08,B029,percentage,65.1,999,2024-05-23,2025-01-19,404.31,swapped,Kolkata,referral,yes,241,65.1,1,102.0,0,1,0,0,0.0
CP1833,U0412,CAT01,B001,percentage,25.6,299,2023-02-01,2023-09-17,860.15,available,Lucknow,purchased,no,228,25.6,3,275.33,2,2,0,0,0.6667
CP1834,U0162,CAT04,B015,percentage,15.8,299,2023-07-07,2023-12-27,1142.01,expired,Pune,gifted,no,173,15.8,1,113.0,0,0,0,0,0.0
CP1835,U0211,CAT07,B025,flat,300.0,299,2024-09-20,2025-06-17,2668.23,claimed,Patna,gifted,yes,270,11.24,1,153.0,1,0,0,0,1.0
CP1836,U0209,CAT05,B019,flat,75.0,1499,2023-01-23,2023-07-29,733.54,available,Bhopal,earned,no,187,10.22,1,54.0,0,0,0,0,0.0
CP1837,U0420,CAT06,B022,percentage,30.0,1499,2023-04-23,2023-08-04,318.47,available,Ahmedabad,earned,no,103,30.0,3,234.67,1,0,0,0,0.3333
CP1838,U0315,CAT08,B027,percentage,22.4,499,2023-11-24,2024-01-04,2942.32,available,Jaipur,referral,yes,41,22.4,2,57.0,0,0,0,0,0.0
CP1839,U0462,CAT03,B009,percentage,70.2,0,2024-11-03,2025-06-11,970.93,expired,Lucknow,referral,no,220,70.2,6,170.5,1,0,0,0,0.1667
CP1840,U0498,CAT09,B032,flat,50.0,499,2023-10-21,2024-05-14,3629.05,claimed,Ahmedabad,gifted,no,206,1.38,5,132.0,0,0,0,0,0.0
CP1841,U0069,CAT01,B004,percentage,22.3,0,2024-09-17,2025-07-15,1498.39,claimed,Ahmedabad,earned,yes,301,22.3,1,245.0,1,0,0,0,1.0
CP1842,U0475,CAT08,B029,flat,100.0,999,2024-12-11,2025-02-07,3508.65,available,Bengaluru,earned,no,58,2.85,2,263.0,1,0,0,0,0.5
CP1843,U0101,CAT08,B028,flat,400.0,499,2023-01-13,2023-09-02,3169.19,expired,Visakhapatnam,gifted,yes,232,12.62,1,184.0,1,0,1,0,1.0
CP1844,U0457,CAT02,B005,flat,100.0,1499,2023-01-28,2023-03-24,3395.65,available,Jaipur,purchased,no,55,2.94,1,287.0,0,0,0,0,0.0
CP1845,U0346,CAT09,B030,percentage,61.5,999,2024-03-09,2024-11-25,1936.08,swapped,Visakhapatnam,purchased,no,261,61.5,3,155.67,0,0,0,0,0.0
CP1846,U0196,CAT08,B029,flat,75.0,0,2024-12-15,2025-04-29,4266.52,claimed,Jaipur,earned,no,135,1.76,1,224.0,0,0,1,0,0.0
CP1847,U0144,CAT07,B026,percentage,47.2,999,2024-01-15,2024-09-15,3590.2,available,Kolkata,purchased,no,244,47.2,1,143.0,0,0,0,0,0.0
CP1848,U0056,CAT02,B006,percentage,66.9,299,2023-01-01,2023-03-11,1494.28,available,Kochi,earned,yes,69,66.9,2,198.0,1,0,0,1,0.5
CP1849,U0328,CAT09,B030,percentage,44.3,1999,2024-06-05,2025-04-26,3654.85,available,Jaipur,earned,yes,325,44.3,1,107.0,1,0,1,0,1.0
CP1850,U0458,CAT05,B017,percentage,9.8,999,2024-02-20,2024-10-04,1732.66,expired,Surat,purchased,yes,227,9.8,2,57.0,2,0,0,1,1.0
CP1851,U0026,CAT05,B018,percentage,39.4,199,2023-12-27,2024-10-10,258.21,claimed,Hyderabad,referral,no,288,39.4,3,108.33,1,0,0,0,0.3333
CP1852,U0135,CAT07,B025,percentage,41.5,0,2024-04-06,2025-02-11,501.49,swapped,Delhi,purchased,no,311,41.5,2,190.0,1,1,0,0,0.5
CP1853,U0331,CAT02,B008,flat,500.0,1499,2024-12-11,2025-10-23,1060.82,expired,Bhopal,purchased,no,316,47.13,5,166.6,0,0,0,0,0.0
CP1854,U0044,CAT09,B031,percentage,64.9,999,2024-03-08,2024-06-03,2877.87,expired,Chandigarh,gifted,yes,87,64.9,2,88.5,2,0,0,1,1.0
CP1855,U0443,CAT04,B014,percentage,40.7,0,2023-02-12,2023-08-25,1697.56,swapped,Kolkata,gifted,no,194,40.7,1,190.0,0,1,0,0,0.0
CP1856,U0226,CAT06,B023,percentage,49.1,1499,2024-03-08,2024-09-21,792.26,available,Kochi,referral,yes,197,49.1,3,231.67,0,0,1,0,0.0
CP1857,U0049,CAT10,B034,percentage,34.1,499,2024-11-06,2025-02-16,4531.84,expired,Surat,earned,yes,102,34.1,3,144.33,1,0,0,0,0.3333
CP1858,U0249,CAT06,B023,flat,300.0,999,2024-03-14,2025-01-18,4351.58,available,Kolkata,purchased,no,310,6.89,0,0.0,0,0,0,0,0.0
CP1859,U0387,CAT04,B014,flat,400.0,499,2023-07-03,2024-04-03,2178.49,claimed,Pune,purchased,yes,275,18.36,0,0.0,1,0,0,0,0.0
CP1860,U0448,CAT06,B023,flat,100.0,999,2023-11-24,2024-02-26,1884.55,available,Hyderabad,referral,yes,94,5.31,1,293.0,0,0,1,0,0.0
CP1861,U0474,CAT09,B031,flat,50.0,499,2024-07-02,2025-05-16,669.06,expired,Mumbai,earned,yes,318,7.47,4,189.0,0,1,0,0,0.0
CP1862,U0234,CAT09,B032,flat,400.0,1499,2024-05-01,2025-01-26,4753.13,available,Visakhapatnam,purchased,no,270,8.42,4,166.5,0,1,0,1,0.0
CP1863,U0400,CAT03,B012,flat,300.0,999,2023-07-23,2023-08-22,354.32,available,Bengaluru,purchased,yes,30,84.67,0,0.0,1,0,0,0,0.0
CP1864,U0111,CAT03,B011,percentage,27.1,1499,2023-10-25,2024-07-31,4823.34,available,Nagpur,earned,no,280,27.1,4,165.25,2,0,1,0,0.5
CP1865,U0299,CAT08,B027,flat,300.0,1499,2023-05-04,2024-03-25,2399.95,available,Vadodara,gifted,no,326,12.5,2,89.0,0,1,1,1,0.0
CP1866,U0269,CAT07,B025,percentage,8.1,1999,2024-09-16,2025-04-27,1210.92,available,Jaipur,purchased,no,223,8.1,1,139.0,0,0,0,0,0.0
CP1867,U0350,CAT03,B010,flat,200.0,1499,2023-05-22,2024-01-01,1854.42,expired,Vadodara,purchased,yes,224,10.79,2,139.0,1,0,0,1,0.5
CP1868,U0361,CAT03,B009,percentage,62.0,0,2023-09-07,2024-08-21,2320.34,available,Lucknow,gifted,yes,349,62.0,1,18.0,1,1,0,0,1.0
CP1869,U0301,CAT07,B024,flat,250.0,0,2024-05-19,2025-05-11,458.95,swapped,Delhi,earned,yes,357,54.47,2,139.0,0,0,0,1,0.0
CP1870,U0005,CAT01,B001,percentage,67.2,0,2023-06-05,2024-02-04,2544.4,available,Kochi,earned,yes,244,67.2,2,85.0,1,0,0,0,0.5
CP1871,U0113,CAT05,B020,flat,400.0,299,2024-07-23,2024-12-04,1480.66,claimed,Kolkata,gifted,yes,134,27.01,3,184.33,0,0,1,0,0.0
CP1872,U0047,CAT10,B034,percentage,47.8,1999,2024-04-28,2025-03-15,1298.14,available,Visakhapatnam,referral,no,321,47.8,1,90.0,1,3,0,0,1.0
CP1873,U0483,CAT05,B018,flat,50.0,499,2023-08-01,2023-10-16,3478.73,expired,Bhopal,gifted,yes,76,1.44,1,226.0,0,0,1,0,0.0
CP1874,U0462,CAT09,B030,percentage,45.4,199,2023-09-28,2024-08-26,4943.08,claimed,Ahmedabad,purchased,yes,333,45.4,0,0.0,1,1,0,0,0.0
CP1875,U0156,CAT01,B002,percentage,34.3,1499,2023-02-20,2023-05-05,3744.1,expired,Surat,purchased,yes,74,34.3,2,164.0,1,0,0,0,0.5
CP1876,U0206,CAT09,B031,percentage,66.8,1499,2024-05-22,2024-08-18,1054.45,available,Kolkata,referral,no,88,66.8,1,234.0,0,2,0,0,0.0
CP1877,U0416,CAT07,B026,flat,300.0,0,2024-09-04,2025-01-14,492.58,available,Delhi,earned,yes,132,60.9,1,129.0,0,1,0,0,0.0
CP1878,U0496,CAT02,B008,percentage,59.5,0,2023-11-14,2024-09-11,908.78,claimed,Pune,gifted,no,302,59.5,2,67.5,0,0,0,0,0.0
CP1879,U0350,CAT02,B007,percentage,75.7,0,2023-07-04,2024-06-17,3127.11,available,Jaipur,earned,no,349,75.7,3,173.67,1,0,0,0,0.3333
CP1880,U0274,CAT07,B025,percentage,62.8,1499,2024-02-08,2024-06-04,172.43,expired,Bengaluru,purchased,yes,117,62.8,3,142.33,1,0,0,0,0.3333
CP1881,U0400,CAT07,B026,percentage,69.0,499,2024-08-08,2025-02-09,4475.94,swapped,Indore,earned,no,185,69.0,3,42.33,0,1,1,0,0.0
CP1882,U0349,CAT04,B013,flat,75.0,999,2023-02-07,2023-09-03,4737.04,expired,Pune,purchased,no,208,1.58,0,0.0,0,0,0,0,0.0
CP1883,U0049,CAT08,B027,percentage,51.4,999,2023-10-25,2024-02-03,2943.42,available,Lucknow,purchased,no,101,51.4,5,144.0,1,0,0,0,0.2
CP1884,U0015,CAT10,B034,percentage,35.6,1999,2023-12-31,2024-12-26,3655.94,available,Nagpur,gifted,yes,361,35.6,2,244.0,0,0,0,1,0.0
CP1885,U0278,CAT09,B031,percentage,70.2,1999,2023-05-09,2024-03-05,4793.04,available,Pune,gifted,no,301,70.2,2,209.0,2,0,0,0,1.0
CP1886,U0236,CAT01,B001,flat,300.0,499,2024-10-17,2025-02-06,900.89,available,Bhopal,gifted,no,112,33.3,4,174.0,0,0,0,0,0.0
CP1887,U0230,CAT09,B032,percentage,47.7,1499,2024-12-05,2025-04-13,2015.56,swapped,Surat,purchased,yes,129,47.7,0,0.0,1,0,0,0,0.0
CP1888,U0275,CAT08,B028,percentage,23.1,0,2023-11-22,2024-10-06,721.12,available,Nagpur,gifted,yes,319,23.1,2,158.0,1,0,0,1,0.5
CP1889,U0013,CAT07,B025,flat,400.0,999,2024-01-25,2024-07-24,4201.09,swapped,Kochi,referral,yes,181,9.52,1,295.0,0,0,0,0,0.0
CP1890,U0056,CAT06,B021,flat,200.0,1999,2023-05-08,2024-01-18,1968.28,claimed,Patna,purchased,yes,255,10.16,3,130.33,0,0,1,2,0.0
CP1891,U0273,CAT03,B011,flat,250.0,499,2023-04-06,2024-02-03,447.38,available,Lucknow,gifted,yes,303,55.88,1,186.0,1,1,1,1,1.0
CP1892,U0135,CAT01,B003,flat,50.0,299,2024-09-09,2025-01-11,2992.11,claimed,Visakhapatnam,referral,no,124,1.67,1,130.0,1,0,0,0,1.0
CP1893,U0009,CAT06,B023,percentage,8.7,1999,2023-08-27,2024-08-19,749.41,available,Hyderabad,purchased,yes,358,8.7,0,0.0,0,0,0,1,0.0
CP1894,U0019,CAT06,B023,percentage,53.3,499,2024-02-05,2025-01-20,1412.42,claimed,Mumbai,gifted,no,350,53.3,0,0.0,1,1,0,0,0.0
CP1895,U0108,CAT03,B010,percentage,68.8,1999,2024-02-22,2025-01-26,639.38,claimed,Chandigarh,purchased,yes,339,68.8,1,280.0,3,0,0,0,3.0
CP1896,U0403,CAT01,B004,percentage,6.5,199,2023-05-20,2023-10-30,4528.26,expired,Bhopal,purchased,no,163,6.5,3,99.67,0,0,0,0,0.0
CP1897,U0013,CAT06,B021,percentage,64.4,1499,2024-10-12,2025-04-07,4054.41,claimed,Bengaluru,earned,no,177,64.4,5,145.4,0,2,0,1,0.0
CP1898,U0131,CAT05,B020,flat,250.0,0,2024-02-22,2024-12-01,3615.79,claimed,Nagpur,earned,no,283,6.91,1,33.0,0,1,1,0,0.0
CP1899,U0371,CAT05,B019,flat,150.0,0,2023-09-18,2024-04-04,1439.4,expired,Coimbatore,referral,no,199,10.42,2,237.0,0,0,0,0,0.0
CP1900,U0102,CAT06,B023,percentage,61.1,1999,2023-10-02,2024-07-17,1518.53,expired,Pune,earned,no,289,61.1,0,0.0,0,0,0,0,0.0
CP1901,U0223,CAT09,B031,percentage,69.1,499,2024-05-21,2024-10-08,4157.86,claimed,Pune,purchased,no,140,69.1,3,169.33,1,3,0,0,0.3333
CP1902,U0149,CAT08,B028,percentage,5.3,199,2024-06-04,2025-05-11,837.39,swapped,Bhopal,earned,yes,341,5.3,2,133.0,0,1,0,0,0.0
CP1903,U0354,CAT05,B019,percentage,78.2,299,2024-03-16,2025-02-14,4339.28,available,Mumbai,earned,no,335,78.2,2,176.5,1,0,0,0,0.5
CP1904,U0273,CAT06,B021,percentage,59.1,299,2024-09-02,2024-12-30,2034.42,available,Mumbai,purchased,yes,119,59.1,2,13.5,0,1,0,0,0.0
CP1905,U0357,CAT05,B018,flat,150.0,499,2024-08-03,2024-09-25,2261.84,swapped,Nagpur,referral,no,53,6.63,2,231.0,1,0,0,0,0.5
CP1906,U0474,CAT05,B019,flat,50.0,0,2023-09-05,2024-07-18,364.01,available,Coimbatore,referral,yes,317,13.74,4,121.75,0,0,0,0,0.0
CP1907,U0012,CAT06,B021,flat,50.0,1499,2023-11-04,2024-05-27,965.71,claimed,Lucknow,purchased,yes,205,5.18,1,192.0,0,0,0,0,0.0
CP1908,U0423,CAT02,B006,flat,200.0,199,2024-12-01,2025-04-29,3765.45,claimed,Surat,purchased,yes,149,5.31,1,294.0,2,0,0,0,2.0
CP1909,U0445,CAT02,B006,percentage,31.4,199,2023-01-30,2023-07-19,2035.47,available,Indore,earned,yes,170,31.4,3,212.0,0,0,0,0,0.0
CP1910,U0057,CAT09,B031,flat,300.0,1499,2023-07-07,2024-01-29,303.01,available,Pune,gifted,no,206,99.01,4,102.0,1,1,0,1,0.25
CP1911,U0021,CAT06,B022,percentage,11.0,1999,2024-10-09,2025-06-16,3037.96,swapped,Bengaluru,earned,no,250,11.0,1,91.0,2,1,0,0,2.0
CP1912,U0425,CAT02,B005,percentage,72.6,299,2023-11-08,2024-06-01,1597.69,expired,Indore,earned,no,206,72.6,3,109.33,0,0,0,1,0.0
CP1913,U0103,CAT03,B012,percentage,68.4,199,2024-03-01,2024-11-19,2239.2,available,Ahmedabad,earned,no,263,68.4,2,101.5,1,0,1,0,0.5
CP1914,U0453,CAT08,B028,flat,100.0,0,2024-03-11,2024-08-19,910.31,available,Visakhapatnam,purchased,yes,161,10.99,1,181.0,1,0,0,0,1.0
CP1915,U0478,CAT09,B032,percentage,17.0,0,2024-08-26,2025-08-09,2148.29,available,Vadodara,earned,yes,348,17.0,2,187.0,0,0,0,0,0.0
CP1916,U0382,CAT01,B002,flat,250.0,499,2023-03-17,2023-11-25,4708.07,available,Delhi,earned,yes,253,5.31,2,228.0,1,0,1,1,0.5
CP1917,U0488,CAT03,B012,percentage,55.8,1999,2023-04-13,2023-08-09,1115.8,expired,Visakhapatnam,referral,yes,118,55.8,2,230.0,0,0,0,2,0.0
CP1918,U0333,CAT05,B019,flat,75.0,199,2024-11-04,2025-05-02,333.06,available,Pune,gifted,no,179,22.52,1,140.0,0,0,0,0,0.0
CP1919,U0127,CAT01,B002,percentage,63.9,299,2023-09-01,2023-11-24,705.95,available,Kochi,gifted,no,84,63.9,1,206.0,1,1,0,0,1.0
CP1920,U0384,CAT03,B009,percentage,29.8,299,2024-08-27,2024-10-08,3162.12,available,Bengaluru,gifted,yes,42,29.8,0,0.0,1,0,1,0,0.0
CP1921,U0454,CAT05,B018,percentage,51.1,0,2023-08-19,2023-10-31,3444.1,swapped,Patna,gifted,yes,73,51.1,2,145.0,0,0,0,0,0.0
CP1922,U0486,CAT02,B007,percentage,16.0,1499,2024-08-21,2024-11-17,4683.83,claimed,Chandigarh,referral,no,88,16.0,3,156.33,1,1,0,0,0.3333
CP1923,U0073,CAT02,B008,percentage,17.1,1499,2023-04-25,2023-12-29,3091.2,expired,Visakhapatnam,gifted,yes,248,17.1,1,144.0,1,0,0,0,1.0
CP1924,U0403,CAT03,B009,percentage,23.5,299,2024-08-03,2024-10-10,2241.14,expired,Bhopal,earned,yes,68,23.5,3,124.0,0,1,1,0,0.0
CP1925,U0001,CAT01,B003,percentage,43.5,499,2024-04-07,2025-01-11,3235.17,available,Vadodara,earned,yes,279,43.5,2,144.0,0,2,1,0,0.0
CP1926,U0415,CAT06,B021,percentage,25.6,199,2023-02-22,2023-03-29,79.1,expired,Chandigarh,earned,yes,35,25.6,2,191.5,1,0,0,0,0.5
CP1927,U0327,CAT09,B031,percentage,7.6,299,2023-08-07,2024-02-11,4408.46,available,Surat,gifted,no,188,7.6,1,87.0,0,0,0,0,0.0
CP1928,U0310,CAT07,B024,percentage,63.4,1999,2023-10-06,2023-11-09,3608.19,available,Bhopal,earned,no,34,63.4,3,181.33,0,0,0,0,0.0
CP1929,U0404,CAT06,B022,percentage,45.2,499,2023-05-30,2023-10-29,2731.43,available,Bengaluru,referral,yes,152,45.2,3,208.0,0,0,2,0,0.0
CP1930,U0125,CAT08,B027,percentage,70.4,199,2023-11-18,2024-02-07,1440.05,available,Coimbatore,gifted,yes,81,70.4,4,129.5,3,0,0,0,0.75
CP1931,U0408,CAT01,B001,percentage,54.3,199,2023-06-23,2024-01-24,910.37,expired,Kolkata,earned,yes,215,54.3,3,95.0,0,0,0,0,0.0
CP1932,U0213,CAT07,B026,percentage,63.5,1999,2024-02-25,2024-07-17,94.74,claimed,Bengaluru,earned,no,143,63.5,1,162.0,0,2,0,0,0.0
CP1933,U0362,CAT04,B016,percentage,39.9,299,2024-06-06,2025-05-05,3257.68,available,Chennai,purchased,yes,333,39.9,0,0.0,0,0,0,0,0.0
CP1934,U0495,CAT06,B021,percentage,57.4,499,2023-04-13,2023-06-07,4570.96,claimed,Bhopal,purchased,no,55,57.4,3,214.33,1,1,0,2,0.3333
CP1935,U0191,CAT01,B003,percentage,21.3,0,2023-01-07,2023-11-03,3835.5,swapped,Patna,earned,no,300,21.3,2,45.0,0,0,0,1,0.0
CP1936,U0073,CAT05,B019,percentage,32.3,999,2024-09-12,2025-06-10,2007.37,available,Hyderabad,earned,no,271,32.3,4,114.25,1,0,0,0,0.25
CP1937,U0353,CAT07,B025,percentage,37.9,1999,2024-12-01,2025-02-28,3394.86,claimed,Ahmedabad,earned,yes,89,37.9,1,184.0,2,1,0,1,2.0
CP1938,U0473,CAT10,B035,percentage,15.1,1999,2024-02-16,2024-09-28,2231.07,available,Mumbai,gifted,no,225,15.1,3,95.0,1,0,0,0,0.3333
CP1939,U0383,CAT04,B016,percentage,45.8,299,2024-06-21,2025-03-22,4124.66,available,Ahmedabad,purchased,no,274,45.8,1,274.0,0,0,0,1,0.0
CP1940,U0254,CAT07,B024,percentage,64.1,499,2024-01-26,2024-05-25,1063.73,available,Lucknow,referral,yes,120,64.1,2,46.5,0,0,0,0,0.0
CP1941,U0321,CAT02,B008,percentage,12.3,1499,2023-11-02,2024-02-29,556.22,available,Visakhapatnam,purchased,no,119,12.3,1,125.0,1,0,0,0,1.0
CP1942,U0246,CAT09,B032,percentage,71.5,0,2024-03-01,2024-08-12,4216.51,available,Chandigarh,gifted,no,164,71.5,1,11.0,0,0,1,0,0.0
CP1943,U0287,CAT10,B036,flat,150.0,1999,2024-01-22,2024-11-29,4808.39,available,Jaipur,gifted,no,312,3.12,2,46.5,0,0,1,0,0.0
CP1944,U0296,CAT10,B034,percentage,22.0,199,2023-03-22,2023-10-14,3746.76,available,Vadodara,purchased,yes,206,22.0,3,116.0,0,1,0,0,0.0
CP1945,U0023,CAT08,B027,percentage,49.9,299,2023-10-14,2023-12-15,296.9,expired,Ahmedabad,earned,yes,62,49.9,3,190.0,3,1,0,0,1.0
CP1946,U0064,CAT09,B031,percentage,43.5,999,2023-10-15,2024-07-16,1003.27,available,Hyderabad,gifted,no,275,43.5,1,238.0,3,0,0,0,3.0
CP1947,U0336,CAT01,B004,percentage,38.6,299,2024-09-19,2025-07-12,4171.52,claimed,Lucknow,earned,no,296,38.6,1,270.0,0,0,0,0,0.0
CP1948,U0252,CAT10,B033,percentage,74.7,0,2023-05-19,2023-08-11,596.38,claimed,Bhopal,earned,no,84,74.7,0,0.0,2,0,1,0,0.0
CP1949,U0340,CAT06,B023,flat,500.0,0,2024-09-26,2025-07-26,4974.76,swapped,Mumbai,gifted,no,303,10.05,3,136.33,0,0,0,0,0.0
CP1950,U0425,CAT04,B015,percentage,23.2,0,2024-02-22,2024-07-03,882.41,claimed,Kochi,earned,no,132,23.2,4,148.75,1,0,0,0,0.25
CP1951,U0112,CAT03,B012,percentage,49.8,499,2024-09-15,2025-05-13,4573.59,claimed,Bengaluru,earned,yes,240,49.8,3,239.67,0,0,0,1,0.0
CP1952,U0486,CAT09,B032,flat,50.0,199,2024-02-06,2024-12-03,3503.61,available,Kolkata,earned,yes,301,1.43,1,250.0,0,0,0,0,0.0
CP1953,U0059,CAT08,B027,percentage,42.0,499,2023-07-13,2023-11-07,1147.93,swapped,Kolkata,gifted,yes,117,42.0,4,176.0,1,0,0,1,0.25
CP1954,U0297,CAT04,B013,percentage,69.6,0,2023-12-04,2024-05-19,3783.85,available,Vadodara,earned,yes,167,69.6,3,70.0,2,1,0,0,0.6667
CP1955,U0265,CAT08,B029,percentage,31.8,1999,2023-10-30,2024-06-06,1697.9,available,Bhopal,referral,yes,220,31.8,1,292.0,0,1,0,0,0.0
CP1956,U0324,CAT10,B033,percentage,68.8,199,2023-08-12,2024-07-16,770.22,available,Surat,purchased,no,339,68.8,3,213.0,0,2,0,0,0.0
CP1957,U0379,CAT02,B006,percentage,71.0,1999,2023-03-10,2024-02-25,4908.2,swapped,Jaipur,earned,no,352,71.0,4,141.75,0,0,0,0,0.0
CP1958,U0208,CAT03,B009,flat,100.0,1999,2024-12-24,2025-04-29,234.75,expired,Chandigarh,purchased,no,126,42.6,0,0.0,0,0,0,0,0.0
CP1959,U0163,CAT06,B022,percentage,20.6,199,2024-07-22,2024-12-27,514.39,available,Delhi,earned,yes,158,20.6,5,86.2,1,0,0,0,0.2
CP1960,U0024,CAT08,B029,percentage,54.6,1499,2023-12-12,2024-11-24,2956.36,expired,Lucknow,gifted,no,348,54.6,3,132.67,0,0,0,1,0.0
CP1961,U0310,CAT03,B011,flat,50.0,1999,2024-07-29,2025-07-06,920.42,available,Nagpur,earned,yes,342,5.43,1,74.0,1,0,0,0,1.0
CP1962,U0261,CAT06,B023,flat,75.0,0,2024-03-04,2024-10-25,379.39,available,Vadodara,gifted,no,235,19.77,2,171.5,1,0,0,0,0.5
CP1963,U0362,CAT08,B027,percentage,15.2,299,2024-05-05,2024-09-27,4874.37,expired,Chennai,gifted,yes,145,15.2,1,39.0,1,1,0,1,1.0
CP1964,U0211,CAT03,B011,percentage,51.3,1499,2023-08-24,2023-10-24,4566.2,available,Pune,gifted,no,61,51.3,2,181.5,0,0,1,0,0.0
CP1965,U0149,CAT01,B001,flat,75.0,299,2024-10-26,2025-05-02,882.57,expired,Coimbatore,referral,no,188,8.5,3,110.0,0,0,0,0,0.0
CP1966,U0358,CAT03,B009,percentage,26.0,999,2024-01-12,2024-02-14,1572.87,available,Bengaluru,purchased,no,33,26.0,0,0.0,0,0,0,0,0.0
CP1967,U0146,CAT02,B007,percentage,25.5,0,2024-09-19,2025-08-09,1579.2,available,Vadodara,gifted,yes,324,25.5,2,146.0,0,1,1,0,0.0
CP1968,U0154,CAT04,B016,percentage,28.3,1999,2024-10-13,2025-01-19,1657.7,available,Vadodara,purchased,yes,98,28.3,2,64.0,1,1,0,0,0.5
CP1969,U0103,CAT07,B024,flat,75.0,299,2023-01-28,2024-01-22,1947.49,claimed,Chennai,earned,yes,359,3.85,2,149.5,1,0,2,0,0.5
CP1970,U0299,CAT01,B002,percentage,33.7,1499,2024-01-26,2024-10-03,4685.88,available,Chennai,earned,no,251,33.7,3,131.33,2,0,0,0,0.6667
CP1971,U0428,CAT04,B014,percentage,12.0,0,2023-09-14,2023-11-30,3144.31,claimed,Kolkata,earned,yes,77,12.0,0,0.0,0,0,0,1,0.0
CP1972,U0335,CAT10,B034,flat,200.0,1499,2023-05-10,2023-10-30,4300.38,available,Chandigarh,gifted,yes,173,4.65,5,100.2,0,1,1,0,0.0
CP1973,U0346,CAT09,B032,percentage,35.8,999,2023-07-26,2024-01-25,2717.05,available,Pune,purchased,no,183,35.8,3,227.33,0,0,0,0,0.0
CP1974,U0463,CAT06,B021,flat,500.0,999,2024-01-26,2024-10-05,1309.29,available,Bhopal,earned,no,253,38.19,0,0.0,0,0,0,0,0.0
CP1975,U0484,CAT05,B018,percentage,59.6,999,2023-06-30,2024-02-11,4726.34,claimed,Surat,purchased,no,226,59.6,1,57.0,1,0,0,1,1.0
CP1976,U0084,CAT04,B015,flat,50.0,1999,2024-08-14,2025-03-09,4270.2,claimed,Visakhapatnam,earned,no,207,1.17,3,275.33,1,0,0,0,0.3333
CP1977,U0128,CAT10,B035,flat,400.0,999,2024-10-08,2024-11-11,2163.25,swapped,Bhopal,purchased,yes,34,18.49,1,45.0,0,0,1,0,0.0
CP1978,U0023,CAT06,B023,percentage,69.6,299,2024-02-19,2024-09-04,2316.64,expired,Visakhapatnam,purchased,yes,198,69.6,0,0.0,1,0,0,1,0.0
CP1979,U0479,CAT10,B035,percentage,46.3,299,2024-04-11,2024-08-27,4930.48,expired,Vadodara,earned,no,138,46.3,1,93.0,1,0,0,0,1.0
CP1980,U0133,CAT09,B031,percentage,49.2,499,2024-09-17,2025-08-09,131.19,expired,Indore,earned,yes,326,49.2,0,0.0,0,0,1,1,0.0
CP1981,U0465,CAT07,B026,percentage,68.5,0,2024-09-28,2025-06-10,449.93,swapped,Kolkata,earned,no,255,68.5,3,58.33,2,0,0,0,0.6667
CP1982,U0222,CAT08,B027,percentage,41.0,1499,2024-01-03,2024-09-03,1662.67,expired,Bengaluru,gifted,no,244,41.0,4,147.75,0,1,0,0,0.0
CP1983,U0455,CAT01,B001,percentage,54.7,1499,2023-09-25,2024-08-08,3431.3,available,Kolkata,referral,no,318,54.7,4,205.25,0,0,1,0,0.0
CP1984,U0389,CAT10,B036,percentage,29.6,0,2023-10-12,2024-04-24,3246.28,expired,Bhopal,referral,yes,195,29.6,5,182.0,0,0,0,0,0.0
CP1985,U0462,CAT08,B028,percentage,15.2,199,2024-12-30,2025-06-13,3987.25,available,Nagpur,earned,yes,165,15.2,3,203.0,0,1,0,0,0.0
CP1986,U0029,CAT06,B022,percentage,76.9,1999,2023-05-14,2023-11-29,3428.32,available,Surat,referral,no,199,76.9,5,148.0,1,1,0,0,0.2
CP1987,U0405,CAT07,B026,percentage,33.2,0,2023-11-05,2024-08-24,3164.47,expired,Pune,gifted,no,293,33.2,2,115.5,3,0,0,0,1.5
CP1988,U0344,CAT10,B034,flat,300.0,499,2024-07-26,2024-09-20,1019.52,claimed,Pune,purchased,yes,56,29.43,3,146.67,1,0,1,0,0.3333
CP1989,U0296,CAT01,B001,flat,100.0,499,2024-03-25,2025-01-30,3025.36,available,Vadodara,earned,yes,311,3.31,0,0.0,0,1,1,0,0.0
CP1990,U0236,CAT05,B019,percentage,70.1,299,2024-12-26,2025-10-02,2644.7,expired,Delhi,referral,no,280,70.1,3,92.0,2,0,0,0,0.6667
CP1991,U0130,CAT06,B022,percentage,75.9,299,2024-03-08,2024-07-26,3416.01,available,Vadodara,purchased,no,140,75.9,3,151.67,0,1,0,1,0.0
CP1992,U0114,CAT04,B014,percentage,10.4,299,2023-06-04,2023-10-12,2226.73,available,Nagpur,earned,yes,130,10.4,3,81.67,0,1,1,0,0.0
CP1993,U0444,CAT08,B027,flat,400.0,299,2023-11-05,2024-04-26,2331.87,swapped,Chennai,earned,yes,173,17.15,1,245.0,2,0,0,0,2.0
CP1994,U0357,CAT07,B024,flat,400.0,0,2024-07-05,2025-01-11,2571.73,swapped,Coimbatore,referral,no,190,15.55,3,170.33,0,0,0,1,0.0
CP1995,U0351,CAT08,B028,flat,250.0,299,2024-09-19,2025-03-07,3267.81,swapped,Visakhapatnam,earned,yes,169,7.65,0,0.0,0,1,0,0,0.0
CP1996,U0450,CAT10,B035,flat,400.0,1999,2024-04-15,2024-09-21,4352.6,swapped,Pune,gifted,no,159,9.19,2,64.0,0,1,0,0,0.0
CP1997,U0491,CAT07,B026,percentage,6.9,1999,2023-06-03,2023-07-14,2426.09,claimed,Bengaluru,gifted,no,41,6.9,3,64.0,1,0,0,1,0.3333
CP1998,U0334,CAT06,B021,percentage,10.7,1999,2024-04-27,2024-09-10,1079.41,claimed,Delhi,earned,yes,136,10.7,1,121.0,0,0,0,0,0.0
CP1999,U0183,CAT10,B035,flat,300.0,1499,2024-01-17,2024-09-06,2555.89,available,Lucknow,earned,no,233,11.74,0,0.0,3,0,0,0,0.0
CP2000,U0176,CAT04,B015,flat,300.0,199,2024-01-10,2024-06-13,4573.25,swapped,Ahmedabad,referral,no,155,6.56,4,134.0,1,0,0,0,0.25
CP2001,U0015,CAT01,B001,flat,50.0,1999,2023-09-24,2024-06-18,4997.72,expired,Bengaluru,purchased,yes,268,1.0,1,290.0,0,0,0,0,0.0
CP2002,U0353,CAT05,B019,flat,75.0,1999,2023-03-22,2024-02-22,3009.38,claimed,Chandigarh,earned,yes,337,2.49,1,153.0,0,0,0,0,0.0
CP2003,U0384,CAT02,B005,flat,250.0,499,2024-05-29,2024-10-16,3948.4,available,Bhopal,purchased,no,140,6.33,1,258.0,0,0,0,1,0.0
CP2004,U0210,CAT08,B028,percentage,12.0,999,2024-10-20,2025-10-16,2459.96,available,Indore,earned,no,361,12.0,4,113.0,0,0,0,0,0.0
CP2005,U0363,CAT07,B026,flat,300.0,999,2024-07-14,2024-10-27,128.32,available,Ahmedabad,gifted,no,105,233.79,3,29.67,0,0,1,0,0.0
CP2006,U0368,CAT10,B035,percentage,53.1,199,2023-03-11,2023-08-29,3521.85,expired,Mumbai,earned,yes,171,53.1,2,193.5,0,0,0,0,0.0
CP2007,U0430,CAT08,B028,flat,50.0,499,2023-11-20,2024-05-10,3418.03,claimed,Bhopal,purchased,yes,172,1.46,1,117.0,1,0,0,0,1.0
CP2008,U0199,CAT02,B007,percentage,10.0,499,2023-04-01,2024-01-28,209.55,claimed,Indore,referral,yes,302,10.0,3,208.33,1,1,0,0,0.3333
CP2009,U0174,CAT09,B032,flat,200.0,199,2024-04-09,2025-01-20,1342.69,available,Lucknow,earned,yes,286,14.9,3,108.33,1,1,1,0,0.3333
CP2010,U0470,CAT04,B015,percentage,26.2,1499,2023-01-18,2023-05-13,1168.35,claimed,Pune,earned,yes,115,26.2,0,0.0,2,0,0,1,0.0
CP2011,U0474,CAT09,B032,flat,300.0,1999,2024-02-28,2024-09-03,4329.41,claimed,Hyderabad,purchased,yes,188,6.93,6,87.33,1,0,0,0,0.1667
CP2012,U0264,CAT06,B021,percentage,19.1,299,2023-05-25,2023-12-22,1018.2,swapped,Bhopal,earned,yes,211,19.1,2,152.0,0,0,0,1,0.0
CP2013,U0327,CAT06,B021,flat,500.0,199,2024-07-04,2025-02-05,3484.14,claimed,Vadodara,gifted,yes,216,14.35,3,144.33,0,1,0,0,0.0
CP2014,U0193,CAT10,B035,flat,75.0,299,2023-06-24,2024-05-02,1836.98,claimed,Hyderabad,gifted,no,313,4.08,1,143.0,2,1,0,0,2.0
CP2015,U0113,CAT10,B034,percentage,20.4,299,2023-04-10,2024-03-05,2685.84,swapped,Bengaluru,gifted,yes,330,20.4,2,194.5,0,0,0,1,0.0
CP2016,U0097,CAT01,B002,flat,75.0,299,2023-09-22,2024-05-06,679.32,claimed,Chennai,gifted,yes,227,11.04,2,131.0,1,0,0,0,0.5
CP2017,U0431,CAT02,B007,percentage,60.8,999,2023-09-05,2023-10-31,3690.75,available,Bengaluru,gifted,yes,56,60.8,3,77.0,2,1,0,1,0.6667
CP2018,U0046,CAT08,B027,percentage,79.3,199,2023-10-30,2024-06-21,1284.82,available,Kochi,gifted,yes,235,79.3,4,93.5,2,0,2,0,0.5
CP2019,U0006,CAT02,B007,percentage,19.2,499,2023-11-11,2024-05-10,2232.71,available,Hyderabad,referral,no,181,19.2,1,217.0,0,0,2,2,0.0
CP2020,U0234,CAT06,B023,percentage,54.8,499,2023-11-17,2024-05-28,3720.04,expired,Pune,earned,no,193,54.8,5,128.4,0,1,0,1,0.0
CP2021,U0303,CAT06,B022,percentage,46.9,0,2023-07-08,2024-06-07,749.73,swapped,Vadodara,purchased,yes,335,46.9,2,237.0,1,0,0,0,0.5
CP2022,U0012,CAT01,B004,percentage,11.2,499,2024-09-24,2024-12-15,4859.91,swapped,Chandigarh,referral,no,82,11.2,3,234.67,1,0,0,0,0.3333
CP2023,U0326,CAT10,B033,percentage,72.1,199,2024-12-20,2025-10-15,842.18,available,Hyderabad,gifted,yes,299,72.1,1,108.0,1,0,0,1,1.0
CP2024,U0325,CAT07,B026,flat,100.0,1999,2024-12-04,2025-02-14,2521.15,swapped,Chandigarh,purchased,no,72,3.97,2,238.0,1,2,0,0,0.5
CP2025,U0324,CAT10,B036,flat,50.0,299,2024-06-25,2024-11-01,2508.02,expired,Bengaluru,earned,yes,129,1.99,2,138.0,1,0,0,0,0.5
CP2026,U0473,CAT06,B023,percentage,54.7,1499,2024-10-11,2025-09-30,1790.89,available,Ahmedabad,earned,no,354,54.7,1,79.0,0,1,0,1,0.0
CP2027,U0468,CAT01,B002,percentage,7.3,1999,2024-10-22,2025-07-16,1373.29,available,Nagpur,earned,no,267,7.3,3,79.33,0,1,0,0,0.0
CP2028,U0046,CAT04,B016,flat,100.0,299,2024-09-16,2025-04-13,1706.65,swapped,Delhi,gifted,yes,209,5.86,0,0.0,0,1,1,0,0.0
CP2029,U0015,CAT03,B012,percentage,33.5,199,2023-10-22,2024-08-29,3966.91,expired,Jaipur,purchased,no,312,33.5,1,92.0,0,0,0,0,0.0
CP2030,U0495,CAT05,B020,percentage,76.6,299,2024-02-13,2025-01-18,256.21,claimed,Jaipur,referral,no,340,76.6,3,119.67,1,1,1,0,0.3333
CP2031,U0049,CAT07,B025,flat,200.0,499,2023-07-29,2023-09-15,1679.68,expired,Bhopal,earned,yes,48,11.91,2,163.0,0,0,0,0,0.0
CP2032,U0373,CAT09,B032,percentage,43.1,499,2024-06-06,2025-02-17,1770.59,expired,Vadodara,earned,yes,256,43.1,3,114.0,2,0,0,0,0.6667
CP2033,U0066,CAT02,B006,percentage,76.9,199,2024-03-02,2025-02-26,4224.56,available,Bengaluru,referral,yes,361,76.9,4,142.5,1,0,0,0,0.25
CP2034,U0341,CAT09,B031,percentage,26.0,1999,2024-08-26,2025-02-13,2263.72,swapped,Patna,earned,yes,171,26.0,2,225.5,0,0,0,0,0.0
CP2035,U0301,CAT09,B030,percentage,14.1,1999,2023-09-20,2024-07-12,4952.13,available,Pune,earned,no,296,14.1,2,17.0,0,1,0,0,0.0
CP2036,U0415,CAT05,B017,percentage,61.5,999,2023-09-23,2024-06-14,3668.83,swapped,Pune,gifted,yes,265,61.5,0,0.0,1,0,1,1,0.0
CP2037,U0111,CAT09,B030,percentage,71.2,1499,2024-02-23,2024-11-21,328.66,claimed,Pune,purchased,no,272,71.2,3,145.33,0,0,0,0,0.0
CP2038,U0207,CAT08,B027,flat,200.0,1999,2024-06-06,2025-03-27,3152.61,expired,Bhopal,earned,no,294,6.34,0,0.0,0,0,0,0,0.0
CP2039,U0340,CAT07,B026,flat,100.0,199,2024-01-12,2024-11-10,4369.56,available,Chennai,earned,yes,303,2.29,1,112.0,0,2,0,0,0.0
CP2040,U0460,CAT02,B006,percentage,33.0,999,2023-02-12,2023-10-23,2595.48,available,Lucknow,earned,no,253,33.0,4,166.25,1,0,0,0,0.25
CP2041,U0143,CAT08,B028,percentage,42.7,299,2024-09-17,2025-05-09,4018.47,available,Jaipur,earned,no,234,42.7,2,199.0,2,0,1,1,1.0
CP2042,U0103,CAT10,B036,percentage,11.0,0,2024-01-01,2024-12-21,4691.26,available,Kochi,earned,no,355,11.0,1,126.0,0,0,0,2,0.0
CP2043,U0363,CAT10,B034,flat,400.0,499,2023-10-09,2024-08-09,4828.57,available,Bengaluru,earned,no,305,8.28,4,125.75,2,0,0,0,0.5
CP2044,U0166,CAT09,B031,flat,100.0,1999,2024-03-14,2024-11-26,645.49,expired,Hyderabad,earned,no,257,15.49,3,100.33,0,0,0,0,0.0
CP2045,U0404,CAT07,B025,percentage,25.1,299,2024-02-21,2024-09-20,406.11,available,Bhopal,gifted,yes,212,25.1,2,135.5,1,0,0,1,0.5
CP2046,U0468,CAT10,B036,percentage,49.9,1999,2023-09-01,2023-10-05,296.61,swapped,Kochi,earned,yes,34,49.9,0,0.0,1,0,2,0,0.0
CP2047,U0389,CAT01,B001,percentage,19.4,1499,2023-02-08,2023-04-22,1670.04,claimed,Ahmedabad,purchased,no,73,19.4,6,125.17,0,1,0,0,0.0
CP2048,U0396,CAT03,B010,percentage,61.9,1499,2023-08-09,2024-02-11,3021.0,claimed,Bhopal,earned,no,186,61.9,2,48.0,0,0,0,0,0.0
CP2049,U0498,CAT07,B026,flat,75.0,0,2024-10-10,2025-07-26,1409.24,expired,Kolkata,referral,yes,289,5.32,2,134.0,0,0,0,1,0.0
CP2050,U0407,CAT02,B007,flat,400.0,999,2023-09-05,2024-04-13,2025.7,swapped,Nagpur,purchased,no,221,19.75,2,199.5,2,0,0,0,1.0
CP2051,U0300,CAT06,B022,percentage,71.1,199,2023-12-20,2024-05-23,4467.86,available,Bhopal,gifted,no,155,71.1,4,161.0,0,2,0,0,0.0
CP2052,U0323,CAT07,B026,flat,400.0,299,2023-05-20,2023-07-13,3759.46,available,Lucknow,earned,yes,54,10.64,3,224.0,1,1,0,0,0.3333
CP2053,U0379,CAT02,B006,flat,250.0,1499,2024-02-23,2024-11-06,4631.16,available,Visakhapatnam,gifted,yes,257,5.4,1,100.0,0,1,0,0,0.0
CP2054,U0430,CAT03,B009,flat,250.0,1499,2023-11-25,2024-11-21,1126.66,available,Mumbai,earned,no,362,22.19,1,100.0,2,0,1,0,2.0
CP2055,U0094,CAT06,B022,percentage,11.7,499,2023-06-12,2024-01-25,1336.12,swapped,Kochi,gifted,no,227,11.7,1,248.0,1,0,0,0,1.0
CP2056,U0426,CAT05,B020,percentage,47.1,299,2023-01-23,2023-10-26,456.82,expired,Patna,earned,yes,276,47.1,1,290.0,0,0,0,0,0.0
CP2057,U0294,CAT10,B033,percentage,33.1,1499,2023-03-12,2023-06-28,3455.56,available,Lucknow,earned,yes,108,33.1,1,112.0,0,1,0,0,0.0
CP2058,U0278,CAT06,B021,flat,300.0,199,2023-10-10,2024-09-21,2624.07,expired,Pune,gifted,no,347,11.43,2,171.0,1,5,1,0,0.5
CP2059,U0400,CAT10,B036,percentage,38.4,299,2023-12-25,2024-08-05,2932.63,available,Mumbai,gifted,no,224,38.4,2,37.0,0,1,0,1,0.0
CP2060,U0114,CAT10,B035,percentage,58.1,1999,2024-10-15,2025-04-19,2187.95,claimed,Nagpur,purchased,no,186,58.1,1,221.0,0,0,0,0,0.0
CP2061,U0394,CAT10,B034,flat,50.0,999,2024-08-19,2025-02-01,4300.05,available,Chandigarh,referral,yes,166,1.16,3,256.67,2,2,0,0,0.6667
CP2062,U0064,CAT05,B017,percentage,32.0,0,2024-04-19,2025-01-12,3336.75,available,Surat,earned,no,268,32.0,2,238.5,0,0,0,0,0.0
CP2063,U0420,CAT08,B027,flat,200.0,1499,2023-09-04,2023-11-09,1348.95,claimed,Ahmedabad,purchased,no,66,14.83,0,0.0,0,0,0,0,0.0
CP2064,U0139,CAT08,B029,percentage,24.1,1499,2023-08-17,2024-03-09,4833.7,claimed,Lucknow,purchased,no,205,24.1,1,22.0,2,1,1,0,2.0
CP2065,U0441,CAT06,B022,percentage,54.9,199,2023-06-05,2023-11-03,2705.21,swapped,Kochi,earned,no,151,54.9,1,269.0,1,0,0,0,1.0
CP2066,U0051,CAT08,B029,percentage,67.5,1499,2024-01-06,2024-10-18,2073.48,available,Visakhapatnam,earned,no,286,67.5,3,163.0,2,0,0,0,0.6667
CP2067,U0155,CAT02,B006,percentage,22.9,499,2024-11-01,2025-10-23,59.31,available,Hyderabad,purchased,no,356,22.9,1,218.0,0,0,0,0,0.0
CP2068,U0251,CAT02,B007,flat,400.0,1499,2024-11-16,2025-10-14,4056.32,expired,Pune,referral,yes,332,9.86,1,163.0,0,0,0,0,0.0
CP2069,U0365,CAT09,B031,flat,250.0,199,2023-02-12,2023-12-04,2521.6,available,Chandigarh,purchased,no,295,9.91,2,196.0,1,0,0,0,0.5
CP2070,U0236,CAT01,B002,percentage,34.1,299,2023-01-20,2023-03-30,3098.08,available,Delhi,earned,no,69,34.1,1,118.0,0,0,0,1,0.0
CP2071,U0018,CAT01,B004,percentage,64.3,499,2023-10-04,2024-08-23,2737.83,expired,Chennai,referral,no,324,64.3,1,95.0,0,0,0,0,0.0
CP2072,U0384,CAT06,B023,percentage,72.8,1999,2023-06-09,2023-09-03,1857.57,expired,Pune,earned,no,86,72.8,1,211.0,1,2,0,1,1.0
CP2073,U0250,CAT08,B028,flat,250.0,199,2023-07-22,2024-03-27,1871.67,expired,Kochi,earned,no,249,13.36,5,167.4,0,0,0,0,0.0
CP2074,U0110,CAT01,B004,percentage,14.6,299,2024-06-30,2025-05-01,3906.5,swapped,Pune,earned,yes,305,14.6,4,158.75,1,1,0,0,0.25
CP2075,U0467,CAT04,B013,percentage,19.2,1999,2024-09-10,2025-06-06,1583.94,claimed,Lucknow,referral,yes,269,19.2,3,126.33,0,3,0,1,0.0
CP2076,U0365,CAT07,B025,flat,150.0,1999,2023-11-18,2024-08-19,3649.54,available,Bengaluru,referral,no,275,4.11,4,176.5,0,0,0,0,0.0
CP2077,U0341,CAT09,B030,percentage,62.6,0,2024-11-14,2024-12-19,4575.16,expired,Pune,earned,no,35,62.6,1,201.0,2,2,1,1,2.0
CP2078,U0090,CAT06,B023,flat,300.0,1999,2023-01-26,2023-11-14,1746.39,swapped,Bhopal,purchased,no,292,17.18,1,133.0,1,2,1,0,1.0
CP2079,U0443,CAT10,B035,flat,75.0,1999,2023-05-25,2024-03-09,2639.3,available,Patna,purchased,yes,289,2.84,2,180.0,3,1,1,0,1.5
CP2080,U0321,CAT03,B010,flat,100.0,1499,2023-03-19,2023-08-31,873.64,swapped,Chandigarh,purchased,yes,165,11.45,2,174.0,1,0,1,0,0.5
CP2081,U0432,CAT10,B036,flat,500.0,299,2024-08-04,2024-11-17,4059.56,swapped,Chandigarh,referral,no,105,12.32,2,222.0,0,0,1,1,0.0
CP2082,U0093,CAT08,B028,percentage,25.5,299,2024-01-17,2024-06-04,3447.88,available,Lucknow,referral,yes,139,25.5,1,244.0,2,1,1,0,2.0
CP2083,U0044,CAT09,B030,flat,500.0,199,2024-11-12,2025-06-05,1941.13,claimed,Visakhapatnam,referral,no,205,25.76,2,158.0,0,0,0,0,0.0
CP2084,U0052,CAT03,B009,percentage,66.9,1499,2024-10-20,2025-08-22,2985.9,available,Bhopal,gifted,yes,306,66.9,2,97.0,0,1,0,0,0.0
CP2085,U0344,CAT09,B031,flat,75.0,199,2023-09-24,2024-05-06,870.77,swapped,Jaipur,earned,yes,225,8.61,2,148.0,1,0,0,0,0.5
CP2086,U0095,CAT04,B014,percentage,78.1,499,2023-04-10,2023-07-05,886.47,available,Chandigarh,purchased,yes,86,78.1,1,162.0,1,0,0,0,1.0
CP2087,U0465,CAT09,B031,flat,300.0,499,2023-10-26,2024-07-21,278.74,claimed,Bhopal,earned,no,269,107.63,1,197.0,2,0,0,0,2.0
CP2088,U0074,CAT07,B024,flat,150.0,1499,2024-04-21,2024-11-30,3038.32,available,Bhopal,earned,yes,223,4.94,2,92.5,1,2,0,1,0.5
CP2089,U0145,CAT07,B024,flat,400.0,999,2023-05-31,2023-07-21,2641.59,claimed,Coimbatore,purchased,no,51,15.14,4,177.0,0,0,0,0,0.0
CP2090,U0454,CAT02,B008,flat,150.0,1999,2023-02-15,2023-07-10,3372.87,available,Lucknow,earned,no,145,4.45,4,123.25,0,1,1,0,0.0
CP2091,U0206,CAT05,B020,percentage,13.2,0,2024-09-19,2024-11-30,1648.36,swapped,Pune,earned,yes,72,13.2,2,186.0,1,0,0,0,0.5
CP2092,U0331,CAT07,B025,flat,50.0,0,2024-08-01,2025-05-07,1185.87,available,Hyderabad,earned,no,279,4.22,1,232.0,2,0,1,0,2.0
CP2093,U0294,CAT01,B001,percentage,60.3,0,2024-01-18,2024-11-29,979.75,swapped,Ahmedabad,earned,no,316,60.3,3,149.67,0,0,0,0,0.0
CP2094,U0035,CAT01,B004,percentage,13.8,999,2023-12-07,2024-05-11,1282.39,swapped,Ahmedabad,earned,no,156,13.8,3,196.67,0,0,0,0,0.0
CP2095,U0217,CAT03,B012,flat,100.0,999,2023-06-28,2023-09-23,3688.1,expired,Coimbatore,earned,no,87,2.71,1,14.0,2,0,0,1,2.0
CP2096,U0102,CAT06,B022,percentage,15.6,1999,2024-09-09,2025-02-04,4968.59,claimed,Visakhapatnam,earned,yes,148,15.6,1,278.0,1,0,0,0,1.0
CP2097,U0436,CAT10,B033,percentage,32.2,0,2023-09-03,2024-03-18,2426.09,available,Jaipur,gifted,yes,197,32.2,4,121.0,1,0,0,0,0.25
CP2098,U0025,CAT06,B021,percentage,17.2,1999,2023-03-25,2023-09-26,3837.53,available,Coimbatore,purchased,yes,185,17.2,0,0.0,1,0,0,0,0.0
CP2099,U0290,CAT10,B035,percentage,76.4,999,2024-08-19,2025-05-22,109.08,available,Vadodara,gifted,no,276,76.4,3,129.0,1,0,0,0,0.3333
CP2100,U0177,CAT08,B027,flat,50.0,499,2023-07-16,2023-08-31,2526.57,swapped,Patna,gifted,yes,46,1.98,1,206.0,1,2,0,0,1.0
CP2101,U0277,CAT05,B020,percentage,12.0,1999,2024-02-06,2024-07-14,1197.7,claimed,Coimbatore,earned,yes,159,12.0,1,220.0,0,1,0,0,0.0
CP2102,U0392,CAT04,B016,percentage,24.4,1999,2024-07-24,2025-04-12,2048.37,claimed,Bhopal,referral,yes,262,24.4,1,207.0,0,0,0,0,0.0
CP2103,U0410,CAT07,B025,percentage,29.3,1499,2024-11-02,2025-09-28,2302.48,claimed,Pune,earned,no,330,29.3,2,211.5,0,0,0,0,0.0
CP2104,U0384,CAT04,B013,percentage,18.3,1999,2024-08-17,2025-04-19,3626.68,claimed,Nagpur,referral,no,245,18.3,3,108.67,2,1,0,1,0.6667
CP2105,U0460,CAT06,B021,flat,200.0,999,2024-07-09,2024-12-29,4300.99,claimed,Indore,earned,yes,173,4.65,3,82.33,1,0,0,0,0.3333
CP2106,U0433,CAT02,B005,flat,300.0,299,2023-01-21,2023-08-13,852.88,available,Vadodara,earned,no,204,35.17,1,79.0,0,3,0,1,0.0
CP2107,U0056,CAT10,B035,flat,300.0,0,2023-05-01,2023-07-23,2446.38,swapped,Nagpur,gifted,no,83,12.26,0,0.0,0,0,0,0,0.0
CP2108,U0237,CAT06,B022,flat,250.0,199,2024-03-04,2024-09-24,2583.09,expired,Ahmedabad,purchased,yes,204,9.68,1,201.0,0,0,0,1,0.0
CP2109,U0297,CAT05,B019,percentage,79.2,0,2023-01-26,2023-06-09,3063.83,available,Chandigarh,gifted,no,134,79.2,1,167.0,2,0,0,0,2.0
CP2110,U0094,CAT07,B024,flat,300.0,1999,2024-08-27,2025-07-28,4771.6,expired,Bhopal,purchased,yes,335,6.29,4,177.75,1,0,0,2,0.25
CP2111,U0456,CAT07,B026,percentage,51.9,499,2024-03-29,2024-12-09,2223.21,available,Delhi,earned,yes,255,51.9,3,134.0,1,0,0,0,0.3333
CP2112,U0095,CAT10,B036,percentage,21.7,1499,2024-04-24,2025-03-21,4049.09,swapped,Bengaluru,earned,yes,331,21.7,3,146.67,0,0,0,0,0.0
CP2113,U0284,CAT01,B004,flat,250.0,999,2023-05-07,2023-08-11,2126.24,available,Delhi,gifted,yes,96,11.76,2,65.5,0,0,0,0,0.0
CP2114,U0404,CAT05,B018,percentage,19.4,199,2023-09-05,2023-10-31,1117.59,claimed,Pune,purchased,no,56,19.4,1,279.0,0,0,0,0,0.0
CP2115,U0499,CAT01,B004,flat,50.0,299,2024-01-22,2024-12-06,3553.2,expired,Mumbai,gifted,no,319,1.41,1,255.0,2,1,0,0,2.0
CP2116,U0399,CAT03,B010,percentage,45.3,199,2024-02-06,2024-08-19,3013.99,available,Visakhapatnam,gifted,no,195,45.3,3,132.67,0,1,0,0,0.0
CP2117,U0454,CAT01,B001,flat,200.0,1999,2023-09-17,2024-07-14,2800.65,available,Nagpur,earned,no,301,7.14,4,216.5,1,1,0,0,0.25
CP2118,U0132,CAT04,B013,percentage,48.4,199,2024-06-16,2024-07-21,1842.44,swapped,Ahmedabad,gifted,yes,35,48.4,1,175.0,1,0,0,0,1.0
CP2119,U0187,CAT06,B021,flat,300.0,299,2023-11-06,2024-02-11,4013.54,claimed,Bhopal,earned,no,97,7.47,0,0.0,0,1,0,0,0.0
CP2120,U0487,CAT09,B031,percentage,18.5,199,2023-08-23,2024-07-20,885.48,available,Bengaluru,referral,yes,332,18.5,1,22.0,1,0,0,0,1.0
CP2121,U0398,CAT02,B007,percentage,77.3,999,2023-08-02,2024-06-30,3326.07,claimed,Nagpur,earned,no,333,77.3,3,246.33,1,3,0,0,0.3333
CP2122,U0411,CAT03,B012,percentage,64.8,199,2023-03-20,2023-08-25,4037.55,claimed,Bhopal,purchased,yes,158,64.8,1,96.0,2,1,0,0,2.0
CP2123,U0005,CAT08,B029,percentage,28.2,199,2023-04-28,2024-01-01,1013.76,available,Coimbatore,gifted,no,248,28.2,2,31.0,2,0,0,0,1.0
CP2124,U0250,CAT01,B001,percentage,57.6,299,2023-07-03,2024-04-27,1725.45,available,Mumbai,purchased,yes,299,57.6,1,154.0,2,1,0,0,2.0
CP2125,U0188,CAT01,B001,flat,400.0,299,2024-01-05,2024-07-05,380.78,available,Nagpur,earned,yes,182,105.05,1,169.0,0,0,0,0,0.0
CP2126,U0333,CAT01,B003,percentage,14.9,1499,2024-04-22,2024-11-01,138.64,available,Chennai,gifted,no,193,14.9,2,154.5,1,0,0,0,0.5
CP2127,U0247,CAT05,B019,percentage,8.8,999,2024-02-12,2024-04-10,4547.31,available,Coimbatore,referral,yes,58,8.8,0,0.0,0,1,0,0,0.0
CP2128,U0462,CAT04,B013,percentage,32.9,199,2024-05-20,2024-08-30,3459.53,available,Coimbatore,earned,yes,102,32.9,1,67.0,0,1,0,0,0.0
CP2129,U0305,CAT07,B024,flat,200.0,199,2023-12-10,2024-08-24,1184.14,available,Bengaluru,purchased,no,258,16.89,2,161.5,1,0,0,0,0.5
CP2130,U0187,CAT09,B032,percentage,52.6,0,2023-01-08,2023-03-27,3625.72,claimed,Nagpur,earned,no,78,52.6,5,156.0,0,0,0,0,0.0
CP2131,U0024,CAT03,B009,percentage,31.3,0,2024-08-08,2024-11-12,4249.51,available,Kochi,purchased,yes,96,31.3,2,172.5,0,1,0,0,0.0
CP2132,U0436,CAT03,B012,flat,200.0,199,2024-08-12,2025-08-08,3782.06,claimed,Visakhapatnam,purchased,yes,361,5.29,3,251.67,0,0,0,0,0.0
CP2133,U0040,CAT06,B023,flat,250.0,499,2023-11-27,2024-02-28,4219.47,expired,Indore,purchased,yes,93,5.92,3,122.0,0,2,1,0,0.0
CP2134,U0406,CAT01,B004,percentage,75.2,299,2023-11-06,2024-01-31,4577.96,available,Indore,earned,no,86,75.2,3,154.0,2,1,0,1,0.6667
CP2135,U0122,CAT03,B012,percentage,50.1,1499,2024-06-13,2025-04-18,396.94,available,Patna,referral,no,309,50.1,3,106.0,0,1,0,0,0.0
CP2136,U0246,CAT08,B027,flat,300.0,199,2024-12-26,2025-09-18,4415.25,available,Kolkata,earned,yes,266,6.79,5,175.0,0,1,0,0,0.0
CP2137,U0310,CAT06,B022,percentage,39.7,1999,2024-05-22,2024-09-13,1913.14,claimed,Surat,referral,no,114,39.7,0,0.0,1,0,0,0,0.0
CP2138,U0476,CAT04,B013,flat,50.0,999,2023-08-20,2024-02-04,3254.01,claimed,Ahmedabad,purchased,no,168,1.54,2,79.0,2,0,2,0,1.0
CP2139,U0034,CAT01,B001,flat,200.0,499,2023-01-10,2023-12-13,3510.06,claimed,Nagpur,gifted,no,337,5.7,1,139.0,2,0,0,0,2.0
CP2140,U0065,CAT03,B012,percentage,63.4,299,2024-12-11,2025-03-21,1345.41,available,Delhi,purchased,yes,100,63.4,3,234.0,0,0,1,0,0.0
CP2141,U0468,CAT01,B001,flat,200.0,0,2024-10-06,2024-12-05,3409.91,available,Pune,purchased,yes,60,5.87,1,157.0,1,1,0,1,1.0
CP2142,U0133,CAT08,B027,flat,300.0,499,2023-11-15,2024-01-17,4802.01,available,Patna,referral,yes,63,6.25,1,102.0,0,0,0,1,0.0
CP2143,U0112,CAT01,B001,percentage,14.4,299,2024-09-17,2025-02-08,3073.56,swapped,Jaipur,gifted,no,144,14.4,2,114.0,0,0,1,0,0.0
CP2144,U0316,CAT03,B010,percentage,52.8,499,2024-10-24,2025-05-07,3437.74,swapped,Nagpur,earned,yes,195,52.8,3,73.33,1,1,1,0,0.3333
CP2145,U0221,CAT06,B021,flat,50.0,1999,2023-06-22,2023-10-15,4568.24,expired,Indore,earned,yes,115,1.09,3,101.0,0,1,0,0,0.0
CP2146,U0289,CAT07,B025,percentage,59.0,0,2023-05-27,2024-04-30,2894.51,expired,Delhi,gifted,no,339,59.0,2,199.5,0,0,0,0,0.0
CP2147,U0232,CAT07,B024,flat,200.0,999,2023-11-05,2024-02-17,2470.01,expired,Surat,gifted,yes,104,8.1,0,0.0,1,0,0,0,0.0
CP2148,U0307,CAT05,B018,percentage,14.4,199,2024-09-26,2025-07-05,3634.39,expired,Bhopal,gifted,no,282,14.4,1,208.0,0,0,0,0,0.0
CP2149,U0205,CAT05,B018,percentage,27.9,999,2023-08-25,2024-07-14,145.16,available,Kolkata,earned,yes,324,27.9,2,137.5,3,0,0,1,1.5
CP2150,U0234,CAT06,B021,percentage,46.8,199,2023-08-16,2024-03-04,1278.19,expired,Visakhapatnam,purchased,yes,201,46.8,5,140.6,0,0,1,0,0.0
CP2151,U0128,CAT04,B013,flat,150.0,1499,2023-10-11,2024-05-02,4495.82,expired,Delhi,purchased,yes,204,3.34,0,0.0,1,0,0,0,0.0
CP2152,U0478,CAT07,B025,percentage,18.4,299,2023-10-28,2024-07-27,157.11,claimed,Kochi,purchased,no,273,18.4,3,175.67,1,1,0,0,0.3333
CP2153,U0205,CAT03,B009,percentage,31.0,0,2023-11-28,2024-02-03,671.29,expired,Surat,purchased,yes,67,31.0,2,91.5,0,1,1,0,0.0
CP2154,U0440,CAT08,B029,percentage,76.0,499,2023-11-29,2024-09-27,317.99,claimed,Jaipur,earned,yes,303,76.0,0,0.0,1,0,0,2,0.0
CP2155,U0485,CAT05,B018,percentage,53.6,299,2024-12-04,2025-06-05,1996.69,available,Patna,earned,no,183,53.6,0,0.0,0,1,0,0,0.0
CP2156,U0395,CAT06,B021,percentage,22.4,999,2023-02-06,2023-11-11,423.07,available,Pune,earned,no,278,22.4,4,97.25,1,1,0,0,0.25
CP2157,U0313,CAT01,B003,flat,150.0,299,2024-12-06,2025-06-12,4661.42,swapped,Vadodara,earned,no,188,3.22,5,211.8,0,0,0,1,0.0
CP2158,U0487,CAT02,B007,flat,250.0,0,2024-01-02,2024-10-12,4475.98,available,Pune,purchased,yes,284,5.59,1,292.0,1,1,0,0,1.0
CP2159,U0382,CAT05,B020,percentage,68.0,499,2024-03-16,2024-06-15,713.93,swapped,Coimbatore,earned,no,91,68.0,3,119.0,0,0,1,0,0.0
CP2160,U0224,CAT04,B015,percentage,70.6,0,2023-01-01,2023-09-22,1597.67,available,Delhi,gifted,no,264,70.6,2,229.5,2,0,0,0,1.0
CP2161,U0236,CAT09,B031,flat,300.0,0,2024-09-01,2025-05-17,1565.06,expired,Bhopal,purchased,yes,258,19.17,3,204.33,0,0,0,0,0.0
CP2162,U0376,CAT10,B033,percentage,10.9,0,2023-10-19,2024-06-18,4255.42,expired,Vadodara,purchased,yes,243,10.9,1,162.0,0,0,0,1,0.0
CP2163,U0198,CAT09,B032,percentage,26.1,199,2024-02-05,2024-05-03,2796.57,available,Visakhapatnam,gifted,no,88,26.1,1,163.0,0,0,0,0,0.0
CP2164,U0019,CAT02,B007,flat,50.0,1499,2023-12-25,2024-12-10,2976.5,available,Chandigarh,earned,yes,351,1.68,5,194.0,0,0,1,0,0.0
CP2165,U0366,CAT07,B025,percentage,7.6,499,2024-05-05,2024-08-22,825.14,available,Coimbatore,purchased,no,109,7.6,4,141.75,1,0,0,0,0.25
CP2166,U0145,CAT08,B027,percentage,39.4,0,2023-12-27,2024-08-28,2357.24,available,Mumbai,referral,yes,245,39.4,2,63.5,0,0,0,2,0.0
CP2167,U0300,CAT01,B004,percentage,76.4,1499,2024-06-16,2025-05-18,4943.8,available,Jaipur,gifted,no,336,76.4,1,215.0,0,1,0,0,0.0
CP2168,U0247,CAT10,B034,percentage,71.9,299,2023-09-24,2024-05-09,2843.28,swapped,Chandigarh,gifted,no,228,71.9,2,212.0,1,0,0,0,0.5
CP2169,U0044,CAT08,B028,percentage,47.1,499,2024-05-18,2024-08-07,1556.39,available,Kochi,earned,no,81,47.1,3,128.67,1,0,0,0,0.3333
CP2170,U0025,CAT07,B024,flat,150.0,1499,2023-04-02,2024-01-14,3296.31,available,Ahmedabad,purchased,yes,287,4.55,2,73.0,0,0,0,1,0.0
CP2171,U0389,CAT03,B011,percentage,77.1,1999,2024-03-14,2024-09-29,1108.94,expired,Nagpur,gifted,yes,199,77.1,2,179.5,1,0,0,0,0.5
CP2172,U0056,CAT01,B002,percentage,42.1,999,2024-07-24,2025-04-26,3924.69,expired,Hyderabad,gifted,no,276,42.1,1,26.0,0,1,0,1,0.0
CP2173,U0071,CAT03,B009,flat,100.0,299,2023-09-26,2023-11-24,4778.76,available,Surat,purchased,yes,59,2.09,3,186.0,0,0,0,0,0.0
CP2174,U0301,CAT06,B022,percentage,7.4,999,2023-02-07,2023-12-22,4222.51,claimed,Nagpur,gifted,no,318,7.4,3,180.67,1,1,0,0,0.3333
CP2175,U0007,CAT04,B016,percentage,33.3,199,2024-02-06,2024-06-24,4001.75,expired,Pune,gifted,yes,139,33.3,4,182.75,0,0,0,1,0.0
CP2176,U0315,CAT01,B001,percentage,26.8,299,2023-11-17,2024-03-06,3111.38,available,Mumbai,gifted,no,110,26.8,4,149.0,0,1,0,0,0.0
CP2177,U0212,CAT02,B008,flat,300.0,1999,2023-11-18,2024-05-04,1968.06,claimed,Nagpur,earned,no,168,15.24,5,184.8,0,0,0,0,0.0
CP2178,U0324,CAT02,B008,percentage,30.3,499,2024-04-08,2024-10-22,325.65,available,Pune,purchased,yes,197,30.3,0,0.0,0,0,0,0,0.0
CP2179,U0095,CAT05,B017,percentage,60.8,299,2024-04-07,2024-06-28,440.12,available,Patna,earned,no,82,60.8,1,225.0,0,0,0,0,0.0
CP2180,U0036,CAT02,B006,flat,500.0,499,2023-01-13,2023-08-03,2042.61,available,Coimbatore,earned,yes,202,24.48,0,0.0,0,1,0,0,0.0
CP2181,U0326,CAT04,B014,percentage,46.5,999,2023-10-10,2024-07-14,216.55,claimed,Kolkata,gifted,no,278,46.5,1,51.0,1,0,0,0,1.0
CP2182,U0156,CAT03,B012,percentage,29.2,299,2024-07-18,2025-01-08,818.7,available,Jaipur,earned,yes,174,29.2,2,134.5,1,0,0,0,0.5
CP2183,U0237,CAT05,B020,percentage,10.3,0,2024-04-17,2024-09-14,1536.01,available,Bengaluru,earned,yes,150,10.3,0,0.0,0,0,0,0,0.0
CP2184,U0324,CAT09,B030,flat,300.0,999,2024-11-26,2025-07-08,4070.26,swapped,Hyderabad,earned,yes,224,7.37,3,272.0,1,2,0,1,0.3333
CP2185,U0477,CAT10,B036,percentage,11.4,1999,2023-09-28,2024-06-16,3950.38,swapped,Patna,earned,yes,262,11.4,3,79.0,0,0,0,0,0.0
CP2186,U0074,CAT02,B006,flat,300.0,299,2024-11-04,2025-10-06,3645.09,available,Coimbatore,earned,yes,336,8.23,3,128.33,0,1,0,0,0.0
CP2187,U0144,CAT05,B017,flat,150.0,0,2023-09-26,2023-12-05,1030.12,available,Hyderabad,purchased,yes,70,14.56,0,0.0,0,1,0,0,0.0
CP2188,U0081,CAT05,B017,flat,250.0,299,2023-03-29,2023-08-24,3199.1,available,Patna,earned,no,148,7.81,7,167.71,1,0,0,0,0.1429
CP2189,U0382,CAT05,B020,percentage,32.1,299,2023-01-02,2023-11-21,3972.31,expired,Chandigarh,gifted,no,323,32.1,2,257.5,0,0,0,0,0.0
CP2190,U0135,CAT09,B031,percentage,10.2,1999,2023-07-22,2023-10-13,4045.84,expired,Chandigarh,purchased,no,83,10.2,1,33.0,0,0,0,1,0.0
CP2191,U0138,CAT03,B010,percentage,54.6,1999,2024-04-28,2025-03-31,320.53,expired,Mumbai,purchased,no,337,54.6,3,106.0,0,0,0,0,0.0
CP2192,U0002,CAT05,B019,percentage,48.5,999,2024-06-21,2025-03-08,4715.71,available,Hyderabad,earned,no,260,48.5,2,151.0,1,0,1,0,0.5
CP2193,U0037,CAT10,B035,percentage,66.2,0,2024-02-19,2024-08-20,4175.61,available,Chennai,gifted,no,183,66.2,1,139.0,1,0,0,0,1.0
CP2194,U0251,CAT06,B021,flat,500.0,499,2023-02-16,2023-09-12,1245.11,expired,Delhi,purchased,no,208,40.16,1,184.0,0,0,0,0,0.0
CP2195,U0203,CAT06,B022,percentage,12.1,0,2023-11-26,2024-04-19,1973.06,available,Delhi,purchased,no,145,12.1,3,173.67,0,0,0,0,0.0
CP2196,U0397,CAT09,B031,percentage,27.5,1499,2024-07-28,2025-03-08,3198.94,expired,Patna,purchased,no,223,27.5,0,0.0,0,0,0,0,0.0
CP2197,U0414,CAT09,B030,percentage,72.4,0,2023-09-10,2024-05-04,175.5,available,Indore,earned,yes,237,72.4,1,153.0,1,0,0,0,1.0
CP2198,U0247,CAT02,B008,percentage,76.7,299,2023-08-16,2024-08-14,2891.9,available,Kolkata,earned,yes,364,76.7,4,155.5,0,0,0,1,0.0
CP2199,U0055,CAT08,B029,percentage,74.9,999,2023-03-17,2023-11-28,3532.25,available,Delhi,referral,no,256,74.9,2,162.0,0,0,0,0,0.0
CP2200,U0045,CAT10,B033,percentage,12.0,1999,2023-10-21,2024-04-18,1815.53,expired,Bhopal,gifted,yes,180,12.0,2,208.0,1,0,0,0,0.5
CP2201,U0374,CAT04,B014,flat,500.0,499,2023-11-07,2024-09-21,4925.39,swapped,Kochi,referral,yes,319,10.15,1,55.0,1,3,0,0,1.0
CP2202,U0185,CAT10,B033,percentage,56.0,199,2023-08-05,2024-01-01,4539.01,swapped,Delhi,gifted,yes,149,56.0,3,253.0,1,0,0,0,0.3333
CP2203,U0491,CAT07,B026,percentage,31.1,1499,2024-01-31,2024-04-27,3086.45,claimed,Indore,purchased,no,87,31.1,1,256.0,1,0,0,0,1.0
CP2204,U0254,CAT04,B015,flat,100.0,1499,2023-10-07,2024-07-22,3627.73,swapped,Kolkata,earned,no,289,2.76,5,133.6,1,0,1,1,0.2
CP2205,U0444,CAT09,B031,flat,150.0,499,2024-09-28,2025-01-14,3311.32,available,Indore,earned,no,108,4.53,3,230.33,0,0,0,1,0.0
CP2206,U0470,CAT02,B006,percentage,20.1,999,2023-05-08,2024-02-08,1983.06,swapped,Bhopal,purchased,no,276,20.1,4,104.0,0,1,0,0,0.0
CP2207,U0312,CAT09,B032,percentage,70.5,199,2023-11-24,2024-08-16,636.29,expired,Chandigarh,purchased,yes,266,70.5,2,179.0,1,0,0,1,0.5
CP2208,U0479,CAT07,B026,flat,500.0,299,2024-09-19,2025-01-23,3763.07,available,Chandigarh,purchased,no,126,13.29,1,73.0,1,1,0,0,1.0
CP2209,U0003,CAT01,B001,flat,250.0,1999,2024-01-05,2024-10-09,4375.96,claimed,Pune,purchased,yes,278,5.71,1,170.0,1,0,0,1,1.0
CP2210,U0204,CAT08,B029,flat,75.0,1499,2024-07-07,2025-02-24,2936.8,available,Surat,purchased,yes,232,2.55,2,280.5,0,0,0,0,0.0
CP2211,U0025,CAT06,B021,percentage,18.0,1499,2023-02-24,2023-03-29,447.01,swapped,Hyderabad,earned,yes,33,18.0,1,95.0,1,0,0,2,1.0
CP2212,U0099,CAT02,B007,percentage,36.1,999,2024-08-22,2025-05-14,1326.72,available,Vadodara,earned,yes,265,36.1,3,271.67,0,0,2,0,0.0
CP2213,U0263,CAT03,B009,flat,50.0,199,2023-02-18,2023-12-29,3292.99,available,Lucknow,earned,no,314,1.52,3,162.33,1,0,2,1,0.3333
CP2214,U0066,CAT10,B033,flat,500.0,199,2024-02-19,2024-11-19,3385.58,available,Delhi,purchased,no,274,14.77,3,151.67,2,0,0,1,0.6667
CP2215,U0126,CAT09,B030,percentage,71.7,1499,2024-04-22,2025-04-08,4959.69,swapped,Kochi,referral,no,351,71.7,1,275.0,0,0,0,0,0.0
CP2216,U0070,CAT02,B006,percentage,10.4,199,2024-06-27,2025-05-03,153.91,available,Bengaluru,gifted,no,310,10.4,1,279.0,0,3,0,0,0.0
CP2217,U0500,CAT05,B017,percentage,9.7,1499,2024-10-06,2025-09-22,1155.55,available,Kolkata,gifted,yes,351,9.7,0,0.0,2,0,0,0,0.0
CP2218,U0313,CAT07,B026,percentage,43.0,999,2023-11-21,2024-11-05,377.28,expired,Bhopal,purchased,yes,350,43.0,0,0.0,2,0,1,0,0.0
CP2219,U0376,CAT03,B010,flat,75.0,199,2024-12-31,2025-11-18,3310.02,swapped,Ahmedabad,earned,yes,322,2.27,0,0.0,1,0,0,0,0.0
CP2220,U0124,CAT07,B025,flat,100.0,499,2024-01-25,2024-12-28,2936.71,claimed,Vadodara,earned,yes,338,3.41,1,289.0,0,0,0,0,0.0
CP2221,U0155,CAT03,B011,percentage,51.1,1499,2023-09-21,2024-03-01,2625.17,expired,Pune,earned,no,162,51.1,2,106.5,1,0,0,0,0.5
CP2222,U0159,CAT09,B031,percentage,70.4,1999,2023-04-29,2023-07-06,4856.91,available,Bhopal,purchased,yes,68,70.4,0,0.0,0,0,0,0,0.0
CP2223,U0360,CAT06,B023,percentage,11.4,299,2023-12-08,2024-06-17,2989.47,expired,Delhi,earned,no,192,11.4,0,0.0,0,1,1,0,0.0
CP2224,U0473,CAT03,B012,percentage,74.7,299,2023-02-23,2023-06-20,2906.78,expired,Mumbai,earned,no,117,74.7,0,0.0,0,0,0,1,0.0
CP2225,U0203,CAT07,B024,percentage,13.7,1499,2023-07-02,2024-02-20,161.31,available,Surat,gifted,yes,233,13.7,1,60.0,3,1,0,1,3.0
CP2226,U0302,CAT09,B030,percentage,29.0,999,2024-11-04,2025-10-17,4759.37,claimed,Pune,earned,yes,347,29.0,1,124.0,0,0,0,0,0.0
CP2227,U0289,CAT10,B035,flat,250.0,1499,2023-12-21,2024-02-23,4089.81,available,Indore,purchased,yes,64,6.11,1,237.0,1,0,0,0,1.0
CP2228,U0007,CAT02,B005,percentage,21.2,199,2024-02-05,2024-10-25,3566.9,available,Kochi,gifted,no,263,21.2,1,169.0,1,2,1,0,1.0
CP2229,U0374,CAT07,B024,percentage,32.4,1999,2024-07-22,2025-01-17,843.82,available,Mumbai,gifted,no,179,32.4,1,150.0,1,0,0,0,1.0
CP2230,U0296,CAT07,B024,percentage,76.1,199,2024-12-17,2025-03-31,3159.98,swapped,Coimbatore,purchased,no,104,76.1,1,212.0,0,1,0,0,0.0
CP2231,U0269,CAT04,B014,flat,50.0,199,2024-04-28,2025-02-19,461.96,claimed,Pune,earned,no,297,10.82,2,126.5,0,0,0,0,0.0
CP2232,U0033,CAT05,B019,percentage,5.2,999,2023-05-17,2023-06-19,2273.49,available,Lucknow,purchased,no,33,5.2,0,0.0,1,0,0,0,0.0
CP2233,U0358,CAT05,B017,percentage,58.7,499,2024-05-16,2025-04-24,3822.06,available,Chandigarh,gifted,yes,343,58.7,3,76.33,0,0,0,1,0.0
CP2234,U0010,CAT10,B035,percentage,11.9,299,2024-12-27,2025-02-04,4430.76,available,Hyderabad,earned,no,39,11.9,2,190.0,0,0,0,0,0.0
CP2235,U0007,CAT03,B010,percentage,18.0,199,2024-12-07,2025-01-30,2120.79,swapped,Ahmedabad,purchased,no,54,18.0,4,128.5,1,1,0,1,0.25
CP2236,U0362,CAT01,B002,flat,500.0,199,2023-08-25,2023-09-25,3364.84,expired,Jaipur,purchased,no,31,14.86,2,151.5,1,1,0,0,0.5
CP2237,U0435,CAT06,B021,percentage,78.5,999,2024-08-09,2024-11-19,199.17,claimed,Bhopal,earned,yes,102,78.5,3,212.67,1,0,0,0,0.3333
CP2238,U0429,CAT02,B008,flat,300.0,999,2024-09-18,2025-05-03,2382.66,expired,Mumbai,purchased,yes,227,12.59,3,173.0,1,0,0,0,0.3333
CP2239,U0051,CAT05,B019,percentage,24.0,499,2023-01-20,2023-09-06,1985.27,claimed,Mumbai,purchased,no,229,24.0,1,201.0,0,0,0,0,0.0
CP2240,U0251,CAT05,B019,percentage,12.5,499,2024-11-02,2025-01-19,1531.65,claimed,Bhopal,earned,yes,78,12.5,1,289.0,0,3,0,0,0.0
CP2241,U0004,CAT09,B030,percentage,27.2,299,2023-05-02,2023-12-01,4099.68,expired,Bhopal,earned,no,213,27.2,2,170.5,1,1,0,0,0.5
CP2242,U0191,CAT02,B006,percentage,67.7,199,2024-12-26,2025-07-13,3505.75,expired,Ahmedabad,earned,yes,199,67.7,3,169.67,1,0,0,0,0.3333
CP2243,U0228,CAT06,B023,flat,150.0,1499,2024-04-11,2025-04-07,1555.6,available,Jaipur,earned,no,361,9.64,5,156.8,0,0,0,1,0.0
CP2244,U0306,CAT08,B028,percentage,30.5,299,2024-11-23,2025-04-03,281.28,available,Hyderabad,referral,yes,131,30.5,0,0.0,0,0,1,1,0.0
CP2245,U0229,CAT06,B022,percentage,37.7,1499,2023-07-05,2024-03-28,2739.32,claimed,Chandigarh,purchased,yes,267,37.7,1,276.0,0,2,0,0,0.0
CP2246,U0131,CAT08,B028,percentage,6.4,299,2023-09-01,2023-10-11,4021.59,claimed,Visakhapatnam,purchased,no,40,6.4,4,120.75,1,0,0,0,0.25
CP2247,U0092,CAT02,B008,percentage,71.7,999,2023-11-13,2024-02-18,4958.69,available,Surat,referral,no,97,71.7,1,162.0,0,0,0,0,0.0
CP2248,U0289,CAT06,B023,flat,50.0,499,2023-11-30,2024-06-27,2242.63,available,Vadodara,earned,yes,210,2.23,1,28.0,1,0,1,0,1.0
CP2249,U0363,CAT02,B006,flat,500.0,299,2023-08-17,2023-09-25,3805.05,claimed,Ahmedabad,gifted,no,39,13.14,2,166.5,0,0,0,0,0.0
CP2250,U0292,CAT06,B023,percentage,79.8,1999,2023-01-01,2023-11-08,1815.39,claimed,Indore,referral,yes,311,79.8,1,160.0,0,0,1,0,0.0
CP2251,U0398,CAT02,B007,flat,100.0,199,2023-07-05,2023-10-02,1047.02,expired,Vadodara,earned,yes,89,9.55,4,219.0,1,1,0,0,0.25
CP2252,U0344,CAT01,B002,percentage,37.4,999,2023-03-14,2023-06-18,3196.32,swapped,Patna,earned,yes,96,37.4,2,145.5,1,0,0,0,0.5
CP2253,U0375,CAT01,B004,percentage,72.7,1999,2023-04-30,2023-10-03,2882.61,expired,Nagpur,earned,yes,156,72.7,1,32.0,1,0,0,1,1.0
CP2254,U0479,CAT08,B027,percentage,74.7,0,2024-12-13,2025-08-01,4566.21,swapped,Pune,purchased,no,231,74.7,4,191.5,0,0,0,0,0.0
CP2255,U0376,CAT09,B032,flat,100.0,1499,2024-06-09,2025-01-12,4818.02,claimed,Vadodara,gifted,yes,217,2.08,0,0.0,0,1,0,0,0.0
CP2256,U0027,CAT09,B031,flat,400.0,1499,2024-02-10,2024-07-13,4551.37,claimed,Mumbai,gifted,no,154,8.79,2,150.0,1,1,0,0,0.5
CP2257,U0401,CAT10,B035,percentage,78.5,299,2024-10-31,2025-05-01,1597.53,expired,Jaipur,referral,no,182,78.5,0,0.0,1,0,0,0,0.0
CP2258,U0298,CAT05,B017,flat,50.0,1999,2024-04-07,2024-11-29,893.26,available,Chandigarh,earned,no,236,5.6,2,91.0,0,0,0,1,0.0
CP2259,U0056,CAT05,B018,percentage,38.9,1499,2023-12-30,2024-11-14,1985.45,swapped,Jaipur,purchased,yes,320,38.9,1,136.0,0,1,0,0,0.0
CP2260,U0361,CAT10,B035,flat,50.0,1999,2024-04-18,2025-03-24,2882.89,available,Visakhapatnam,referral,no,340,1.73,5,148.2,3,2,1,0,0.6
CP2261,U0341,CAT09,B030,flat,400.0,1999,2023-12-04,2024-08-03,2783.21,available,Visakhapatnam,gifted,yes,243,14.37,2,176.5,2,0,0,1,1.0
CP2262,U0227,CAT05,B017,percentage,76.6,1499,2023-08-04,2023-10-02,3366.12,expired,Indore,gifted,no,59,76.6,0,0.0,0,2,0,0,0.0
CP2263,U0252,CAT02,B006,percentage,6.9,999,2024-10-03,2024-11-03,2696.28,available,Chennai,purchased,yes,31,6.9,1,189.0,2,1,0,2,2.0
CP2264,U0298,CAT09,B031,percentage,22.7,999,2023-07-13,2024-03-08,3039.87,available,Coimbatore,gifted,yes,239,22.7,2,132.5,1,0,0,0,0.5
CP2265,U0162,CAT03,B010,percentage,80.0,199,2023-05-22,2024-01-08,835.18,available,Surat,earned,no,231,80.0,2,145.0,0,0,0,0,0.0
CP2266,U0072,CAT10,B036,percentage,49.6,199,2023-02-24,2023-06-30,1266.05,claimed,Bengaluru,purchased,no,126,49.6,0,0.0,0,1,0,0,0.0
CP2267,U0356,CAT01,B002,flat,250.0,499,2024-01-12,2024-08-05,4934.14,available,Ahmedabad,purchased,no,206,5.07,1,118.0,0,1,0,0,0.0
CP2268,U0480,CAT02,B008,percentage,19.6,1999,2023-11-13,2024-04-26,1834.23,available,Nagpur,earned,yes,165,19.6,1,233.0,0,0,0,0,0.0
CP2269,U0048,CAT03,B009,percentage,23.7,1499,2024-11-09,2025-10-10,780.0,expired,Mumbai,earned,no,335,23.7,1,21.0,0,0,0,0,0.0
CP2270,U0446,CAT01,B004,flat,75.0,199,2023-06-07,2023-10-01,4536.44,claimed,Pune,earned,yes,116,1.65,1,295.0,0,0,0,0,0.0
CP2271,U0128,CAT06,B022,percentage,36.4,1499,2024-12-12,2025-07-10,71.64,available,Kochi,gifted,no,210,36.4,1,200.0,1,0,1,0,1.0
CP2272,U0220,CAT10,B035,percentage,77.7,0,2023-08-06,2024-02-22,2523.63,claimed,Coimbatore,earned,no,200,77.7,0,0.0,0,0,0,1,0.0
CP2273,U0371,CAT04,B014,percentage,41.6,999,2023-07-16,2024-06-05,355.5,expired,Bhopal,purchased,yes,325,41.6,1,244.0,0,0,0,0,0.0
CP2274,U0456,CAT04,B016,percentage,59.1,999,2023-05-26,2024-01-28,135.99,swapped,Chennai,purchased,no,247,59.1,1,192.0,0,0,0,0,0.0
CP2275,U0396,CAT06,B022,flat,300.0,999,2023-04-17,2024-01-06,233.77,claimed,Indore,purchased,yes,264,128.33,1,294.0,1,1,0,0,1.0
CP2276,U0435,CAT06,B023,percentage,7.9,199,2023-08-01,2024-06-25,1301.61,claimed,Indore,gifted,no,329,7.9,2,196.5,1,1,0,1,0.5
CP2277,U0100,CAT03,B009,percentage,59.6,1499,2024-07-18,2025-07-15,1226.47,expired,Pune,earned,yes,362,59.6,2,45.0,1,0,0,1,0.5
CP2278,U0076,CAT10,B034,percentage,33.3,0,2024-10-26,2025-10-03,62.1,available,Mumbai,gifted,yes,342,33.3,1,297.0,1,0,0,0,1.0
CP2279,U0453,CAT03,B012,percentage,9.2,199,2024-07-26,2024-10-28,2578.99,expired,Indore,earned,yes,94,9.2,3,101.0,1,0,0,0,0.3333
CP2280,U0377,CAT08,B027,percentage,51.5,999,2023-11-28,2024-09-04,2700.47,available,Chennai,referral,yes,281,51.5,1,215.0,0,1,0,0,0.0
CP2281,U0426,CAT01,B004,percentage,16.9,1499,2024-11-07,2025-08-29,3749.09,available,Bengaluru,referral,yes,295,16.9,1,229.0,1,1,0,0,1.0
CP2282,U0361,CAT07,B026,percentage,72.6,499,2023-09-22,2024-05-21,1860.09,claimed,Ahmedabad,earned,no,242,72.6,4,141.75,0,0,0,0,0.0
CP2283,U0332,CAT08,B028,percentage,47.6,499,2024-12-10,2025-01-18,4436.28,swapped,Indore,purchased,no,39,47.6,1,285.0,0,0,0,0,0.0
CP2284,U0356,CAT06,B021,percentage,21.3,299,2024-07-17,2025-04-11,2372.9,claimed,Coimbatore,purchased,no,268,21.3,0,0.0,0,1,0,0,0.0
CP2285,U0223,CAT01,B003,percentage,40.9,0,2024-04-14,2024-06-10,754.28,claimed,Visakhapatnam,earned,yes,57,40.9,0,0.0,0,0,1,0,0.0
CP2286,U0263,CAT09,B031,percentage,44.2,1999,2024-09-05,2024-12-13,4945.07,swapped,Bengaluru,earned,no,99,44.2,3,164.0,0,0,2,2,0.0
CP2287,U0039,CAT05,B017,percentage,5.1,1499,2023-07-20,2024-04-27,2603.93,available,Surat,gifted,no,282,5.1,1,191.0,0,0,0,0,0.0
CP2288,U0206,CAT09,B032,percentage,20.1,499,2024-12-07,2025-11-30,1562.79,claimed,Patna,earned,yes,358,20.1,3,120.67,0,1,1,0,0.0
CP2289,U0390,CAT03,B012,percentage,19.3,1999,2023-05-07,2023-09-03,4983.71,available,Kochi,purchased,no,119,19.3,2,111.5,0,0,1,1,0.0
CP2290,U0310,CAT05,B017,flat,50.0,0,2023-03-28,2024-02-16,4886.67,claimed,Jaipur,earned,no,325,1.02,2,34.5,2,0,0,0,1.0
CP2291,U0249,CAT01,B001,percentage,56.9,1999,2024-12-02,2025-07-24,4497.14,available,Delhi,gifted,yes,234,56.9,2,244.5,0,0,1,0,0.0
CP2292,U0116,CAT01,B004,flat,50.0,499,2023-10-19,2024-03-12,4876.46,claimed,Indore,earned,no,145,1.03,2,94.0,0,0,0,0,0.0
CP2293,U0047,CAT03,B011,percentage,55.2,0,2023-12-02,2024-02-04,4635.55,claimed,Mumbai,purchased,no,64,55.2,2,195.0,2,0,0,0,1.0
CP2294,U0007,CAT01,B001,percentage,60.3,299,2023-01-29,2023-05-29,287.92,available,Lucknow,earned,yes,120,60.3,2,42.5,0,0,0,0,0.0
CP2295,U0318,CAT04,B014,percentage,5.9,499,2024-11-21,2025-03-19,1854.15,claimed,Vadodara,gifted,no,118,5.9,1,151.0,0,0,0,0,0.0
CP2296,U0444,CAT06,B023,percentage,49.9,1499,2023-11-26,2024-10-25,4939.43,expired,Jaipur,earned,yes,334,49.9,2,274.5,2,0,0,0,1.0
CP2297,U0343,CAT06,B021,percentage,55.9,1499,2024-09-22,2025-03-03,870.53,available,Chandigarh,purchased,no,162,55.9,2,147.5,1,2,0,0,0.5
CP2298,U0048,CAT04,B016,percentage,75.6,199,2024-11-27,2025-07-02,1229.86,swapped,Vadodara,earned,no,217,75.6,0,0.0,2,2,0,1,0.0
CP2299,U0059,CAT07,B025,flat,400.0,1499,2024-01-24,2024-11-22,3396.5,available,Mumbai,earned,no,303,11.78,0,0.0,1,0,0,1,0.0
CP2300,U0337,CAT06,B022,flat,400.0,0,2023-11-05,2024-10-06,4009.7,claimed,Vadodara,earned,yes,336,9.98,2,224.0,0,1,1,0,0.0
CP2301,U0490,CAT05,B019,percentage,7.6,1999,2023-03-01,2023-07-17,3994.97,claimed,Chennai,purchased,yes,138,7.6,4,142.5,1,0,0,0,0.25
CP2302,U0296,CAT06,B022,percentage,29.8,999,2024-08-01,2025-07-13,2211.81,available,Kochi,earned,no,346,29.8,2,180.5,1,0,0,0,0.5
CP2303,U0047,CAT03,B012,flat,75.0,1499,2023-04-10,2023-07-08,4815.85,swapped,Visakhapatnam,gifted,yes,89,1.56,5,184.8,0,0,0,1,0.0
CP2304,U0284,CAT09,B031,percentage,36.8,1499,2024-06-07,2025-05-15,4977.55,available,Pune,earned,yes,342,36.8,2,200.5,0,1,0,1,0.0
CP2305,U0341,CAT04,B015,flat,300.0,199,2023-05-01,2024-02-11,308.96,expired,Kolkata,earned,yes,286,97.1,2,219.5,0,0,0,0,0.0
CP2306,U0178,CAT01,B002,percentage,69.4,999,2023-09-29,2024-01-16,4840.64,claimed,Ahmedabad,purchased,no,109,69.4,3,213.33,0,0,0,0,0.0
CP2307,U0443,CAT05,B018,flat,500.0,0,2024-05-10,2025-03-16,3605.4,available,Bengaluru,referral,no,310,13.87,2,276.0,0,1,0,0,0.0
CP2308,U0157,CAT08,B029,percentage,59.7,499,2023-10-14,2024-06-28,74.35,available,Pune,referral,yes,258,59.7,1,216.0,0,1,0,1,0.0
CP2309,U0042,CAT08,B029,percentage,23.9,299,2024-04-30,2024-08-30,2177.41,claimed,Nagpur,gifted,yes,122,23.9,1,269.0,1,2,0,1,1.0
CP2310,U0443,CAT05,B019,flat,100.0,1999,2024-03-09,2024-11-22,2167.89,swapped,Visakhapatnam,earned,no,258,4.61,5,87.2,1,0,0,1,0.2
CP2311,U0169,CAT10,B036,flat,250.0,999,2023-10-28,2024-04-17,1327.01,claimed,Lucknow,referral,yes,172,18.84,5,96.8,0,1,0,0,0.0
CP2312,U0355,CAT05,B017,percentage,50.8,199,2023-05-20,2024-04-11,2108.95,swapped,Mumbai,earned,no,327,50.8,2,160.0,1,0,0,0,0.5
CP2313,U0107,CAT03,B012,percentage,79.3,299,2024-12-16,2025-11-08,1915.54,available,Vadodara,purchased,yes,327,79.3,0,0.0,2,0,0,0,0.0
CP2314,U0217,CAT05,B019,flat,400.0,1499,2024-09-10,2025-02-11,3952.2,available,Hyderabad,referral,yes,154,10.12,3,202.67,1,0,0,0,0.3333
CP2315,U0360,CAT06,B022,percentage,35.2,199,2024-12-23,2025-03-30,4345.67,available,Indore,purchased,no,97,35.2,3,129.33,0,0,0,0,0.0
CP2316,U0053,CAT06,B023,percentage,7.3,499,2023-11-20,2024-04-16,223.86,expired,Indore,earned,no,148,7.3,0,0.0,0,2,0,0,0.0
CP2317,U0414,CAT04,B014,percentage,67.8,1499,2024-11-22,2025-03-22,3591.59,swapped,Bengaluru,gifted,yes,120,67.8,2,179.5,0,1,0,0,0.0
CP2318,U0442,CAT05,B019,percentage,70.6,0,2024-03-04,2024-07-08,4009.01,available,Bengaluru,purchased,yes,126,70.6,4,145.0,1,1,0,0,0.25
CP2319,U0389,CAT08,B029,flat,500.0,1999,2024-05-14,2025-03-16,285.06,available,Bengaluru,gifted,no,306,175.4,3,130.33,0,0,0,0,0.0
CP2320,U0193,CAT06,B023,flat,250.0,199,2024-06-09,2025-01-30,1800.52,available,Lucknow,purchased,yes,235,13.88,2,179.5,0,1,0,0,0.0
CP2321,U0361,CAT03,B010,percentage,10.7,999,2023-06-25,2024-04-17,1937.07,claimed,Surat,earned,no,297,10.7,1,9.0,2,0,0,1,2.0
CP2322,U0275,CAT07,B026,flat,500.0,999,2023-11-14,2024-03-12,4458.28,swapped,Coimbatore,referral,no,119,11.22,5,104.2,1,2,0,0,0.2
CP2323,U0430,CAT01,B003,percentage,23.2,1499,2024-11-16,2025-04-07,879.43,claimed,Coimbatore,referral,no,142,23.2,2,136.0,2,2,1,0,1.0
CP2324,U0445,CAT02,B006,percentage,17.0,499,2023-01-18,2023-06-03,4725.99,claimed,Lucknow,purchased,no,136,17.0,3,222.0,0,0,0,1,0.0
CP2325,U0096,CAT08,B029,percentage,37.1,499,2024-07-08,2025-01-27,762.92,claimed,Chandigarh,referral,yes,203,37.1,0,0.0,1,1,0,0,0.0
CP2326,U0116,CAT03,B009,percentage,73.5,1999,2024-04-04,2025-02-15,1379.76,swapped,Mumbai,gifted,yes,317,73.5,1,205.0,0,1,1,0,0.0
CP2327,U0246,CAT04,B015,percentage,31.0,199,2024-10-13,2025-05-19,1743.51,available,Kolkata,referral,yes,218,31.0,2,140.0,0,0,0,0,0.0
CP2328,U0170,CAT08,B028,percentage,62.5,199,2023-02-27,2023-08-06,1731.3,available,Patna,gifted,yes,160,62.5,1,135.0,0,0,0,0,0.0
CP2329,U0282,CAT03,B012,percentage,52.7,299,2023-05-10,2023-09-04,4088.28,expired,Mumbai,gifted,yes,117,52.7,7,143.0,0,0,0,1,0.0
CP2330,U0173,CAT05,B017,flat,100.0,299,2023-12-06,2024-06-28,4545.8,claimed,Pune,referral,no,205,2.2,2,182.5,1,0,0,0,0.5
CP2331,U0498,CAT08,B029,percentage,12.8,999,2024-03-01,2024-11-30,2710.31,swapped,Kochi,earned,no,274,12.8,1,296.0,0,1,0,0,0.0
CP2332,U0201,CAT05,B020,flat,400.0,1999,2023-08-27,2024-06-22,3944.52,swapped,Chandigarh,earned,no,300,10.14,2,82.5,0,0,0,0,0.0
CP2333,U0107,CAT05,B019,flat,300.0,199,2024-05-26,2024-10-19,3572.79,claimed,Bengaluru,referral,yes,146,8.4,1,69.0,1,1,1,0,1.0
CP2334,U0015,CAT05,B019,percentage,39.9,0,2024-12-07,2025-08-18,3313.22,available,Chennai,purchased,no,254,39.9,2,35.5,0,0,0,0,0.0
CP2335,U0141,CAT06,B023,flat,200.0,0,2023-06-13,2024-02-13,2466.54,available,Coimbatore,earned,yes,245,8.11,4,50.0,0,1,0,0,0.0
CP2336,U0295,CAT01,B001,percentage,58.9,999,2023-08-19,2024-01-21,193.23,available,Visakhapatnam,gifted,no,155,58.9,1,222.0,1,0,0,0,1.0
CP2337,U0165,CAT03,B010,percentage,36.8,999,2024-10-01,2024-11-27,3886.55,available,Coimbatore,earned,yes,57,36.8,3,215.67,0,1,1,0,0.0
CP2338,U0207,CAT06,B021,percentage,26.0,499,2023-07-22,2024-02-03,154.82,claimed,Indore,gifted,no,196,26.0,2,164.5,2,0,0,0,1.0
CP2339,U0338,CAT02,B007,flat,250.0,999,2024-09-14,2025-05-22,1872.05,expired,Patna,earned,no,250,13.35,1,26.0,0,0,0,0,0.0
CP2340,U0500,CAT06,B022,percentage,30.7,299,2024-08-06,2025-03-13,175.82,available,Pune,earned,no,219,30.7,0,0.0,1,0,0,0,0.0
CP2341,U0460,CAT03,B009,percentage,27.5,0,2024-01-09,2024-07-03,2817.8,claimed,Chennai,earned,yes,176,27.5,2,159.5,0,1,0,0,0.0
CP2342,U0331,CAT06,B021,flat,50.0,999,2024-04-09,2025-02-04,861.93,expired,Chandigarh,earned,yes,301,5.8,0,0.0,0,1,0,1,0.0
CP2343,U0152,CAT02,B006,percentage,67.4,1499,2024-01-19,2024-10-26,1514.47,available,Kolkata,purchased,yes,281,67.4,0,0.0,0,0,1,1,0.0
CP2344,U0104,CAT08,B029,percentage,51.7,0,2023-09-26,2024-06-19,2588.81,expired,Ahmedabad,gifted,yes,267,51.7,2,94.5,0,0,1,0,0.0
CP2345,U0403,CAT04,B015,flat,150.0,199,2023-06-26,2023-09-10,3702.24,available,Lucknow,purchased,yes,76,4.05,3,178.67,0,2,1,0,0.0
CP2346,U0330,CAT10,B034,flat,300.0,1999,2023-08-28,2024-02-22,3981.78,available,Jaipur,purchased,yes,178,7.53,1,182.0,0,0,0,0,0.0
CP2347,U0245,CAT09,B030,percentage,67.3,999,2023-06-18,2024-01-15,1619.07,claimed,Mumbai,purchased,no,211,67.3,2,165.5,0,1,0,0,0.0
CP2348,U0463,CAT10,B035,percentage,65.0,199,2024-11-02,2025-04-02,1658.34,available,Bengaluru,earned,yes,151,65.0,1,182.0,0,1,0,0,0.0
CP2349,U0364,CAT02,B006,flat,150.0,299,2023-09-26,2024-07-09,2391.31,available,Vadodara,earned,no,287,6.27,2,127.0,0,1,0,0,0.0
CP2350,U0123,CAT03,B012,percentage,36.2,299,2023-07-10,2024-04-17,4105.96,available,Hyderabad,purchased,yes,282,36.2,2,125.0,0,0,0,0,0.0
CP2351,U0115,CAT10,B033,flat,150.0,0,2024-05-29,2024-08-09,506.72,claimed,Lucknow,earned,yes,72,29.6,3,196.67,1,0,0,0,0.3333
CP2352,U0297,CAT10,B033,percentage,53.4,499,2024-12-29,2025-03-04,3403.26,available,Kochi,purchased,yes,65,53.4,4,152.5,0,0,0,0,0.0
CP2353,U0036,CAT10,B033,flat,50.0,1499,2024-06-09,2024-09-25,1123.94,available,Coimbatore,earned,yes,108,4.45,2,119.0,2,0,1,1,1.0
CP2354,U0205,CAT02,B008,flat,150.0,499,2024-03-17,2025-03-02,316.48,available,Bengaluru,referral,yes,350,47.4,3,169.33,0,0,0,0,0.0
CP2355,U0455,CAT01,B002,flat,75.0,999,2024-09-25,2024-12-22,3976.26,claimed,Delhi,gifted,yes,88,1.89,3,92.0,0,2,0,0,0.0
CP2356,U0140,CAT02,B006,flat,100.0,1999,2023-01-24,2023-06-30,1354.31,available,Mumbai,referral,yes,157,7.38,3,57.33,1,1,0,0,0.3333
CP2357,U0233,CAT05,B020,flat,250.0,299,2023-03-01,2023-12-09,3768.09,available,Indore,purchased,yes,283,6.63,5,179.0,1,0,0,1,0.2
CP2358,U0492,CAT07,B026,percentage,34.6,1499,2023-07-20,2024-04-29,2543.95,available,Delhi,gifted,no,284,34.6,3,144.0,0,0,1,0,0.0
CP2359,U0218,CAT01,B002,flat,300.0,499,2023-07-30,2023-09-28,4354.75,available,Kochi,earned,no,60,6.89,2,152.0,1,0,0,0,0.5
CP2360,U0126,CAT07,B026,flat,300.0,1999,2024-02-11,2025-01-15,3592.78,swapped,Pune,purchased,no,339,8.35,3,144.0,0,0,0,1,0.0
CP2361,U0420,CAT01,B001,percentage,60.7,0,2023-11-22,2024-09-14,3917.69,claimed,Bengaluru,purchased,yes,297,60.7,7,105.71,1,0,0,0,0.1429
CP2362,U0433,CAT09,B031,percentage,18.7,0,2023-11-02,2024-03-21,4005.45,available,Coimbatore,earned,no,140,18.7,2,127.5,2,2,0,0,1.0
CP2363,U0172,CAT05,B018,percentage,53.8,999,2023-09-07,2024-06-02,3674.43,expired,Nagpur,purchased,no,269,53.8,3,142.33,0,1,0,0,0.0
CP2364,U0183,CAT09,B032,percentage,33.0,299,2023-12-12,2024-05-30,4994.73,available,Vadodara,earned,no,170,33.0,1,125.0,1,0,0,0,1.0
CP2365,U0220,CAT01,B002,flat,500.0,499,2023-06-19,2023-11-16,2736.17,swapped,Coimbatore,earned,yes,150,18.27,2,169.5,0,2,1,0,0.0
CP2366,U0273,CAT07,B026,flat,150.0,0,2023-05-29,2023-10-29,211.08,expired,Bhopal,purchased,no,153,71.06,0,0.0,0,0,0,1,0.0
CP2367,U0221,CAT09,B031,percentage,72.4,1499,2023-10-08,2024-07-28,2424.06,expired,Hyderabad,gifted,no,294,72.4,1,233.0,2,1,0,0,2.0
CP2368,U0177,CAT02,B006,percentage,22.1,199,2024-04-13,2024-10-30,2896.68,claimed,Delhi,purchased,no,200,22.1,1,151.0,0,1,0,0,0.0
CP2369,U0410,CAT09,B031,percentage,12.8,0,2023-10-03,2024-03-10,1880.86,available,Hyderabad,earned,yes,159,12.8,1,155.0,0,0,0,0,0.0
CP2370,U0158,CAT07,B024,percentage,45.4,499,2023-05-02,2023-07-23,4591.29,swapped,Chandigarh,purchased,yes,82,45.4,2,135.0,3,0,0,0,1.5
CP2371,U0364,CAT07,B026,flat,250.0,1499,2023-12-16,2024-07-06,1384.59,swapped,Jaipur,purchased,no,203,18.06,3,20.67,2,1,0,0,0.6667
CP2372,U0232,CAT09,B030,percentage,61.5,0,2023-08-26,2024-06-06,4943.76,expired,Kolkata,purchased,no,285,61.5,2,131.0,0,0,0,0,0.0
CP2373,U0404,CAT06,B022,flat,250.0,499,2024-11-21,2025-07-19,191.88,available,Mumbai,referral,yes,240,130.29,2,140.5,1,0,1,0,0.5
CP2374,U0490,CAT10,B036,percentage,15.3,199,2024-05-23,2024-09-06,4844.94,available,Patna,gifted,no,106,15.3,0,0.0,0,1,0,0,0.0
CP2375,U0409,CAT03,B009,flat,400.0,999,2023-08-01,2024-03-17,1197.18,available,Delhi,referral,no,229,33.41,5,114.8,1,0,0,0,0.2
CP2376,U0400,CAT08,B027,flat,150.0,1499,2023-09-22,2023-11-06,3042.57,available,Kochi,purchased,yes,45,4.93,5,83.6,0,0,0,0,0.0
CP2377,U0124,CAT02,B006,percentage,57.0,299,2023-09-23,2023-11-01,4090.42,claimed,Coimbatore,purchased,no,39,57.0,2,143.5,0,0,0,0,0.0
CP2378,U0170,CAT08,B027,percentage,36.5,1499,2024-05-13,2025-03-31,3320.79,available,Hyderabad,gifted,yes,322,36.5,4,151.75,3,1,0,0,0.75
CP2379,U0295,CAT10,B035,percentage,51.0,299,2024-02-01,2024-10-07,1503.73,expired,Nagpur,earned,no,249,51.0,3,193.67,1,0,0,0,0.3333
CP2380,U0058,CAT07,B024,percentage,17.6,499,2023-01-08,2023-02-13,4835.88,expired,Bengaluru,earned,no,36,17.6,3,72.67,0,0,0,0,0.0
CP2381,U0300,CAT04,B015,percentage,48.5,199,2023-10-19,2024-04-29,1209.46,expired,Bhopal,earned,yes,193,48.5,3,136.33,0,0,0,0,0.0
CP2382,U0368,CAT03,B012,percentage,59.9,0,2024-09-12,2025-06-18,3449.92,expired,Delhi,purchased,no,279,59.9,0,0.0,2,0,0,0,0.0
CP2383,U0146,CAT01,B004,percentage,75.9,1499,2023-05-09,2024-04-21,3297.76,available,Bengaluru,earned,yes,348,75.9,1,249.0,1,0,0,0,1.0
CP2384,U0047,CAT01,B003,flat,200.0,1499,2024-07-26,2025-01-16,4608.96,available,Pune,gifted,no,174,4.34,1,94.0,3,0,0,0,3.0
CP2385,U0415,CAT03,B010,percentage,41.3,499,2024-11-21,2025-09-20,3579.06,swapped,Nagpur,earned,yes,303,41.3,2,189.5,1,0,0,0,0.5
CP2386,U0141,CAT04,B013,flat,300.0,1499,2023-11-30,2024-07-10,2308.91,expired,Hyderabad,earned,no,223,12.99,2,108.5,2,0,0,1,1.0
CP2387,U0444,CAT09,B032,percentage,59.7,499,2023-03-08,2023-12-31,4800.94,expired,Visakhapatnam,earned,no,298,59.7,3,202.33,0,0,1,0,0.0
CP2388,U0062,CAT02,B005,percentage,48.3,0,2023-04-29,2023-12-28,1538.45,available,Jaipur,gifted,yes,243,48.3,6,100.5,1,0,0,0,0.1667
CP2389,U0089,CAT02,B006,percentage,48.2,1499,2024-01-07,2024-07-10,3848.86,swapped,Nagpur,purchased,no,185,48.2,3,173.67,0,0,0,0,0.0
CP2390,U0287,CAT03,B010,percentage,59.1,1499,2024-05-09,2024-11-04,4201.97,expired,Indore,purchased,no,179,59.1,1,22.0,1,0,0,0,1.0
CP2391,U0089,CAT09,B032,flat,100.0,299,2023-12-15,2024-05-17,4660.54,available,Coimbatore,earned,yes,154,2.15,1,242.0,0,0,0,0,0.0
CP2392,U0210,CAT03,B012,percentage,77.9,1499,2023-03-03,2024-02-10,2059.04,expired,Ahmedabad,gifted,no,344,77.9,4,221.0,0,0,0,0,0.0
CP2393,U0210,CAT04,B014,flat,250.0,299,2024-04-15,2024-06-16,2042.43,expired,Visakhapatnam,purchased,yes,62,12.24,0,0.0,1,1,0,1,0.0
CP2394,U0426,CAT01,B001,percentage,79.5,1999,2024-04-28,2024-06-01,3758.85,expired,Mumbai,gifted,yes,34,79.5,2,199.5,0,1,0,0,0.0
CP2395,U0385,CAT08,B029,flat,500.0,1499,2024-10-08,2025-07-27,2113.73,expired,Bhopal,earned,yes,292,23.65,0,0.0,1,2,1,0,0.0
CP2396,U0293,CAT03,B009,percentage,68.0,999,2024-12-24,2025-02-09,1211.16,claimed,Vadodara,purchased,no,47,68.0,0,0.0,0,1,1,0,0.0
CP2397,U0316,CAT08,B029,percentage,38.0,499,2024-02-24,2024-06-23,1770.69,swapped,Lucknow,earned,no,120,38.0,6,175.83,1,1,1,1,0.1667
CP2398,U0185,CAT06,B022,percentage,15.0,1499,2024-04-27,2024-12-15,1417.07,expired,Visakhapatnam,purchased,yes,232,15.0,1,297.0,1,1,0,0,1.0
CP2399,U0440,CAT08,B029,percentage,40.7,1999,2023-12-25,2024-01-25,249.77,available,Ahmedabad,earned,yes,31,40.7,0,0.0,0,1,0,0,0.0
CP2400,U0030,CAT03,B012,flat,300.0,199,2024-09-18,2025-02-10,668.79,expired,Jaipur,gifted,no,145,44.86,2,230.0,2,0,1,0,1.0
CP2401,U0386,CAT08,B027,percentage,50.9,1999,2023-02-03,2023-10-27,4109.09,expired,Delhi,earned,yes,266,50.9,1,60.0,0,0,0,0,0.0
CP2402,U0140,CAT06,B021,percentage,30.7,499,2024-10-24,2025-02-07,2028.57,claimed,Hyderabad,purchased,yes,106,30.7,2,141.0,1,0,0,0,0.5
CP2403,U0431,CAT08,B029,percentage,78.8,1999,2023-03-05,2023-10-04,4404.72,available,Bhopal,earned,yes,213,78.8,0,0.0,0,0,0,0,0.0
CP2404,U0077,CAT04,B014,percentage,22.3,999,2023-09-22,2023-12-27,4721.2,expired,Chennai,earned,yes,96,22.3,1,93.0,1,1,0,0,1.0
CP2405,U0096,CAT08,B027,flat,150.0,299,2024-05-24,2024-09-21,3767.03,available,Delhi,purchased,yes,120,3.98,1,188.0,3,0,0,0,3.0
CP2406,U0355,CAT08,B029,flat,50.0,999,2023-01-08,2023-11-12,1595.36,expired,Jaipur,referral,yes,308,3.13,3,184.0,0,1,0,0,0.0
CP2407,U0350,CAT04,B016,percentage,19.8,0,2023-08-27,2024-01-04,3179.67,claimed,Visakhapatnam,purchased,no,130,19.8,2,201.0,2,0,0,0,1.0
CP2408,U0331,CAT06,B022,percentage,77.6,499,2023-05-11,2023-12-11,4459.72,claimed,Mumbai,purchased,yes,214,77.6,2,200.5,1,0,0,1,0.5
CP2409,U0191,CAT08,B027,percentage,65.1,1999,2024-10-19,2025-10-04,4679.48,expired,Nagpur,referral,no,350,65.1,2,187.5,0,0,1,0,0.0
CP2410,U0433,CAT09,B030,flat,300.0,1499,2023-10-30,2024-06-05,1814.88,available,Ahmedabad,purchased,no,219,16.53,1,172.0,0,0,0,0,0.0
CP2411,U0016,CAT09,B030,percentage,55.2,299,2024-03-21,2024-09-15,1070.98,available,Indore,purchased,no,178,55.2,1,154.0,1,0,0,1,1.0
CP2412,U0285,CAT09,B032,percentage,20.3,199,2023-05-16,2024-03-10,3196.51,claimed,Pune,earned,no,299,20.3,2,253.0,0,0,0,0,0.0
CP2413,U0012,CAT09,B030,flat,75.0,199,2024-12-11,2025-07-19,866.66,claimed,Kochi,earned,no,220,8.65,0,0.0,0,0,0,0,0.0
CP2414,U0006,CAT06,B022,flat,50.0,499,2023-05-11,2023-11-26,2207.76,swapped,Visakhapatnam,gifted,yes,199,2.26,2,115.0,0,1,0,0,0.0
CP2415,U0242,CAT07,B026,percentage,79.3,0,2024-05-21,2025-01-19,4360.62,expired,Patna,earned,no,243,79.3,1,87.0,1,0,0,0,1.0
CP2416,U0456,CAT04,B014,percentage,31.9,1499,2024-09-22,2024-12-06,54.8,claimed,Chennai,gifted,no,75,31.9,1,202.0,0,0,0,0,0.0
CP2417,U0124,CAT07,B024,percentage,29.4,1499,2024-08-02,2025-03-25,2236.74,available,Bhopal,purchased,no,235,29.4,2,226.0,0,0,1,0,0.0
CP2418,U0285,CAT10,B035,flat,200.0,999,2023-01-08,2023-05-20,1771.94,expired,Lucknow,gifted,no,132,11.29,3,142.33,0,0,1,2,0.0
CP2419,U0017,CAT06,B021,percentage,9.4,0,2024-05-17,2024-10-05,790.6,swapped,Mumbai,earned,no,141,9.4,2,206.0,1,1,0,0,0.5
CP2420,U0180,CAT04,B016,flat,150.0,1499,2024-11-30,2025-03-25,1983.08,expired,Kolkata,earned,yes,115,7.56,3,196.67,1,0,0,1,0.3333
CP2421,U0110,CAT03,B010,percentage,42.9,999,2023-10-02,2024-08-15,4899.46,available,Chandigarh,purchased,yes,318,42.9,1,43.0,0,0,1,0,0.0
CP2422,U0221,CAT10,B033,percentage,5.8,499,2024-07-15,2025-05-06,3613.99,expired,Indore,purchased,yes,295,5.8,2,274.5,0,2,0,1,0.0
CP2423,U0322,CAT07,B025,percentage,61.7,1499,2024-07-25,2025-06-12,1028.63,claimed,Kochi,earned,no,322,61.7,1,25.0,0,1,0,0,0.0
CP2424,U0307,CAT02,B008,flat,50.0,199,2024-09-23,2024-11-03,2503.46,swapped,Lucknow,referral,no,41,2.0,7,119.43,0,1,0,0,0.0
CP2425,U0367,CAT09,B030,percentage,31.3,299,2024-05-17,2024-10-20,2121.41,swapped,Lucknow,purchased,no,156,31.3,3,86.67,0,0,0,1,0.0
CP2426,U0067,CAT04,B014,percentage,62.6,999,2023-02-28,2023-09-12,4719.75,available,Surat,gifted,no,196,62.6,4,163.0,3,0,0,0,0.75
CP2427,U0227,CAT02,B006,percentage,64.9,0,2023-11-07,2024-07-24,2987.4,swapped,Coimbatore,gifted,no,260,64.9,1,212.0,1,2,0,1,1.0
CP2428,U0420,CAT05,B018,flat,250.0,499,2023-02-14,2024-01-20,2565.15,claimed,Visakhapatnam,purchased,yes,340,9.75,1,120.0,0,1,0,0,0.0
CP2429,U0303,CAT06,B021,percentage,8.4,1999,2024-08-07,2025-08-02,3381.68,available,Vadodara,referral,yes,360,8.4,2,111.0,1,3,0,0,0.5
CP2430,U0271,CAT05,B018,percentage,70.6,499,2024-01-02,2024-06-08,2994.58,available,Hyderabad,purchased,yes,158,70.6,2,213.5,0,2,0,0,0.0
CP2431,U0003,CAT06,B022,percentage,22.6,999,2024-04-07,2024-06-08,2752.21,available,Lucknow,gifted,no,62,22.6,0,0.0,1,0,0,0,0.0
CP2432,U0245,CAT07,B025,percentage,27.5,499,2023-03-02,2023-07-18,1334.81,available,Bhopal,earned,yes,138,27.5,1,149.0,0,0,0,0,0.0
CP2433,U0387,CAT02,B008,percentage,18.3,199,2023-12-13,2024-02-03,3648.77,expired,Chandigarh,earned,no,52,18.3,2,203.5,0,0,1,0,0.0
CP2434,U0463,CAT09,B031,flat,75.0,1499,2024-10-15,2025-08-29,269.85,expired,Lucknow,purchased,yes,318,27.79,0,0.0,0,0,1,0,0.0
CP2435,U0001,CAT04,B014,percentage,68.4,0,2024-03-01,2024-10-22,4083.87,claimed,Surat,earned,yes,235,68.4,3,39.0,0,0,0,0,0.0
CP2436,U0006,CAT03,B011,flat,400.0,0,2023-07-17,2024-05-07,4958.01,swapped,Bengaluru,purchased,no,295,8.07,3,116.33,0,0,0,0,0.0
CP2437,U0029,CAT06,B022,percentage,45.6,499,2024-01-19,2024-11-30,3750.98,expired,Bengaluru,earned,yes,316,45.6,2,246.0,0,0,1,1,0.0
CP2438,U0173,CAT04,B016,percentage,59.3,0,2023-02-07,2023-09-07,2899.15,expired,Patna,purchased,no,212,59.3,2,121.5,1,0,0,0,0.5
CP2439,U0040,CAT09,B031,percentage,37.5,499,2024-11-07,2025-08-16,88.54,available,Lucknow,earned,yes,282,37.5,2,166.0,2,1,0,0,1.0
CP2440,U0252,CAT10,B034,flat,500.0,1499,2024-01-10,2024-02-17,552.0,available,Ahmedabad,referral,yes,38,90.58,2,108.5,0,0,0,0,0.0
CP2441,U0084,CAT04,B014,percentage,19.6,199,2024-08-13,2025-03-11,258.35,swapped,Jaipur,purchased,yes,210,19.6,5,89.0,1,1,1,0,0.2
CP2442,U0186,CAT04,B016,flat,75.0,999,2024-04-27,2025-02-04,2800.57,available,Indore,purchased,yes,283,2.68,1,93.0,1,0,0,0,1.0
CP2443,U0404,CAT07,B025,percentage,56.8,1499,2023-07-05,2024-03-03,699.98,available,Pune,referral,no,242,56.8,1,256.0,1,0,0,0,1.0
CP2444,U0345,CAT10,B035,flat,300.0,0,2023-11-22,2024-08-29,881.69,available,Bhopal,purchased,yes,281,34.03,0,0.0,0,0,0,0,0.0
CP2445,U0400,CAT09,B030,flat,100.0,199,2024-11-15,2025-11-10,4380.27,claimed,Vadodara,referral,yes,360,2.28,5,128.2,1,1,0,0,0.2
CP2446,U0298,CAT01,B002,percentage,48.8,1499,2024-06-04,2025-03-14,4580.61,available,Ahmedabad,purchased,no,283,48.8,1,231.0,1,0,1,1,1.0
CP2447,U0434,CAT06,B023,percentage,54.4,1999,2024-06-01,2025-05-06,572.0,available,Patna,earned,yes,339,54.4,1,146.0,1,1,0,0,1.0
CP2448,U0016,CAT10,B036,flat,50.0,299,2023-10-23,2024-05-23,858.22,available,Delhi,earned,no,213,5.83,1,93.0,0,1,0,0,0.0
CP2449,U0394,CAT01,B001,percentage,25.6,0,2023-04-16,2024-02-25,1303.2,expired,Bhopal,earned,yes,315,25.6,2,199.0,1,1,0,0,0.5
CP2450,U0431,CAT10,B036,flat,200.0,199,2023-02-09,2023-12-18,1402.22,claimed,Jaipur,purchased,no,312,14.26,2,129.5,0,0,0,0,0.0
CP2451,U0018,CAT01,B004,percentage,56.0,499,2023-12-07,2024-09-18,4147.09,expired,Indore,purchased,no,286,56.0,2,265.0,0,0,0,0,0.0
CP2452,U0469,CAT07,B026,percentage,56.3,1999,2024-10-14,2025-08-19,1774.52,expired,Nagpur,purchased,no,309,56.3,4,132.75,1,0,0,0,0.25
CP2453,U0318,CAT02,B007,percentage,51.4,299,2023-01-17,2023-07-14,2298.79,swapped,Indore,referral,yes,178,51.4,0,0.0,2,0,0,0,0.0
CP2454,U0208,CAT06,B021,flat,500.0,1999,2023-10-22,2024-07-10,1983.15,available,Vadodara,earned,yes,262,25.21,1,252.0,0,1,0,0,0.0
CP2455,U0072,CAT01,B001,percentage,69.3,999,2023-10-20,2024-07-29,4903.03,available,Nagpur,referral,no,283,69.3,1,255.0,0,0,0,0,0.0
CP2456,U0067,CAT09,B031,percentage,6.1,999,2024-12-03,2025-07-19,4042.86,swapped,Bengaluru,purchased,no,228,6.1,2,153.0,1,0,0,0,0.5
CP2457,U0005,CAT07,B024,flat,500.0,1999,2024-02-13,2024-10-22,988.72,claimed,Ahmedabad,purchased,no,252,50.57,2,8.0,0,1,0,1,0.0
CP2458,U0024,CAT09,B032,flat,300.0,0,2024-05-09,2025-05-07,2009.38,available,Nagpur,earned,no,363,14.93,3,122.33,0,1,0,0,0.0
CP2459,U0106,CAT01,B002,percentage,32.3,0,2024-05-24,2024-08-29,3598.15,available,Ahmedabad,purchased,yes,97,32.3,1,191.0,2,0,0,0,2.0
CP2460,U0267,CAT06,B021,percentage,60.7,299,2023-02-04,2023-03-06,3738.37,claimed,Vadodara,gifted,no,30,60.7,1,69.0,0,0,0,0,0.0
CP2461,U0396,CAT02,B008,percentage,32.1,199,2023-02-27,2023-09-18,90.86,available,Pune,gifted,yes,203,32.1,0,0.0,2,0,0,0,0.0
CP2462,U0169,CAT04,B013,percentage,32.9,999,2024-02-28,2024-04-06,4805.37,claimed,Lucknow,earned,yes,38,32.9,1,38.0,0,0,0,0,0.0
CP2463,U0044,CAT03,B010,flat,75.0,199,2023-01-07,2023-12-12,4610.72,claimed,Jaipur,referral,yes,339,1.63,4,259.75,0,0,0,0,0.0
CP2464,U0414,CAT02,B007,flat,75.0,999,2023-10-15,2023-11-29,4634.88,claimed,Pune,purchased,yes,45,1.62,2,66.0,0,1,0,0,0.0
CP2465,U0024,CAT08,B028,percentage,45.8,1999,2024-12-06,2025-06-09,785.51,swapped,Bhopal,referral,yes,185,45.8,3,171.33,1,0,0,0,0.3333
CP2466,U0042,CAT04,B013,percentage,51.7,999,2024-08-02,2025-05-23,589.79,available,Delhi,earned,no,294,51.7,5,163.2,1,1,0,0,0.2
CP2467,U0396,CAT03,B011,percentage,35.6,999,2024-04-19,2025-02-08,3786.36,available,Kolkata,earned,no,295,35.6,2,273.0,1,0,0,0,0.5
CP2468,U0214,CAT09,B031,percentage,26.2,199,2023-12-22,2024-03-26,3847.86,available,Visakhapatnam,referral,yes,95,26.2,3,130.67,0,1,1,0,0.0
CP2469,U0152,CAT04,B016,flat,100.0,1499,2023-11-19,2024-05-26,969.11,claimed,Kolkata,gifted,yes,189,10.32,0,0.0,1,0,0,0,0.0
CP2470,U0170,CAT08,B029,flat,100.0,0,2024-07-20,2024-08-31,4925.28,available,Kochi,purchased,yes,42,2.03,2,167.0,0,0,0,0,0.0
CP2471,U0243,CAT09,B031,percentage,79.0,499,2024-03-27,2024-11-15,1929.47,available,Delhi,gifted,no,233,79.0,1,15.0,0,0,0,0,0.0
CP2472,U0371,CAT05,B019,flat,500.0,1499,2024-04-02,2024-06-11,690.44,claimed,Surat,purchased,yes,70,72.42,1,59.0,0,0,0,0,0.0
CP2473,U0203,CAT07,B026,percentage,19.2,199,2024-01-16,2024-04-24,521.64,expired,Nagpur,earned,yes,99,19.2,5,137.8,0,0,0,0,0.0
CP2474,U0413,CAT05,B019,percentage,52.7,499,2023-05-05,2023-06-11,454.02,swapped,Kochi,purchased,no,37,52.7,3,220.0,0,0,0,0,0.0
CP2475,U0110,CAT05,B019,flat,200.0,0,2023-10-05,2024-02-16,2996.04,claimed,Nagpur,purchased,yes,134,6.68,1,182.0,0,0,0,0,0.0
CP2476,U0478,CAT06,B021,percentage,23.2,499,2023-10-11,2024-09-02,864.91,available,Vadodara,gifted,yes,327,23.2,1,28.0,1,0,0,0,1.0
CP2477,U0155,CAT01,B001,flat,200.0,999,2023-08-20,2024-02-16,3018.27,available,Coimbatore,earned,no,180,6.63,0,0.0,0,2,0,0,0.0
CP2478,U0028,CAT02,B005,flat,400.0,1499,2024-06-08,2025-01-30,4980.08,expired,Ahmedabad,purchased,yes,236,8.03,2,155.5,0,0,0,0,0.0
CP2479,U0066,CAT08,B029,percentage,39.2,499,2023-08-13,2024-06-01,4519.96,claimed,Delhi,referral,yes,293,39.2,3,124.0,1,1,1,0,0.3333
CP2480,U0136,CAT04,B013,percentage,19.0,999,2024-09-08,2025-03-21,252.74,swapped,Mumbai,purchased,yes,194,19.0,2,64.5,0,0,0,0,0.0
CP2481,U0285,CAT02,B007,flat,500.0,499,2023-08-12,2024-03-31,1582.79,claimed,Nagpur,purchased,no,232,31.59,2,160.5,2,0,1,0,1.0
CP2482,U0007,CAT01,B002,percentage,35.8,0,2023-12-28,2024-08-19,3377.44,available,Ahmedabad,purchased,yes,235,35.8,2,190.0,2,0,0,0,1.0
CP2483,U0298,CAT02,B006,flat,500.0,1999,2023-05-11,2023-08-10,4643.26,swapped,Visakhapatnam,gifted,yes,91,10.77,0,0.0,2,0,1,0,0.0
CP2484,U0134,CAT08,B029,flat,400.0,1499,2023-05-17,2024-01-20,3962.7,claimed,Kolkata,referral,no,248,10.09,3,152.67,0,0,0,0,0.0
CP2485,U0340,CAT06,B023,percentage,67.9,1999,2024-08-06,2024-11-29,231.59,available,Chandigarh,purchased,no,115,67.9,3,252.33,0,0,0,0,0.0
CP2486,U0130,CAT09,B031,flat,75.0,1499,2023-07-06,2023-11-16,4575.02,available,Surat,gifted,no,133,1.64,4,204.25,0,1,0,0,0.0
CP2487,U0180,CAT10,B033,percentage,44.1,0,2023-11-13,2024-07-21,812.4,available,Hyderabad,purchased,no,251,44.1,2,173.0,0,0,1,0,0.0
CP2488,U0158,CAT04,B016,percentage,11.6,999,2024-12-25,2025-02-02,3566.09,swapped,Chandigarh,purchased,yes,39,11.6,4,115.75,1,1,0,0,0.25
CP2489,U0413,CAT02,B008,flat,250.0,1499,2024-01-06,2024-11-13,3563.26,claimed,Jaipur,purchased,yes,312,7.02,3,149.67,1,1,0,1,0.3333
CP2490,U0100,CAT08,B029,flat,75.0,1499,2023-08-02,2024-03-28,1999.69,claimed,Chennai,gifted,no,239,3.75,1,77.0,0,1,0,0,0.0
CP2491,U0185,CAT07,B026,percentage,41.6,1999,2024-08-04,2024-12-19,2817.05,available,Lucknow,purchased,no,137,41.6,1,230.0,0,0,0,1,0.0
CP2492,U0492,CAT10,B033,percentage,21.5,999,2024-07-22,2024-09-02,3279.17,expired,Chennai,gifted,no,42,21.5,1,115.0,1,1,0,0,1.0
CP2493,U0435,CAT03,B010,percentage,50.5,499,2024-11-26,2025-09-02,619.16,swapped,Delhi,purchased,yes,280,50.5,2,105.0,0,0,0,0,0.0
CP2494,U0145,CAT04,B013,percentage,44.4,199,2023-01-01,2023-07-07,3759.45,available,Jaipur,gifted,yes,187,44.4,1,164.0,1,0,0,0,1.0
CP2495,U0443,CAT02,B007,flat,50.0,1499,2023-03-31,2023-05-01,2646.64,available,Chandigarh,earned,no,31,1.89,3,161.67,1,0,0,0,0.3333
CP2496,U0293,CAT08,B029,percentage,28.4,0,2024-10-05,2025-09-08,1746.0,swapped,Pune,gifted,yes,338,28.4,1,88.0,2,0,1,0,2.0
CP2497,U0199,CAT07,B025,percentage,47.9,499,2024-04-17,2024-09-12,948.46,available,Chandigarh,purchased,yes,148,47.9,2,150.5,3,0,1,0,1.5
CP2498,U0030,CAT04,B016,percentage,27.9,299,2024-11-21,2025-03-19,2569.14,available,Patna,gifted,yes,118,27.9,5,120.2,1,1,0,0,0.2
CP2499,U0187,CAT05,B019,percentage,40.2,299,2024-11-11,2025-11-06,4579.28,available,Kolkata,purchased,no,360,40.2,3,50.67,1,0,0,0,0.3333
CP2500,U0050,CAT08,B027,percentage,56.1,1999,2023-11-12,2024-10-23,4827.06,expired,Kolkata,earned,yes,346,56.1,4,166.0,1,0,0,0,0.25
