user_id,coupon_id,view_count,total_view_duration,request_count,usage_count,interaction_score
U0001,CP0002,1,104,0,0,1
U0001,CP0333,1,99,0,0,1
U0001,CP1087,1,268,0,0,1
U0001,CP1566,0,0,0,1,5
U0001,CP1588,1,8,0,0,1
U0001,CP1768,0,0,1,0,3
U0001,CP1862,1,297,0,0,1
U0001,CP2036,0,0,1,0,3
U0001,CP2144,0,0,1,0,3
U0001,CP2186,1,24,0,0,1
U0001,CP2202,1,260,0,0,1
U0001,CP2280,0,0,0,1,5
U0001,CP2303,1,254,0,0,1
U0002,CP0151,0,0,1,0,3
U0002,CP0366,0,0,1,0,3
U0002,CP0370,1,300,0,0,1
U0002,CP0520,1,73,0,0,1
U0002,CP0540,1,173,0,0,1
U0002,CP0634,1,210,0,0,1
U0002,CP0698,1,68,0,0,1
U0002,CP0699,1,77,0,0,1
U0002,CP0744,1,111,0,0,1
U0002,CP0809,1,147,0,0,1
U0002,CP1054,0,0,0,1,5
U0002,CP1140,0,0,0,1,5
U0002,CP1361,1,229,0,0,1
U0002,CP1368,1,294,0,0,1
U0002,CP1385,0,0,0,1,5
U0002,CP1468,1,290,0,0,1
U0002,CP1652,0,0,0,1,5
U0002,CP1761,0,0,1,0,3
U0002,CP1874,0,0,1,0,3
U0002,CP1888,1,212,0,0,1
U0002,CP1991,1,66,0,0,1
U0002,CP2032,1,31,0,0,1
U0002,CP2084,0,0,0,1,5
U0002,CP2308,1,216,0,0,1
U0003,CP0276,1,8,0,0,1
U0003,CP0307,1,203,0,0,1
U0003,CP0365,1,110,0,0,1
U0003,CP0443,1,231,0,0,1
U0003,CP0620,1,285,0,0,1
U0003,CP0727,0,0,0,1,5
U0003,CP0737,1,242,0,0,1
U0003,CP0748,1,204,0,0,1
U0003,CP1184,1,114,0,0,1
U0003,CP1540,0,0,1,0,3
U0003,CP1565,1,228,0,0,1
U0003,CP1586,1,203,0,0,1
U0003,CP1679,1,289,0,0,1
U0003,CP1830,1,34,0,0,1
U0003,CP1897,0,0,0,1,5
U0003,CP2376,1,138,0,0,1
U0004,CP0058,0,0,1,0,3
U0004,CP0095,1,230,0,0,1
U0004,CP0138,1,35,0,0,1
U0004,CP0344,0,0,1,0,3
U0004,CP0466,0,0,1,0,3
U0004,CP0501,1,257,0,0,1
U0004,CP0540,0,0,0,1,5
U0004,CP0727,1,257,0,0,1
U0004,CP0758,1,232,0,0,1
U0004,CP0859,1,90,0,0,1
U0004,CP0890,1,72,0,0,1
U0004,CP0939,1,273,0,0,1
U0004,CP1097,1,298,0,0,1
U0004,CP1108,1,273,0,0,1
U0004,CP1116,0,0,0,1,5
U0004,CP1117,1,61,0,0,1
U0004,CP1124,1,31,0,0,1
U0004,CP1797,1,169,0,0,1
U0004,CP1801,1,62,0,0,1
U0004,CP1842,0,0,1,0,3
U0004,CP2011,1,119,0,0,1
U0004,CP2047,1,15,0,0,1
U0004,CP2085,0,0,1,0,3
U0004,CP2184,0,0,0,1,5
U0004,CP2262,0,0,0,1,5
U0004,CP2394,1,144,0,0,1
U0005,CP0072,1,11,0,0,1
U0005,CP0097,1,14,0,0,1
U0005,CP0204,1,298,0,0,1
U0005,CP0775,0,0,0,1,5
U0005,CP0867,1,273,0,0,1
U0005,CP1152,1,112,0,0,1
U0005,CP1205,1,49,0,0,1
U0005,CP1309,1,134,0,0,1
U0005,CP1557,0,0,1,0,3
U0005,CP1854,1,12,0,0,1
U0005,CP1920,0,0,1,0,3
U0005,CP2156,1,200,0,0,1
U0005,CP2290,0,0,1,0,3
U0005,CP2370,0,0,1,0,3
U0005,CP2387,1,171,0,0,1
U0006,CP0399,1,118,0,0,1
U0006,CP0470,0,0,1,0,3
U0006,CP0559,1,123,0,0,1
U0006,CP0583,1,136,0,0,1
U0006,CP0696,1,186,0,0,1
U0006,CP0811,1,214,0,0,1
U0006,CP0812,1,278,0,0,1
U0006,CP1463,0,0,1,0,3
U0006,CP1754,0,0,0,1,5
U0006,CP1818,0,0,1,0,3
U0006,CP1873,1,226,0,0,1
U0006,CP1905,1,288,0,0,1
U0006,CP2021,1,266,0,0,1
U0006,CP2425,1,61,0,0,1
U0006,CP2488,1,17,0,0,1
U0007,CP0016,0,0,0,1,5
U0007,CP0067,0,0,0,1,5
U0007,CP0147,1,38,0,0,1
U0007,CP0165,1,24,0,0,1
U0007,CP0443,0,0,0,1,5
U0007,CP1518,1,279,0,0,1
U0007,CP1767,1,215,0,0,1
U0007,CP1852,1,207,0,0,1
U0007,CP1906,1,79,0,0,1
U0007,CP1957,1,56,0,0,1
U0007,CP1986,0,0,0,1,5
U0007,CP2006,1,239,0,0,1
U0007,CP2082,0,0,1,0,3
U0007,CP2158,1,292,0,0,1
U0007,CP2297,0,0,0,1,5
U0008,CP0079,0,0,1,0,3
U0008,CP0084,0,0,0,1,5
U0008,CP0102,0,0,1,0,3
U0008,CP0474,1,112,0,0,1
U0008,CP0480,1,191,0,0,1
U0008,CP0597,0,0,1,0,3
U0008,CP0688,1,250,0,0,1
U0008,CP0784,1,118,0,0,1
U0008,CP0788,1,289,0,0,1
U0008,CP0876,1,278,0,0,1
U0008,CP0960,1,266,0,0,1
U0008,CP1254,1,253,0,0,1
U0008,CP1295,1,181,0,0,1
U0008,CP1315,1,187,0,0,1
U0008,CP1445,0,0,1,0,3
U0008,CP1550,1,263,0,0,1
U0008,CP1776,1,195,0,0,1
U0008,CP1835,1,153,0,0,1
U0008,CP2066,1,258,0,0,1
U0008,CP2162,1,162,0,0,1
U0008,CP2188,1,265,0,0,1
U0008,CP2235,1,142,0,0,1
U0008,CP2294,1,30,0,0,1
U0009,CP0057,0,0,1,0,3
U0009,CP0161,1,167,0,0,1
U0009,CP0186,0,0,0,1,5
U0009,CP0315,0,0,0,1,5
U0009,CP0325,1,65,0,0,1
U0009,CP0338,1,82,0,0,1
U0009,CP0871,0,0,0,1,5
U0009,CP0889,0,0,1,0,3
U0009,CP1088,1,184,0,0,1
U0009,CP1200,1,95,0,0,1
U0009,CP1638,1,245,0,0,1
U0009,CP1857,0,0,1,0,3
U0009,CP1910,1,26,0,0,1
U0009,CP2235,1,44,0,0,1
U0009,CP2429,0,0,0,1,5
U0010,CP0251,1,127,0,0,1
U0010,CP0339,1,270,0,0,1
U0010,CP0348,1,245,0,0,1
U0010,CP0429,1,248,0,0,1
U0010,CP0833,0,0,0,1,5
U0010,CP0953,1,104,0,0,1
U0010,CP1171,1,140,0,0,1
U0010,CP1336,1,18,0,0,1
U0010,CP1533,0,0,1,0,3
U0010,CP1670,0,0,0,1,5
U0010,CP1910,0,0,0,1,5
U0010,CP1953,1,249,0,0,1
U0010,CP1999,0,0,1,0,3
U0010,CP2070,1,118,0,0,1
U0010,CP2145,1,193,0,0,1
U0010,CP2195,1,278,0,0,1
U0010,CP2329,1,285,0,0,1
U0010,CP2371,0,0,1,0,3
U0010,CP2445,1,65,0,0,1
U0011,CP0181,1,16,0,0,1
U0011,CP0395,1,200,0,0,1
U0011,CP0622,0,0,1,0,3
U0011,CP0642,1,132,0,0,1
U0011,CP0663,0,0,0,1,5
U0011,CP0841,0,0,1,0,3
U0011,CP0978,1,32,0,0,1
U0011,CP1235,0,0,1,0,3
U0011,CP1518,1,255,0,0,1
U0011,CP1527,1,125,0,0,1
U0011,CP1640,1,191,0,0,1
U0011,CP1837,1,270,0,0,1
U0011,CP2009,1,125,0,0,1
U0011,CP2109,0,0,1,0,3
U0011,CP2156,1,23,0,0,1
U0011,CP2208,1,73,0,0,1
U0011,CP2322,1,66,0,0,1
U0012,CP0003,1,295,0,0,1
U0012,CP0014,1,137,0,0,1
U0012,CP0099,1,136,0,0,1
U0012,CP0131,0,0,1,0,3
U0012,CP0355,0,0,1,0,3
U0012,CP0635,1,239,0,0,1
U0012,CP0863,0,0,1,0,3
U0012,CP0911,0,0,1,0,3
U0012,CP1170,1,34,0,0,1
U0012,CP1200,1,135,0,0,1
U0012,CP1512,1,75,0,0,1
U0012,CP1929,1,180,0,0,1
U0012,CP1994,1,33,0,0,1
U0012,CP1998,1,121,0,0,1
U0013,CP0138,1,115,0,0,1
U0013,CP0203,1,78,0,0,1
U0013,CP0449,0,0,1,0,3
U0013,CP0539,1,127,0,0,1
U0013,CP0631,1,244,0,0,1
U0013,CP0770,1,150,0,0,1
U0013,CP1356,1,193,0,0,1
U0013,CP1487,1,201,0,0,1
U0013,CP1520,1,210,0,0,1
U0013,CP1530,0,0,1,0,3
U0013,CP1651,1,16,0,0,1
U0013,CP1762,1,143,0,0,1
U0013,CP1788,1,163,0,0,1
U0013,CP2242,1,222,0,0,1
U0013,CP2335,1,43,0,0,1
U0013,CP2414,0,0,0,1,5
U0014,CP0081,1,253,0,0,1
U0014,CP0111,0,0,1,0,3
U0014,CP0165,1,62,0,0,1
U0014,CP0396,1,71,0,0,1
U0014,CP0493,1,287,0,0,1
U0014,CP0521,0,0,0,1,5
U0014,CP0566,1,221,0,0,1
U0014,CP0629,1,13,0,0,1
U0014,CP1184,1,209,0,0,1
U0014,CP1232,1,234,0,0,1
U0014,CP1997,0,0,1,0,3
U0014,CP2018,0,0,1,0,3
U0014,CP2200,1,237,0,0,1
U0014,CP2372,1,224,0,0,1
U0014,CP2388,1,213,0,0,1
U0015,CP0194,1,205,0,0,1
U0015,CP0211,0,0,1,0,3
U0015,CP0523,0,0,0,1,5
U0015,CP0953,1,232,0,0,1
U0015,CP0974,1,182,0,0,1
U0015,CP1003,0,0,1,0,3
U0015,CP1109,0,0,1,0,3
U0015,CP1426,1,9,0,0,1
U0015,CP1478,0,0,0,1,5
U0015,CP1665,0,0,0,1,5
U0015,CP1705,1,178,0,0,1
U0015,CP2160,0,0,1,0,3
U0015,CP2204,1,90,0,0,1
U0015,CP2264,1,57,0,0,1
U0015,CP2275,1,294,0,0,1
U0015,CP2360,1,158,0,0,1
U0016,CP0261,1,167,0,0,1
U0016,CP0265,1,202,0,0,1
U0016,CP0467,1,266,0,0,1
U0016,CP0757,1,89,0,0,1
U0016,CP0768,1,227,0,0,1
U0016,CP0807,1,153,0,0,1
U0016,CP1133,0,0,1,0,3
U0016,CP1801,1,12,0,0,1
U0016,CP1805,1,183,0,0,1
U0016,CP1931,1,52,0,0,1
U0016,CP2212,1,295,0,0,1
U0016,CP2301,0,0,1,0,3
U0016,CP2318,1,164,0,0,1
U0016,CP2345,0,0,0,1,5
U0016,CP2369,1,155,0,0,1
U0016,CP2424,1,231,0,0,1
U0016,CP2478,1,176,0,0,1
U0017,CP0215,1,81,0,0,1
U0017,CP0348,0,0,1,0,3
U0017,CP0411,1,177,0,0,1
U0017,CP0784,1,208,0,0,1
U0017,CP1139,0,0,0,1,5
U0017,CP1212,1,218,0,0,1
U0017,CP1280,1,256,0,0,1
U0017,CP1364,2,272,0,0,2
U0017,CP1481,1,253,0,0,1
U0017,CP2024,0,0,0,1,5
U0017,CP2082,0,0,0,1,5
U0017,CP2130,2,530,0,0,2
U0017,CP2203,1,256,0,0,1
U0017,CP2225,1,60,0,0,1
U0017,CP2370,1,218,0,0,1
U0017,CP2447,0,0,0,1,5
U0017,CP2454,1,252,0,0,1
U0018,CP0372,0,0,1,0,3
U0018,CP0746,0,0,0,1,5
U0018,CP0782,1,202,0,0,1
U0018,CP1146,1,85,0,0,1
U0018,CP1315,1,168,0,0,1
U0018,CP1359,1,138,0,0,1
U0018,CP1398,1,47,0,0,1
U0018,CP1451,1,57,0,0,1
U0018,CP1456,1,244,0,0,1
U0018,CP1529,1,66,0,0,1
U0018,CP1686,1,73,0,0,1
U0018,CP1864,1,271,0,0,1
U0018,CP1990,1,69,0,0,1
U0018,CP2032,1,128,0,0,1
U0018,CP2233,1,116,0,0,1
U0018,CP2260,0,0,1,0,3
U0018,CP2265,1,29,0,0,1
U0018,CP2466,1,253,0,0,1
U0019,CP0016,1,191,0,0,1
U0019,CP0494,0,0,1,0,3
U0019,CP0962,1,236,0,0,1
U0019,CP1157,1,29,0,0,1
U0019,CP1182,1,153,0,0,1
U0019,CP1244,0,0,0,1,5
U0019,CP1348,1,113,0,0,1
U0019,CP1482,1,278,0,0,1
U0019,CP1488,1,178,0,0,1
U0019,CP1573,1,58,0,0,1
U0019,CP1603,0,0,1,0,3
U0019,CP2205,1,239,0,0,1
U0019,CP2290,0,0,1,0,3
U0019,CP2419,0,0,0,1,5
U0020,CP0056,1,242,0,0,1
U0020,CP0327,1,116,0,0,1
U0020,CP0407,1,299,0,0,1
U0020,CP0745,1,179,0,0,1
U0020,CP0874,1,88,0,0,1
U0020,CP0963,0,0,0,1,5
U0020,CP1908,0,0,1,0,3
U0020,CP2363,1,197,0,0,1
U0021,CP0082,0,0,0,1,5
U0021,CP0173,1,70,0,0,1
U0021,CP0451,1,161,0,0,1
U0021,CP0893,1,256,0,0,1
U0021,CP0997,0,0,1,0,3
U0021,CP1030,0,0,1,0,3
U0021,CP1320,1,88,0,0,1
U0021,CP1362,1,185,0,0,1
U0021,CP1551,1,83,0,0,1
U0021,CP1861,0,0,0,1,5
U0021,CP1872,0,0,0,1,5
U0021,CP2047,1,204,0,0,1
U0021,CP2134,0,0,1,0,3
U0021,CP2480,1,5,0,0,1
U0022,CP0181,1,220,0,0,1
U0022,CP0618,1,219,0,0,1
U0022,CP0657,1,166,0,0,1
U0022,CP0722,1,282,0,0,1
U0022,CP0930,0,0,1,0,3
U0022,CP1270,0,0,1,0,3
U0022,CP1278,1,287,0,0,1
U0022,CP1390,1,175,0,0,1
U0022,CP1611,1,130,0,0,1
U0022,CP1626,1,63,0,0,1
U0022,CP1813,1,246,0,0,1
U0022,CP1950,1,270,0,0,1
U0022,CP2011,0,0,1,0,3
U0022,CP2278,1,297,0,0,1
U0022,CP2305,1,197,0,0,1
U0022,CP2324,1,194,0,0,1
U0023,CP0496,0,0,1,0,3
U0023,CP0502,0,0,1,0,3
U0023,CP0715,1,256,0,0,1
U0023,CP1020,0,0,0,1,5
U0023,CP1202,1,135,0,0,1
U0023,CP1584,1,14,0,0,1
U0023,CP1776,1,55,0,0,1
U0023,CP2008,0,0,1,0,3
U0023,CP2054,0,0,1,0,3
U0024,CP0326,0,0,0,1,5
U0024,CP0335,0,0,1,0,3
U0024,CP0436,0,0,0,1,5
U0024,CP1033,1,29,0,0,1
U0024,CP1214,0,0,0,1,5
U0024,CP1242,1,233,0,0,1
U0024,CP1276,0,0,1,0,3
U0024,CP1320,0,0,1,0,3
U0024,CP2157,1,83,0,0,1
U0024,CP2252,1,203,0,0,1
U0025,CP0078,1,251,0,0,1
U0025,CP0313,0,0,0,1,5
U0025,CP0414,0,0,0,1,5
U0025,CP0535,0,0,1,0,3
U0025,CP0547,0,0,1,0,3
U0025,CP0676,1,271,0,0,1
U0025,CP0760,0,0,1,0,3
U0025,CP0769,0,0,1,0,3
U0025,CP0848,1,9,0,0,1
U0025,CP0936,0,0,1,0,3
U0025,CP1013,1,220,0,0,1
U0025,CP1076,0,0,1,0,3
U0025,CP1560,1,65,0,0,1
U0025,CP1730,1,103,0,0,1
U0025,CP2353,1,167,0,0,1
U0026,CP0130,0,0,1,0,3
U0026,CP0214,0,0,1,0,3
U0026,CP0248,1,254,0,0,1
U0026,CP0395,1,101,0,0,1
U0026,CP0406,1,145,0,0,1
U0026,CP0438,1,248,0,0,1
U0026,CP0592,1,166,0,0,1
U0026,CP0601,1,62,0,0,1
U0026,CP0625,0,0,1,0,3
U0026,CP1341,1,262,0,0,1
U0026,CP1476,1,115,0,0,1
U0026,CP1912,1,55,0,0,1
U0026,CP2079,0,0,0,1,5
U0026,CP2282,1,180,0,0,1
U0027,CP0015,0,0,0,1,5
U0027,CP0221,1,180,0,0,1
U0027,CP0236,1,298,0,0,1
U0027,CP0346,0,0,0,1,5
U0027,CP0581,1,175,0,0,1
U0027,CP0640,1,180,0,0,1
U0027,CP0789,1,264,0,0,1
U0027,CP0977,1,262,0,0,1
U0027,CP1207,1,231,0,0,1
U0027,CP1409,1,293,0,0,1
U0027,CP1417,1,142,0,0,1
U0027,CP1504,1,106,0,0,1
U0027,CP1509,1,295,0,0,1
U0027,CP1538,1,122,0,0,1
U0027,CP1588,1,14,0,0,1
U0027,CP2052,0,0,0,1,5
U0027,CP2075,1,23,0,0,1
U0027,CP2098,0,0,1,0,3
U0027,CP2184,0,0,1,0,3
U0027,CP2292,1,107,0,0,1
U0027,CP2407,1,167,0,0,1
U0028,CP0348,0,0,1,0,3
U0028,CP0394,1,270,0,0,1
U0028,CP0407,0,0,1,0,3
U0028,CP0523,0,0,0,1,5
U0028,CP0589,1,158,0,0,1
U0028,CP1076,1,275,0,0,1
U0028,CP1456,0,0,0,1,5
U0028,CP1855,1,190,0,0,1
U0028,CP1959,1,15,0,0,1
U0028,CP2235,1,170,0,0,1
U0028,CP2375,1,72,0,0,1
U0028,CP2497,1,122,0,0,1
U0029,CP0107,1,154,0,0,1
U0029,CP0259,1,115,0,0,1
U0029,CP0526,1,204,0,0,1
U0029,CP0919,1,183,0,0,1
U0029,CP1051,0,0,1,0,3
U0029,CP1247,1,267,0,0,1
U0029,CP1312,1,160,0,0,1
U0029,CP1338,1,230,1,0,4
U0029,CP1424,1,169,0,0,1
U0029,CP1471,1,72,0,0,1
U0029,CP1501,1,97,0,0,1
U0029,CP1543,0,0,1,0,3
U0029,CP1599,1,274,0,0,1
U0029,CP1673,0,0,1,0,3
U0029,CP1825,1,241,0,0,1
U0029,CP1915,1,268,0,0,1
U0029,CP2045,1,85,0,0,1
U0029,CP2160,0,0,1,0,3
U0029,CP2202,1,239,0,0,1
U0029,CP2327,1,90,0,0,1
U0029,CP2350,1,87,0,0,1
U0029,CP2467,0,0,1,0,3
U0030,CP0295,1,129,0,0,1
U0030,CP0484,1,37,0,0,1
U0030,CP0489,1,261,0,0,1
U0030,CP0559,1,256,0,0,1
U0030,CP0619,1,212,0,0,1
U0030,CP0665,1,162,0,0,1
U0030,CP0861,1,6,0,0,1
U0030,CP1137,0,0,1,0,3
U0030,CP1218,0,0,1,0,3
U0030,CP1456,0,0,1,0,3
U0030,CP1516,1,232,0,0,1
U0030,CP2357,1,231,0,0,1
U0030,CP2438,1,77,0,0,1
U0031,CP0238,0,0,1,0,3
U0031,CP0503,0,0,0,1,5
U0031,CP0587,1,147,0,0,1
U0031,CP0691,1,146,0,0,1
U0031,CP0929,1,210,0,0,1
U0031,CP1422,1,173,0,0,1
U0031,CP1467,0,0,1,0,3
U0031,CP1539,1,61,0,0,1
U0031,CP1645,1,225,0,0,1
U0031,CP1660,1,48,0,0,1
U0031,CP1881,1,18,0,0,1
U0031,CP1972,1,36,0,0,1
U0031,CP2156,0,0,1,0,3
U0031,CP2169,1,21,0,0,1
U0031,CP2261,1,193,0,0,1
U0031,CP2311,1,236,0,0,1
U0031,CP2397,0,0,0,1,5
U0032,CP0259,1,266,0,0,1
U0032,CP0368,0,0,1,0,3
U0032,CP0753,1,106,0,0,1
U0032,CP0869,0,0,1,0,3
U0032,CP0923,1,217,0,0,1
U0032,CP0928,1,177,0,0,1
U0032,CP0972,0,0,0,1,5
U0032,CP1117,1,266,0,0,1
U0032,CP1163,0,0,1,0,3
U0032,CP1311,1,150,0,0,1
U0032,CP1410,0,0,1,0,3
U0032,CP1568,0,0,0,1,5
U0032,CP1614,1,204,0,0,1
U0032,CP1956,0,0,0,1,5
U0032,CP2465,1,134,0,0,1
U0032,CP2469,0,0,1,0,3
U0033,CP0144,0,0,0,1,5
U0033,CP0240,1,71,0,0,1
U0033,CP0341,1,176,0,0,1
U0033,CP0384,1,230,0,0,1
U0033,CP0675,1,117,0,0,1
U0033,CP0924,1,91,0,0,1
U0033,CP0957,1,102,0,0,1
U0033,CP1042,1,39,0,0,1
U0033,CP1196,1,115,0,0,1
U0033,CP1201,1,124,0,0,1
U0033,CP1343,0,0,0,1,5
U0033,CP1500,1,252,0,0,1
U0033,CP1684,1,64,0,0,1
U0033,CP1823,1,67,0,0,1
U0033,CP1999,0,0,1,0,3
U0033,CP2322,1,216,0,0,1
U0034,CP0106,1,171,0,0,1
U0034,CP0186,1,33,0,0,1
U0034,CP0282,0,0,1,0,3
U0034,CP0434,1,232,0,0,1
U0034,CP0527,1,167,0,0,1
U0034,CP1095,1,163,0,0,1
U0034,CP1154,1,159,0,0,1
U0034,CP1167,0,0,0,1,5
U0034,CP1216,1,138,0,0,1
U0034,CP1266,1,81,0,0,1
U0034,CP1756,1,294,0,0,1
U0034,CP1801,1,38,0,0,1
U0034,CP2065,1,269,0,0,1
U0034,CP2184,0,0,0,1,5
U0034,CP2357,1,49,0,0,1
U0034,CP2459,0,0,1,0,3
U0035,CP0143,0,0,0,1,5
U0035,CP0222,1,95,0,0,1
U0035,CP0292,0,0,1,0,3
U0035,CP0439,1,288,0,0,1
U0035,CP0466,0,0,1,0,3
U0035,CP0629,0,0,1,0,3
U0035,CP0667,0,0,1,0,3
U0035,CP0960,0,0,1,0,3
U0035,CP1089,1,173,0,0,1
U0035,CP1357,1,113,0,0,1
U0035,CP1526,1,123,0,0,1
U0035,CP1745,1,236,0,0,1
U0035,CP1791,0,0,0,1,5
U0035,CP1953,1,41,0,0,1
U0035,CP2164,1,241,0,0,1
U0035,CP2174,1,233,0,0,1
U0036,CP0064,1,254,0,0,1
U0036,CP0396,0,0,1,0,3
U0036,CP0399,1,217,0,0,1
U0036,CP0476,0,0,1,0,3
U0036,CP0588,1,215,0,0,1
U0036,CP0654,1,223,0,0,1
U0036,CP0701,1,244,0,0,1
U0036,CP0747,0,0,1,0,3
U0036,CP1122,0,0,1,0,3
U0036,CP1127,1,287,0,0,1
U0036,CP1152,1,287,0,0,1
U0036,CP1295,0,0,0,1,5
U0036,CP1654,1,120,0,0,1
U0036,CP2447,0,0,1,0,3
U0037,CP0121,1,45,0,0,1
U0037,CP0252,1,222,0,0,1
U0037,CP0294,0,0,0,1,5
U0037,CP0316,0,0,0,1,5
U0037,CP0375,1,44,0,0,1
U0037,CP0586,1,213,0,0,1
U0037,CP0640,0,0,1,0,3
U0037,CP0735,1,81,0,0,1
U0037,CP0981,1,154,0,0,1
U0037,CP1066,0,0,1,0,3
U0037,CP1415,1,141,0,0,1
U0037,CP1593,0,0,1,0,3
U0037,CP1773,1,251,0,0,1
U0037,CP2005,1,63,0,0,1
U0037,CP2305,1,242,0,0,1
U0038,CP0007,1,191,0,0,1
U0038,CP0015,1,154,0,0,1
U0038,CP0242,1,25,0,0,1
U0038,CP0245,0,0,1,0,3
U0038,CP0320,1,238,0,0,1
U0038,CP0575,1,168,0,0,1
U0038,CP0681,0,0,1,0,3
U0038,CP0862,0,0,1,0,3
U0038,CP1042,0,0,0,1,5
U0038,CP1235,1,266,0,0,1
U0038,CP1591,0,0,1,0,3
U0038,CP1653,1,285,0,0,1
U0038,CP2020,1,230,0,0,1
U0038,CP2040,1,261,0,0,1
U0038,CP2079,1,263,0,0,1
U0038,CP2288,1,27,0,0,1
U0038,CP2429,0,0,1,0,3
U0039,CP0107,1,95,0,0,1
U0039,CP0313,0,0,0,1,5
U0039,CP0504,1,148,0,0,1
U0039,CP0566,1,220,0,0,1
U0039,CP0747,1,20,0,0,1
U0039,CP1167,1,295,0,0,1
U0039,CP1200,0,0,0,1,5
U0039,CP1374,1,99,0,0,1
U0039,CP1458,1,180,0,0,1
U0039,CP1777,0,0,0,1,5
U0039,CP1840,1,143,0,0,1
U0039,CP1867,0,0,1,0,3
U0039,CP1922,1,114,0,0,1
U0039,CP1925,1,52,0,0,1
U0039,CP2061,0,0,0,1,5
U0039,CP2105,1,77,0,0,1
U0039,CP2121,1,223,0,0,1
U0039,CP2290,1,27,0,0,1
U0039,CP2397,1,248,0,0,1
U0039,CP2466,1,93,0,0,1
U0040,CP0002,1,207,0,0,1
U0040,CP0015,1,239,0,0,1
U0040,CP0033,1,57,0,0,1
U0040,CP0165,0,0,1,0,3
U0040,CP0254,1,76,0,0,1
U0040,CP0261,1,183,0,0,1
U0040,CP0815,1,162,0,0,1
U0040,CP0838,1,81,0,0,1
U0040,CP0907,1,38,0,0,1
U0040,CP0974,1,119,0,0,1
U0040,CP1324,1,259,0,0,1
U0040,CP1325,0,0,1,0,3
U0040,CP1366,0,0,0,1,5
U0040,CP1437,1,121,0,0,1
U0040,CP1676,0,0,1,0,3
U0040,CP1745,1,51,0,0,1
U0040,CP2260,1,86,0,0,1
U0040,CP2367,0,0,1,0,3
U0040,CP2482,0,0,1,0,3
U0041,CP0045,1,208,0,0,1
U0041,CP0163,1,23,0,0,1
U0041,CP0186,1,239,0,0,1
U0041,CP0252,1,5,0,0,1
U0041,CP0258,1,10,0,0,1
U0041,CP0332,0,0,1,0,3
U0041,CP0335,1,122,0,0,1
U0041,CP0532,1,297,0,0,1
U0041,CP0581,1,264,0,0,1
U0041,CP0687,1,41,0,0,1
U0041,CP0993,1,289,0,0,1
U0041,CP1132,1,141,0,0,1
U0041,CP1137,0,0,0,1,5
U0041,CP1177,1,127,0,0,1
U0041,CP1298,1,172,0,0,1
U0041,CP1722,1,297,0,0,1
U0041,CP1780,1,246,0,0,1
U0041,CP1781,1,203,0,0,1
U0041,CP2051,0,0,0,1,5
U0041,CP2150,1,96,0,0,1
U0042,CP0174,0,0,1,0,3
U0042,CP0194,1,267,0,0,1
U0042,CP0291,1,247,0,0,1
U0042,CP0377,1,288,0,0,1
U0042,CP0427,0,0,0,1,5
U0042,CP0733,0,0,1,0,3
U0042,CP0867,2,244,0,0,2
U0042,CP0922,1,145,0,0,1
U0042,CP0955,0,0,1,0,3
U0042,CP0984,0,0,0,1,5
U0042,CP1371,1,254,0,0,1
U0042,CP1685,1,85,0,0,1
U0042,CP1697,1,88,0,0,1
U0042,CP1720,1,153,0,0,1
U0042,CP2320,1,264,0,0,1
U0042,CP2458,1,184,0,0,1
U0043,CP0024,1,153,0,0,1
U0043,CP0164,0,0,1,0,3
U0043,CP0288,0,0,0,1,5
U0043,CP0595,1,101,0,0,1
U0043,CP0661,0,0,1,0,3
U0043,CP0771,0,0,1,0,3
U0043,CP0897,1,54,0,0,1
U0043,CP1150,1,14,0,0,1
U0043,CP1280,1,20,0,0,1
U0043,CP1294,1,40,0,0,1
U0043,CP1370,0,0,1,0,3
U0043,CP1607,1,220,0,0,1
U0043,CP1945,0,0,1,0,3
U0043,CP2103,1,123,0,0,1
U0043,CP2384,0,0,1,0,3
U0043,CP2461,0,0,1,0,3
U0044,CP0108,1,256,0,0,1
U0044,CP0202,1,158,0,0,1
U0044,CP0913,1,57,0,0,1
U0044,CP0934,0,0,1,0,3
U0044,CP0981,1,58,0,0,1
U0044,CP1202,1,122,0,0,1
U0044,CP1245,1,135,0,0,1
U0044,CP1255,1,148,0,0,1
U0044,CP1411,0,0,1,0,3
U0044,CP1460,1,227,0,0,1
U0044,CP1515,1,244,0,0,1
U0044,CP1629,1,91,0,0,1
U0044,CP1839,1,156,0,0,1
U0044,CP1961,1,74,0,0,1
U0044,CP2152,1,227,0,0,1
U0044,CP2397,1,212,0,0,1
U0045,CP0082,1,5,0,0,1
U0045,CP0182,0,0,0,1,5
U0045,CP1114,1,157,0,0,1
U0045,CP1194,0,0,0,1,5
U0045,CP1311,1,282,0,0,1
U0045,CP1407,1,200,0,0,1
U0045,CP1525,0,0,1,0,3
U0045,CP1548,1,214,0,0,1
U0045,CP1945,0,0,1,0,3
U0045,CP2017,1,23,0,0,1
U0045,CP2073,1,166,0,0,1
U0045,CP2256,1,251,0,0,1
U0045,CP2385,0,0,1,0,3
U0046,CP0081,1,223,0,0,1
U0046,CP0086,0,0,1,0,3
U0046,CP0248,1,44,0,0,1
U0046,CP0486,1,103,0,0,1
U0046,CP0651,1,167,0,0,1
U0046,CP0717,1,233,0,0,1
U0046,CP0747,1,54,0,0,1
U0046,CP0849,1,161,0,0,1
U0046,CP0863,1,7,0,0,1
U0046,CP0893,1,140,0,0,1
U0046,CP0969,1,280,0,0,1
U0046,CP1057,1,187,0,0,1
U0046,CP1059,1,63,0,0,1
U0046,CP1380,1,53,0,0,1
U0046,CP1578,1,39,0,0,1
U0046,CP1582,1,49,0,0,1
U0046,CP1862,1,46,0,0,1
U0046,CP2034,1,299,0,0,1
U0046,CP2177,1,236,0,0,1
U0046,CP2423,0,0,0,1,5
U0047,CP0015,1,55,0,0,1
U0047,CP0070,0,0,0,1,5
U0047,CP0819,1,172,0,0,1
U0047,CP0846,1,12,0,0,1
U0047,CP1007,1,134,0,0,1
U0047,CP1233,0,0,0,1,5
U0047,CP1354,1,296,0,0,1
U0047,CP1522,0,0,0,1,5
U0047,CP1616,0,0,1,0,3
U0047,CP2317,1,257,0,0,1
U0048,CP0163,1,184,0,0,1
U0048,CP0274,1,88,0,0,1
U0048,CP0753,1,136,0,0,1
U0048,CP0826,1,295,0,0,1
U0048,CP1265,0,0,1,0,3
U0048,CP1423,1,138,0,0,1
U0048,CP1583,0,0,1,0,3
U0048,CP1756,0,0,0,1,5
U0048,CP1963,1,39,0,0,1
U0048,CP2043,0,0,1,0,3
U0048,CP2259,1,136,0,0,1
U0048,CP2500,1,205,0,0,1
U0049,CP0010,1,143,0,0,1
U0049,CP0014,1,178,0,0,1
U0049,CP0355,0,0,1,0,3
U0049,CP0609,0,0,1,0,3
U0049,CP0764,1,55,0,0,1
U0049,CP0952,0,0,1,0,3
U0049,CP1214,0,0,0,1,5
U0049,CP1508,0,0,1,0,3
U0049,CP1604,1,79,0,0,1
U0049,CP1665,0,0,1,0,3
U0049,CP1739,1,203,0,0,1
U0049,CP1748,1,189,0,0,1
U0049,CP1935,1,81,0,0,1
U0049,CP2097,0,0,1,0,3
U0050,CP0003,1,276,0,0,1
U0050,CP0039,0,0,0,1,5
U0050,CP0147,1,44,0,0,1
U0050,CP0178,0,0,1,0,3
U0050,CP0315,1,64,0,0,1
U0050,CP0489,0,0,0,1,5
U0050,CP0536,1,206,0,0,1
U0050,CP0798,1,227,0,0,1
U0050,CP0956,1,122,0,0,1
U0050,CP1117,1,25,0,0,1
U0050,CP1244,1,148,0,0,1
U0050,CP1645,1,107,0,0,1
U0050,CP1658,0,0,0,1,5
U0050,CP1693,1,6,0,0,1
U0050,CP1822,0,0,1,0,3
U0050,CP1897,1,96,0,0,1
U0050,CP2053,0,0,0,1,5
U0050,CP2055,1,248,0,0,1
U0050,CP2150,1,243,0,0,1
U0050,CP2206,1,31,0,0,1
U0050,CP2323,0,0,1,0,3
U0050,CP2420,1,297,0,0,1
U0051,CP0144,1,258,0,0,1
U0051,CP0223,1,217,0,0,1
U0051,CP0351,1,226,0,0,1
U0051,CP0688,0,0,1,0,3
U0051,CP0838,1,238,0,0,1
U0051,CP0869,0,0,0,1,5
U0051,CP1141,0,0,0,1,5
U0051,CP1198,1,239,0,0,1
U0051,CP1206,0,0,0,1,5
U0051,CP1385,1,126,0,0,1
U0051,CP1591,1,183,0,0,1
U0051,CP1639,0,0,1,0,3
U0051,CP2066,0,0,1,0,3
U0051,CP2189,1,233,0,0,1
U0051,CP2329,1,281,0,0,1
U0051,CP2359,1,13,0,0,1
U0051,CP2478,1,135,0,0,1
U0052,CP0026,1,76,0,0,1
U0052,CP0129,1,192,0,0,1
U0052,CP0305,1,71,0,0,1
U0052,CP0330,1,194,0,0,1
U0052,CP0583,0,0,1,0,3
U0052,CP0677,0,0,1,0,3
U0052,CP0848,1,69,0,0,1
U0052,CP0925,1,300,0,0,1
U0052,CP1050,0,0,1,0,3
U0052,CP1155,1,163,0,0,1
U0052,CP1162,1,137,0,0,1
U0052,CP1277,0,0,1,0,3
U0052,CP1308,0,0,0,1,5
U0052,CP1426,0,0,1,0,3
U0052,CP1548,0,0,1,0,3
U0052,CP1561,1,171,0,0,1
U0052,CP1569,0,0,1,0,3
U0052,CP1755,1,207,0,0,1
U0052,CP1862,0,0,0,1,5
U0052,CP1904,1,22,0,0,1
U0052,CP2167,1,215,0,0,1
U0053,CP0112,1,92,0,0,1
U0053,CP0302,1,111,0,0,1
U0053,CP0394,1,248,0,0,1
U0053,CP0552,1,124,0,0,1
U0053,CP0666,1,267,0,0,1
U0053,CP0767,1,271,0,0,1
U0053,CP0945,1,196,0,0,1
U0053,CP1277,1,55,0,0,1
U0053,CP1289,1,208,0,0,1
U0053,CP1606,0,0,1,0,3
U0053,CP1608,1,52,0,0,1
U0053,CP1634,0,0,1,0,3
U0053,CP1753,1,99,0,0,1
U0053,CP1852,1,173,0,0,1
U0053,CP1864,1,12,0,0,1
U0053,CP1954,1,82,0,0,1
U0053,CP2287,1,191,0,0,1
U0053,CP2306,1,214,0,0,1
U0053,CP2330,0,0,1,0,3
U0053,CP2371,1,21,0,0,1
U0054,CP0032,1,248,0,0,1
U0054,CP0132,0,0,1,0,3
U0054,CP0457,1,233,0,0,1
U0054,CP0504,1,202,0,0,1
U0054,CP0740,0,0,0,1,5
U0054,CP0812,1,130,0,0,1
U0054,CP0919,0,0,1,0,3
U0054,CP1330,0,0,1,0,3
U0054,CP1372,1,65,0,0,1
U0054,CP1391,1,70,0,0,1
U0054,CP1623,1,171,0,0,1
U0054,CP1757,1,100,0,0,1
U0054,CP1848,1,115,0,0,1
U0054,CP1930,1,108,0,0,1
U0054,CP2418,1,177,0,0,1
U0055,CP0004,1,237,0,0,1
U0055,CP0492,1,259,0,0,1
U0055,CP0520,1,274,0,0,1
U0055,CP0779,1,35,0,0,1
U0055,CP0784,1,93,0,0,1
U0055,CP1119,0,0,0,1,5
U0055,CP1372,1,89,0,0,1
U0055,CP1377,1,141,0,0,1
U0055,CP1422,1,199,0,0,1
U0055,CP1638,1,77,0,0,1
U0056,CP0369,1,126,0,0,1
U0056,CP0371,1,191,0,0,1
U0056,CP0393,1,237,0,0,1
U0056,CP0441,1,86,0,0,1
U0056,CP0522,1,211,0,0,1
U0056,CP0554,1,153,0,0,1
U0056,CP0606,0,0,1,0,3
U0056,CP0701,1,138,0,0,1
U0056,CP0898,1,8,0,0,1
U0056,CP1000,0,0,0,1,5
U0056,CP1629,0,0,1,0,3
U0056,CP1687,1,196,0,0,1
U0056,CP1754,1,67,0,0,1
U0056,CP1956,0,0,0,1,5
U0056,CP1986,1,283,0,0,1
U0056,CP2033,1,61,0,0,1
U0056,CP2260,1,144,0,0,1
U0056,CP2353,0,0,1,0,3
U0056,CP2402,1,264,0,0,1
U0057,CP0264,1,160,0,0,1
U0057,CP0395,1,268,0,0,1
U0057,CP0440,0,0,1,0,3
U0057,CP0777,0,0,1,0,3
U0057,CP0914,1,243,0,0,1
U0057,CP1449,1,128,0,0,1
U0057,CP1454,0,0,1,0,3
U0057,CP1529,1,125,0,0,1
U0057,CP1540,0,0,0,1,5
U0057,CP1789,0,0,0,1,5
U0057,CP1939,1,274,0,0,1
U0057,CP2241,1,56,0,0,1
U0057,CP2351,1,251,0,0,1
U0058,CP0141,1,77,0,0,1
U0058,CP0147,1,58,0,0,1
U0058,CP0332,1,151,0,0,1
U0058,CP0362,0,0,1,0,3
U0058,CP0454,0,0,0,1,5
U0058,CP0809,1,218,0,0,1
U0058,CP1209,1,282,0,0,1
U0058,CP1216,1,286,0,0,1
U0058,CP1230,1,65,0,0,1
U0058,CP1648,1,220,0,0,1
U0058,CP1884,1,204,0,0,1
U0058,CP2061,0,0,1,0,3
U0058,CP2086,1,162,0,0,1
U0058,CP2099,1,92,0,0,1
U0058,CP2306,1,280,0,0,1
U0058,CP2473,1,268,0,0,1
U0058,CP2492,0,0,0,1,5
U0059,CP0189,0,0,1,0,3
U0059,CP0290,0,0,1,0,3
U0059,CP0305,1,5,0,0,1
U0059,CP0425,1,236,0,0,1
U0059,CP0535,0,0,1,0,3
U0059,CP0576,1,177,0,0,1
U0059,CP0675,1,61,0,0,1
U0059,CP0724,0,0,0,1,5
U0059,CP0737,1,92,0,0,1
U0059,CP0926,1,65,0,0,1
U0059,CP1554,1,76,0,0,1
U0059,CP1848,1,281,0,0,1
U0059,CP1851,0,0,1,0,3
U0059,CP1926,1,108,0,0,1
U0059,CP1967,0,0,0,1,5
U0059,CP2385,1,156,0,0,1
U0060,CP0013,1,78,0,0,1
U0060,CP0064,1,151,0,0,1
U0060,CP0203,0,0,1,0,3
U0060,CP0209,1,8,0,0,1
U0060,CP0490,1,43,0,0,1
U0060,CP0544,0,0,0,1,5
U0060,CP0673,1,5,0,0,1
U0060,CP0797,1,201,0,0,1
U0060,CP0861,1,223,0,0,1
U0060,CP1048,0,0,0,1,5
U0060,CP1085,1,121,0,0,1
U0060,CP1203,1,149,0,0,1
U0060,CP1301,1,216,0,0,1
U0060,CP1428,1,270,0,0,1
U0060,CP1818,1,53,0,0,1
U0060,CP1843,0,0,1,0,3
U0060,CP1986,1,99,0,0,1
U0060,CP2124,0,0,1,0,3
U0061,CP0167,0,0,0,1,5
U0061,CP0227,1,128,0,0,1
U0061,CP0257,1,59,0,0,1
U0061,CP0314,0,0,0,1,5
U0061,CP0555,1,90,0,0,1
U0061,CP1098,0,0,1,0,3
U0061,CP2236,0,0,0,1,5
U0061,CP2363,1,168,0,0,1
U0062,CP0028,1,150,0,0,1
U0062,CP1055,1,276,0,0,1
U0062,CP1092,0,0,1,0,3
U0062,CP1097,1,103,0,0,1
U0062,CP1519,1,24,0,0,1
U0062,CP1885,1,231,0,0,1
U0062,CP1910,2,185,0,0,2
U0062,CP2100,0,0,0,1,5
U0063,CP0148,1,107,0,0,1
U0063,CP0336,0,0,1,0,3
U0063,CP0501,0,0,1,0,3
U0063,CP0559,0,0,1,0,3
U0063,CP0728,0,0,1,0,3
U0063,CP0905,1,64,0,0,1
U0063,CP1020,1,190,0,0,1
U0063,CP1064,1,279,0,0,1
U0063,CP1203,1,182,0,0,1
U0063,CP1337,1,189,0,0,1
U0063,CP1366,1,135,0,0,1
U0063,CP1536,0,0,0,1,5
U0063,CP1628,1,117,0,0,1
U0063,CP1821,0,0,1,0,3
U0063,CP1830,1,158,0,0,1
U0063,CP2209,1,170,0,0,1
U0063,CP2371,0,0,0,1,5
U0063,CP2386,0,0,1,0,3
U0063,CP2406,0,0,0,1,5
U0064,CP0033,0,0,1,0,3
U0064,CP0170,1,276,0,0,1
U0064,CP0268,1,151,0,0,1
U0064,CP0393,1,111,0,0,1
U0064,CP0458,1,86,0,0,1
U0064,CP0846,1,252,0,0,1
U0064,CP1222,1,247,0,0,1
U0064,CP1237,1,154,0,0,1
U0064,CP1604,1,198,0,0,1
U0064,CP1839,0,0,1,0,3
U0064,CP2064,0,0,0,1,5
U0064,CP2076,1,153,0,0,1
U0064,CP2100,1,206,0,0,1
U0065,CP0195,0,0,1,0,3
U0065,CP0204,0,0,1,0,3
U0065,CP0301,1,221,0,0,1
U0065,CP0380,1,73,0,0,1
U0065,CP0625,0,0,0,1,5
U0065,CP0692,1,232,0,0,1
U0065,CP0986,1,263,0,0,1
U0065,CP1176,1,203,0,0,1
U0065,CP1394,0,0,1,0,3
U0065,CP1584,0,0,1,0,3
U0065,CP1839,1,224,0,0,1
U0065,CP2175,1,272,0,0,1
U0065,CP2322,0,0,1,0,3
U0065,CP2375,1,227,0,0,1
U0065,CP2488,0,0,0,1,5
U0066,CP0075,1,298,0,0,1
U0066,CP0187,1,38,0,0,1
U0066,CP0220,0,0,1,0,3
U0066,CP0272,1,217,0,0,1
U0066,CP0350,1,82,0,0,1
U0066,CP0702,1,300,0,0,1
U0066,CP0772,1,182,0,0,1
U0066,CP0914,0,0,1,0,3
U0066,CP1015,0,0,0,1,5
U0066,CP1172,1,54,0,0,1
U0066,CP1223,1,291,0,0,1
U0066,CP1246,1,90,0,0,1
U0066,CP1289,0,0,0,1,5
U0066,CP1302,1,73,0,0,1
U0066,CP1352,1,15,0,0,1
U0066,CP1602,1,297,0,0,1
U0066,CP1988,1,67,0,0,1
U0066,CP2060,1,221,0,0,1
U0066,CP2072,0,0,0,1,5
U0066,CP2260,1,77,0,0,1
U0066,CP2317,0,0,0,1,5
U0066,CP2477,0,0,0,1,5
U0067,CP0078,1,186,0,0,1
U0067,CP0136,0,0,1,0,3
U0067,CP0393,0,0,1,0,3
U0067,CP0615,1,182,0,0,1
U0067,CP0680,0,0,0,1,5
U0067,CP0811,1,264,0,0,1
U0067,CP1101,1,171,0,0,1
U0067,CP1128,0,0,1,0,3
U0067,CP1149,0,0,0,1,5
U0067,CP1232,1,134,0,0,1
U0067,CP1242,1,220,0,0,1
U0067,CP1529,0,0,0,1,5
U0067,CP1583,1,121,0,0,1
U0067,CP2077,0,0,1,0,3
U0067,CP2150,1,27,0,0,1
U0067,CP2430,1,213,0,0,1
U0068,CP0240,0,0,1,0,3
U0068,CP0447,1,199,0,0,1
U0068,CP0479,1,207,0,0,1
U0068,CP0506,1,216,0,0,1
U0068,CP1137,0,0,1,0,3
U0068,CP1334,1,23,0,0,1
U0068,CP1518,1,200,0,0,1
U0068,CP1768,1,14,0,0,1
U0068,CP2146,1,191,0,0,1
U0068,CP2234,1,270,0,0,1
U0068,CP2447,1,146,0,0,1
U0069,CP0076,0,0,0,1,5
U0069,CP0410,1,289,0,0,1
U0069,CP0463,1,93,0,0,1
U0069,CP0487,1,75,0,0,1
U0069,CP0492,0,0,0,1,5
U0069,CP0592,1,85,0,0,1
U0069,CP1081,1,189,0,0,1
U0069,CP1432,1,87,0,0,1
U0069,CP1584,1,141,0,0,1
U0069,CP1674,1,45,0,0,1
U0069,CP1879,1,42,0,0,1
U0069,CP2096,1,278,0,0,1
U0069,CP2254,1,169,0,0,1
U0069,CP2425,1,20,0,0,1
U0070,CP0009,1,135,0,0,1
U0070,CP0086,1,285,0,0,1
U0070,CP0165,0,0,0,1,5
U0070,CP0274,1,116,0,0,1
U0070,CP0571,1,5,0,0,1
U0070,CP0647,0,0,0,1,5
U0070,CP1020,1,175,0,0,1
U0070,CP1163,0,0,0,1,5
U0070,CP1352,1,6,0,0,1
U0070,CP1413,1,297,0,0,1
U0070,CP1435,1,127,0,0,1
U0070,CP1549,1,100,0,0,1
U0070,CP1566,1,105,0,0,1
U0070,CP1597,1,124,0,0,1
U0070,CP1721,1,143,0,0,1
U0070,CP1813,1,58,0,0,1
U0070,CP2031,1,282,0,0,1
U0070,CP2136,1,282,0,0,1
U0070,CP2181,0,0,1,0,3
U0070,CP2355,1,94,0,0,1
U0070,CP2431,0,0,1,0,3
U0070,CP2483,0,0,1,0,3
U0071,CP0394,1,106,0,0,1
U0071,CP0399,0,0,1,0,3
U0071,CP0434,1,142,0,0,1
U0071,CP0636,1,134,0,0,1
U0071,CP1098,0,0,1,0,3
U0071,CP1217,0,0,0,1,5
U0071,CP1282,1,295,0,0,1
U0071,CP1419,1,114,0,0,1
U0071,CP1711,0,0,0,1,5
U0071,CP1837,1,140,0,0,1
U0071,CP1885,0,0,1,0,3
U0071,CP2135,1,128,0,0,1
U0072,CP0112,1,16,0,0,1
U0072,CP0183,0,0,0,1,5
U0072,CP0301,0,0,1,0,3
U0072,CP0667,0,0,1,0,3
U0072,CP0984,1,280,0,0,1
U0072,CP1140,1,59,0,0,1
U0072,CP1332,1,163,0,0,1
U0072,CP1601,1,159,0,0,1
U0072,CP2064,0,0,1,0,3
U0072,CP2090,1,201,0,0,1
U0073,CP0071,0,0,0,1,5
U0073,CP0207,1,268,0,0,1
U0073,CP0377,0,0,0,1,5
U0073,CP0527,1,296,0,0,1
U0073,CP0613,1,77,0,0,1
U0073,CP0916,1,162,0,0,1
U0073,CP1185,1,190,0,0,1
U0073,CP1267,1,241,0,0,1
U0073,CP1268,1,246,0,0,1
U0073,CP1441,1,243,0,0,1
U0073,CP1570,0,0,1,0,3
U0073,CP1792,1,116,0,0,1
U0073,CP1901,0,0,0,1,5
U0073,CP1904,1,5,0,0,1
U0073,CP2188,0,0,1,0,3
U0073,CP2225,0,0,0,1,5
U0073,CP2312,0,0,1,0,3
U0074,CP0286,1,112,0,0,1
U0074,CP0387,1,153,0,0,1
U0074,CP0395,0,0,0,1,5
U0074,CP0396,1,98,0,0,1
U0074,CP0774,1,18,0,0,1
U0074,CP0804,1,170,0,0,1
U0074,CP1214,0,0,1,0,3
U0074,CP1807,0,0,0,1,5
U0074,CP1856,1,208,0,0,1
U0074,CP1981,1,149,0,0,1
U0074,CP2138,0,0,1,0,3
U0074,CP2214,1,48,0,0,1
U0075,CP0073,1,122,0,0,1
U0075,CP0076,1,184,0,0,1
U0075,CP0284,1,165,0,0,1
U0075,CP0310,0,0,1,0,3
U0075,CP0475,1,272,0,0,1
U0075,CP0484,1,188,0,0,1
U0075,CP0621,0,0,0,1,5
U0075,CP0627,0,0,0,1,5
U0075,CP0670,0,0,1,0,3
U0075,CP1730,0,0,0,1,5
U0075,CP1951,1,243,0,0,1
U0075,CP1988,1,154,0,0,1
U0075,CP2200,0,0,1,0,3
U0076,CP0265,1,151,0,0,1
U0076,CP0289,0,0,1,0,3
U0076,CP0380,0,0,0,1,5
U0076,CP0448,0,0,0,1,5
U0076,CP0455,0,0,1,0,3
U0076,CP0581,0,0,1,0,3
U0076,CP0742,1,55,0,0,1
U0076,CP0841,0,0,0,1,5
U0076,CP0862,1,257,0,0,1
U0076,CP0943,0,0,0,1,5
U0076,CP1111,1,14,0,0,1
U0076,CP1332,1,119,0,0,1
U0076,CP2279,1,54,0,0,1
U0076,CP2345,0,0,0,1,5
U0077,CP0475,0,0,1,0,3
U0077,CP0483,1,175,0,0,1
U0077,CP0912,1,55,0,0,1
U0077,CP1221,1,142,0,0,1
U0077,CP1236,1,109,0,0,1
U0077,CP1300,1,213,0,0,1
U0077,CP1416,1,67,0,0,1
U0077,CP1551,0,0,0,1,5
U0077,CP1751,1,139,0,0,1
U0077,CP1768,1,132,0,0,1
U0077,CP1937,0,0,1,0,3
U0077,CP2089,1,156,0,0,1
U0077,CP2296,0,0,1,0,3
U0077,CP2371,1,36,0,0,1
U0078,CP0143,0,0,1,0,3
U0078,CP0501,1,9,0,0,1
U0078,CP0579,1,138,0,0,1
U0078,CP0981,0,0,1,0,3
U0078,CP1146,1,260,0,0,1
U0078,CP1562,0,0,0,1,5
U0078,CP1929,1,184,0,0,1
U0078,CP2323,1,102,0,0,1
U0078,CP2346,1,182,0,0,1
U0078,CP2370,0,0,1,0,3
U0078,CP2426,1,103,0,0,1
U0079,CP0073,0,0,0,1,5
U0079,CP0546,0,0,1,0,3
U0079,CP0603,1,28,0,0,1
U0079,CP0635,0,0,1,0,3
U0079,CP1036,0,0,1,0,3
U0079,CP1148,1,135,0,0,1
U0079,CP1251,1,12,0,0,1
U0079,CP1257,1,204,0,0,1
U0079,CP1427,1,203,0,0,1
U0079,CP1486,0,0,0,1,5
U0079,CP2160,1,209,0,0,1
U0079,CP2356,1,64,0,0,1
U0079,CP2442,1,93,0,0,1
U0080,CP0154,1,180,0,0,1
U0080,CP0334,1,112,0,0,1
U0080,CP0421,0,0,0,1,5
U0080,CP0475,0,0,0,1,5
U0080,CP0792,1,49,0,0,1
U0080,CP0799,1,43,0,0,1
U0080,CP1064,1,159,0,0,1
U0080,CP1334,1,179,0,0,1
U0080,CP1431,1,220,0,0,1
U0080,CP1487,1,44,0,0,1
U0080,CP1715,1,286,0,0,1
U0080,CP1731,0,0,1,0,3
U0080,CP2143,1,42,0,0,1
U0080,CP2219,0,0,1,0,3
U0081,CP0220,0,0,0,1,5
U0081,CP0253,1,147,0,0,1
U0081,CP0267,1,113,0,0,1
U0081,CP0715,1,155,0,0,1
U0081,CP0839,1,190,0,0,1
U0081,CP1048,0,0,1,0,3
U0081,CP1170,1,238,0,0,1
U0081,CP1382,1,275,0,0,1
U0081,CP1561,0,0,1,0,3
U0081,CP1652,1,263,0,0,1
U0081,CP2043,1,69,0,0,1
U0081,CP2118,0,0,1,0,3
U0082,CP0262,1,171,0,0,1
U0082,CP0292,1,134,0,0,1
U0082,CP0787,1,104,0,0,1
U0082,CP1131,0,0,1,0,3
U0082,CP1146,0,0,1,0,3
U0082,CP1170,1,254,0,0,1
U0082,CP1343,1,84,0,0,1
U0082,CP1766,1,248,0,0,1
U0082,CP1773,1,236,0,0,1
U0082,CP1777,0,0,1,0,3
U0082,CP1959,0,0,1,0,3
U0082,CP1983,1,222,0,0,1
U0082,CP2043,1,60,0,0,1
U0082,CP2264,0,0,1,0,3
U0083,CP0033,1,12,0,0,1
U0083,CP0205,1,64,0,0,1
U0083,CP0394,0,0,1,0,3
U0083,CP0655,1,191,0,0,1
U0083,CP0962,1,238,0,0,1
U0083,CP1385,0,0,1,0,3
U0083,CP1452,0,0,1,0,3
U0083,CP1651,1,170,0,0,1
U0084,CP0069,1,155,0,0,1
U0084,CP0122,1,167,0,0,1
U0084,CP0307,1,245,0,0,1
U0084,CP0368,1,94,0,0,1
U0084,CP0828,1,153,0,0,1
U0084,CP0890,1,280,0,0,1
U0084,CP1066,1,280,0,0,1
U0084,CP1352,0,0,1,0,3
U0084,CP1559,1,69,0,0,1
U0084,CP1613,1,166,0,0,1
U0084,CP1646,1,232,0,0,1
U0084,CP2090,1,54,0,0,1
U0084,CP2169,1,121,0,0,1
U0084,CP2397,1,186,0,0,1
U0085,CP0429,0,0,0,1,5
U0085,CP0546,1,54,0,0,1
U0085,CP0718,0,0,1,0,3
U0085,CP0743,1,143,0,0,1
U0085,CP0763,1,276,0,0,1
U0085,CP0942,1,9,0,0,1
U0085,CP1156,0,0,0,1,5
U0085,CP1259,1,243,0,0,1
U0085,CP1268,0,0,0,1,5
U0085,CP1304,1,132,0,0,1
U0085,CP1636,0,0,0,1,5
U0085,CP1940,1,71,0,0,1
U0085,CP1969,1,165,0,0,1
U0085,CP2075,1,250,0,0,1
U0085,CP2248,0,0,1,0,3
U0085,CP2268,1,233,0,0,1
U0085,CP2372,1,38,0,0,1
U0085,CP2420,1,32,0,0,1
U0086,CP0416,1,181,0,0,1
U0086,CP0560,0,0,1,0,3
U0086,CP0711,1,91,0,0,1
U0086,CP1129,1,231,0,0,1
U0086,CP1231,1,217,0,0,1
U0086,CP1291,1,16,0,0,1
U0086,CP1567,0,0,1,0,3
U0086,CP1624,1,288,0,0,1
U0086,CP1642,1,266,1,0,4
U0086,CP1677,1,204,0,0,1
U0086,CP1698,1,21,0,0,1
U0087,CP0342,0,0,1,0,3
U0087,CP0365,1,158,0,0,1
U0087,CP0680,1,292,0,0,1
U0087,CP0871,0,0,1,0,3
U0087,CP0937,1,149,0,0,1
U0087,CP1110,0,0,0,1,5
U0087,CP1207,1,260,0,0,1
U0087,CP1273,1,284,0,0,1
U0087,CP1318,0,0,1,0,3
U0087,CP1356,1,289,0,0,1
U0087,CP1767,1,123,0,0,1
U0087,CP1921,1,173,0,0,1
U0087,CP2091,1,211,0,0,1
U0087,CP2145,0,0,0,1,5
U0087,CP2241,1,285,0,0,1
U0088,CP0199,1,44,0,0,1
U0088,CP0340,1,297,0,0,1
U0088,CP0496,0,0,1,0,3
U0088,CP0720,1,61,0,0,1
U0088,CP0865,1,69,0,0,1
U0088,CP0966,0,0,1,0,3
U0088,CP1132,1,123,0,0,1
U0088,CP1145,0,0,1,0,3
U0088,CP1361,1,259,0,0,1
U0088,CP1480,1,14,0,0,1
U0088,CP1640,0,0,0,1,5
U0088,CP1645,1,285,0,0,1
U0088,CP1972,1,146,0,0,1
U0088,CP2043,1,162,0,0,1
U0088,CP2201,0,0,0,1,5
U0088,CP2263,0,0,1,0,3
U0089,CP0278,0,0,1,0,3
U0089,CP0300,1,66,0,0,1
U0089,CP0564,0,0,0,1,5
U0089,CP0663,1,260,0,0,1
U0089,CP1055,0,0,1,0,3
U0089,CP1098,0,0,0,1,5
U0089,CP1105,1,115,0,0,1
U0089,CP1275,1,159,0,0,1
U0089,CP1322,0,0,0,1,5
U0089,CP1370,1,229,0,0,1
U0089,CP1568,1,140,0,0,1
U0089,CP1573,1,59,0,0,1
U0089,CP1707,0,0,0,1,5
U0089,CP2192,1,104,0,0,1
U0089,CP2378,1,111,0,0,1
U0089,CP2458,1,105,0,0,1
U0090,CP0088,1,262,0,0,1
U0090,CP0330,0,0,1,0,3
U0090,CP0383,0,0,0,1,5
U0090,CP0752,0,0,1,0,3
U0090,CP0768,0,0,0,1,5
U0090,CP0866,0,0,1,0,3
U0090,CP1323,0,0,1,0,3
U0090,CP1378,0,0,1,0,3
U0090,CP1470,1,164,0,0,1
U0090,CP1531,0,0,1,0,3
U0090,CP1570,1,295,0,0,1
U0090,CP1698,1,142,0,0,1
U0090,CP1992,0,0,0,1,5
U0090,CP2110,1,181,0,0,1
U0090,CP2275,0,0,0,1,5
U0090,CP2426,1,279,0,0,1
U0090,CP2437,1,223,0,0,1
U0091,CP0091,0,0,0,1,5
U0091,CP0242,1,242,0,0,1
U0091,CP0305,0,0,1,0,3
U0091,CP0523,1,190,0,0,1
U0091,CP0525,0,0,1,0,3
U0091,CP0677,1,212,0,0,1
U0091,CP0839,0,0,1,0,3
U0091,CP1053,0,0,1,0,3
U0091,CP1515,1,33,0,0,1
U0091,CP1630,1,251,0,0,1
U0091,CP2050,0,0,1,0,3
U0091,CP2141,1,157,0,0,1
U0091,CP2390,0,0,1,0,3
U0091,CP2435,1,34,0,0,1
U0092,CP0396,1,267,0,0,1
U0092,CP0421,1,112,0,0,1
U0092,CP0529,0,0,1,0,3
U0092,CP0700,1,30,0,0,1
U0092,CP0835,1,197,0,0,1
U0092,CP1066,1,300,0,0,1
U0092,CP1090,1,263,0,0,1
U0092,CP1145,0,0,0,1,5
U0092,CP1337,1,189,0,0,1
U0092,CP1610,0,0,0,1,5
U0092,CP1696,1,11,0,0,1
U0092,CP1732,1,100,0,0,1
U0092,CP1771,1,147,0,0,1
U0092,CP1869,1,28,0,0,1
U0092,CP2067,1,218,0,0,1
U0092,CP2168,0,0,1,0,3
U0092,CP2260,0,0,0,1,5
U0092,CP2355,1,57,0,0,1
U0092,CP2397,1,27,0,0,1
U0093,CP0238,1,208,0,0,1
U0093,CP0343,0,0,0,1,5
U0093,CP0379,0,0,0,1,5
U0093,CP0578,0,0,1,0,3
U0093,CP0896,1,153,0,0,1
U0093,CP0935,1,22,0,0,1
U0093,CP0938,1,101,0,0,1
U0093,CP1115,1,138,0,0,1
U0093,CP1371,1,61,0,0,1
U0093,CP1471,1,38,0,0,1
U0093,CP1657,0,0,1,0,3
U0093,CP1737,0,0,1,0,3
U0093,CP1956,1,252,0,0,1
U0093,CP2300,1,259,0,0,1
U0094,CP0173,1,127,0,0,1
U0094,CP0397,0,0,1,0,3
U0094,CP0410,1,40,0,0,1
U0094,CP0676,0,0,0,1,5
U0094,CP0697,0,0,0,1,5
U0094,CP0762,0,0,1,0,3
U0094,CP0783,1,7,0,0,1
U0094,CP0869,1,70,0,0,1
U0094,CP1081,1,127,0,0,1
U0094,CP1130,0,0,0,1,5
U0094,CP1204,1,162,0,0,1
U0094,CP1648,1,71,0,0,1
U0094,CP1653,0,0,1,0,3
U0094,CP1815,1,220,0,0,1
U0094,CP1876,0,0,0,1,5
U0095,CP0173,0,0,0,1,5
U0095,CP0202,1,245,0,0,1
U0095,CP0453,1,93,0,0,1
U0095,CP0521,1,145,0,0,1
U0095,CP0605,1,166,0,0,1
U0095,CP0621,0,0,1,0,3
U0095,CP0650,0,0,1,0,3
U0095,CP0746,0,0,1,0,3
U0095,CP0919,1,94,0,0,1
U0095,CP1588,1,44,0,0,1
U0095,CP1818,1,96,0,0,1
U0095,CP1903,0,0,1,0,3
U0095,CP1913,1,67,0,0,1
U0095,CP1938,1,45,0,0,1
U0095,CP1946,0,0,1,0,3
U0095,CP2104,0,0,0,1,5
U0095,CP2110,1,113,0,0,1
U0095,CP2190,1,33,0,0,1
U0095,CP2211,1,95,0,0,1
U0095,CP2243,1,49,0,0,1
U0095,CP2264,1,208,0,0,1
U0096,CP0030,1,90,0,0,1
U0096,CP0191,0,0,1,0,3
U0096,CP0475,1,198,0,0,1
U0096,CP0576,1,32,0,0,1
U0096,CP0709,0,0,1,0,3
U0096,CP0907,1,203,0,0,1
U0096,CP0910,0,0,0,1,5
U0096,CP0974,1,128,0,0,1
U0096,CP0977,1,275,0,0,1
U0096,CP1125,0,0,1,0,3
U0096,CP1379,1,238,0,0,1
U0096,CP1579,1,35,0,0,1
U0096,CP1983,1,137,0,0,1
U0096,CP2028,0,0,0,1,5
U0096,CP2172,1,26,0,0,1
U0096,CP2256,1,49,0,0,1
U0097,CP0002,1,25,0,0,1
U0097,CP0115,1,258,0,0,1
U0097,CP0233,0,0,0,1,5
U0097,CP0367,1,73,0,0,1
U0097,CP0587,0,0,1,0,3
U0097,CP0590,1,166,0,0,1
U0097,CP0592,1,80,0,0,1
U0097,CP0837,1,212,0,0,1
U0097,CP0842,1,21,0,0,1
U0097,CP1043,1,235,0,0,1
U0097,CP1158,1,73,0,0,1
U0097,CP1217,1,238,0,0,1
U0097,CP1234,0,0,1,0,3
U0097,CP1265,1,101,0,0,1
U0097,CP1514,0,0,0,1,5
U0097,CP1596,1,60,0,0,1
U0097,CP1702,0,0,1,0,3
U0097,CP1851,1,224,0,0,1
U0097,CP1885,1,187,0,0,1
U0097,CP1947,1,270,0,0,1
U0097,CP2133,1,109,0,0,1
U0097,CP2298,0,0,1,0,3
U0098,CP0335,0,0,0,1,5
U0098,CP0350,0,0,1,0,3
U0098,CP0354,0,0,1,0,3
U0098,CP0378,1,189,0,0,1
U0098,CP0409,0,0,0,1,5
U0098,CP0448,0,0,1,0,3
U0098,CP0491,1,38,0,0,1
U0098,CP0822,1,178,0,0,1
U0098,CP1100,1,218,0,0,1
U0098,CP1304,1,291,0,0,1
U0098,CP1380,0,0,1,0,3
U0098,CP1444,1,149,0,0,1
U0098,CP1519,1,177,0,0,1
U0098,CP2176,1,207,0,0,1
U0098,CP2486,0,0,0,1,5
U0098,CP2497,0,0,1,0,3
U0099,CP0276,1,279,0,0,1
U0099,CP0330,0,0,1,0,3
U0099,CP0392,1,174,0,0,1
U0099,CP0400,0,0,1,0,3
U0099,CP0706,1,30,0,0,1
U0099,CP0859,1,61,0,0,1
U0099,CP0970,0,0,0,1,5
U0099,CP1017,1,125,0,0,1
U0099,CP1177,1,101,0,0,1
U0099,CP1292,0,0,0,1,5
U0099,CP1293,1,262,0,0,1
U0099,CP1457,0,0,1,0,3
U0099,CP2121,0,0,0,1,5
U0099,CP2326,1,205,0,0,1
U0100,CP0042,1,18,0,0,1
U0100,CP0225,0,0,1,0,3
U0100,CP0266,1,219,0,0,1
U0100,CP0364,1,183,0,0,1
U0100,CP1084,1,17,0,0,1
U0100,CP1574,1,203,0,0,1
U0100,CP1930,1,220,0,0,1
U0100,CP2481,1,194,0,0,1
U0100,CP2499,1,82,0,0,1
U0101,CP0042,0,0,1,0,3
U0101,CP0221,1,237,0,0,1
U0101,CP0426,1,58,0,0,1
U0101,CP0613,0,0,1,0,3
U0101,CP0717,1,102,0,0,1
U0101,CP0803,1,233,0,0,1
U0101,CP0945,0,0,1,0,3
U0101,CP1554,1,259,0,0,1
U0101,CP1674,1,116,0,0,1
U0101,CP2091,0,0,1,0,3
U0101,CP2330,1,271,0,0,1
U0102,CP0050,1,292,0,0,1
U0102,CP0184,1,63,0,0,1
U0102,CP0343,1,38,0,0,1
U0102,CP0440,0,0,0,1,5
U0102,CP0647,1,232,0,0,1
U0102,CP1044,1,243,0,0,1
U0102,CP1070,0,0,0,1,5
U0102,CP1140,1,280,0,0,1
U0102,CP1355,0,0,1,0,3
U0102,CP1546,1,62,0,0,1
U0102,CP1769,0,0,1,0,3
U0102,CP1965,1,84,0,0,1
U0102,CP2005,1,21,0,0,1
U0102,CP2322,1,5,0,0,1
U0103,CP0254,1,128,0,0,1
U0103,CP0356,1,47,0,0,1
U0103,CP0418,1,54,0,0,1
U0103,CP0659,0,0,1,0,3
U0103,CP0764,1,200,0,0,1
U0103,CP0797,1,266,0,0,1
U0103,CP0889,1,227,0,0,1
U0103,CP0907,1,168,0,0,1
U0103,CP1154,0,0,0,1,5
U0103,CP1673,0,0,1,0,3
U0103,CP2033,1,60,0,0,1
U0103,CP2153,1,36,0,0,1
U0103,CP2201,0,0,0,1,5
U0103,CP2246,1,186,0,0,1
U0103,CP2441,0,0,0,1,5
U0104,CP0226,1,155,0,0,1
U0104,CP0247,1,39,0,0,1
U0104,CP0385,1,125,0,0,1
U0104,CP0778,1,293,0,0,1
U0104,CP0922,0,0,1,0,3
U0104,CP0954,1,208,0,0,1
U0104,CP1318,0,0,0,1,5
U0104,CP1471,1,60,0,0,1
U0104,CP1510,0,0,1,0,3
U0104,CP1568,0,0,1,0,3
U0104,CP1577,0,0,0,1,5
U0104,CP1693,1,19,0,0,1
U0104,CP2276,1,262,0,0,1
U0104,CP2347,0,0,0,1,5
U0104,CP2373,0,0,1,0,3
U0104,CP2459,1,191,0,0,1
U0105,CP0154,0,0,1,0,3
U0105,CP0306,1,86,0,0,1
U0105,CP0426,1,172,0,0,1
U0105,CP0710,0,0,1,0,3
U0105,CP1148,1,87,0,0,1
U0105,CP1485,0,0,0,1,5
U0105,CP1556,1,189,0,0,1
U0105,CP1669,1,169,0,0,1
U0105,CP1680,0,0,0,1,5
U0105,CP1742,1,68,0,0,1
U0105,CP1876,1,234,0,0,1
U0105,CP1953,1,295,1,0,4
U0106,CP0055,0,0,1,0,3
U0106,CP0071,0,0,0,1,5
U0106,CP0172,0,0,0,1,5
U0106,CP0253,1,134,0,0,1
U0106,CP0338,1,131,0,0,1
U0106,CP0342,1,153,0,0,1
U0106,CP0847,1,125,0,0,1
U0106,CP1069,1,104,0,0,1
U0106,CP1111,1,160,0,0,1
U0106,CP1723,0,0,0,1,5
U0106,CP1954,0,0,0,1,5
U0106,CP2033,1,223,0,0,1
U0106,CP2251,1,130,0,0,1
U0106,CP2488,0,0,1,0,3
U0107,CP0076,1,214,0,0,1
U0107,CP0095,1,86,0,0,1
U0107,CP0169,1,221,0,0,1
U0107,CP0317,1,146,0,0,1
U0107,CP0344,0,0,0,1,5
U0107,CP0517,1,6,0,0,1
U0107,CP0851,1,217,0,0,1
U0107,CP1060,0,0,1,0,3
U0107,CP1134,0,0,1,0,3
U0107,CP1246,0,0,1,0,3
U0107,CP1272,1,196,0,0,1
U0107,CP1752,1,104,0,0,1
U0107,CP1968,1,123,0,0,1
U0107,CP2018,1,6,0,0,1
U0107,CP2185,1,67,0,0,1
U0108,CP0194,0,0,1,0,3
U0108,CP0239,0,0,1,0,3
U0108,CP0328,0,0,0,1,5
U0108,CP0399,1,157,0,0,1
U0108,CP0480,1,71,0,0,1
U0108,CP0603,0,0,1,0,3
U0108,CP0684,0,0,1,0,3
U0108,CP0927,1,86,0,0,1
U0108,CP0989,1,99,0,0,1
U0108,CP1007,1,217,0,0,1
U0108,CP1341,1,89,0,0,1
U0108,CP1365,1,108,0,0,1
U0108,CP1652,1,159,0,0,1
U0108,CP1736,1,294,0,0,1
U0108,CP2121,1,234,0,0,1
U0108,CP2261,1,160,0,0,1
U0109,CP0101,1,124,0,0,1
U0109,CP0217,1,95,0,0,1
U0109,CP0552,1,237,0,0,1
U0109,CP1075,1,79,0,0,1
U0109,CP1083,1,284,0,0,1
U0109,CP2290,1,42,0,0,1
U0109,CP2304,1,211,0,0,1
U0109,CP2424,1,144,0,0,1
U0109,CP2457,1,11,0,0,1
U0110,CP0045,0,0,0,1,5
U0110,CP0085,0,0,0,1,5
U0110,CP0108,1,204,0,0,1
U0110,CP0693,1,53,0,0,1
U0110,CP0746,0,0,0,1,5
U0110,CP0897,0,0,0,1,5
U0110,CP0955,1,56,0,0,1
U0110,CP1241,1,300,0,0,1
U0110,CP1376,1,174,0,0,1
U0110,CP1391,0,0,0,1,5
U0110,CP1576,1,249,0,0,1
U0110,CP1655,0,0,0,1,5
U0110,CP1716,1,205,0,0,1
U0110,CP1739,1,154,0,0,1
U0110,CP1838,1,40,0,0,1
U0110,CP1857,1,125,0,0,1
U0110,CP1898,1,33,0,0,1
U0110,CP1906,1,273,0,0,1
U0110,CP2011,1,51,0,0,1
U0110,CP2129,1,232,0,0,1
U0110,CP2181,1,51,0,0,1
U0110,CP2466,0,0,0,1,5
U0111,CP0288,1,48,0,0,1
U0111,CP0433,1,297,0,0,1
U0111,CP0631,1,213,0,0,1
U0111,CP0662,0,0,0,1,5
U0111,CP1004,1,96,0,0,1
U0111,CP1158,1,179,0,0,1
U0111,CP1287,1,160,0,0,1
U0111,CP1418,1,297,0,0,1
U0111,CP1682,1,251,0,0,1
U0111,CP1688,1,275,0,0,1
U0111,CP1700,1,12,0,0,1
U0111,CP1839,1,95,0,0,1
U0111,CP1948,0,0,1,0,3
U0111,CP2276,0,0,1,0,3
U0112,CP0100,1,64,0,0,1
U0112,CP0177,1,100,0,0,1
U0112,CP0248,1,148,0,0,1
U0112,CP0267,1,38,0,0,1
U0112,CP0275,1,237,0,0,1
U0112,CP0305,1,232,0,0,1
U0112,CP0309,1,139,0,0,1
U0112,CP0362,1,272,0,0,1
U0112,CP0570,1,134,0,0,1
U0112,CP0585,0,0,0,1,5
U0112,CP0724,1,70,0,0,1
U0112,CP0951,1,136,0,0,1
U0112,CP1128,1,130,0,0,1
U0112,CP1384,1,202,0,0,1
U0112,CP1608,1,185,0,0,1
U0112,CP1801,1,173,0,0,1
U0112,CP1969,0,0,1,0,3
U0112,CP2314,1,264,0,0,1
U0112,CP2351,1,101,0,0,1
U0113,CP0544,1,292,0,0,1
U0113,CP0734,1,226,0,0,1
U0113,CP0764,0,0,1,0,3
U0113,CP0912,0,0,1,0,3
U0113,CP1025,0,0,1,0,3
U0113,CP1345,0,0,1,0,3
U0113,CP1508,0,0,0,1,5
U0113,CP1805,0,0,0,1,5
U0113,CP1896,1,11,0,0,1
U0113,CP1954,0,0,1,0,3
U0113,CP2357,1,183,0,0,1
U0113,CP2388,1,9,0,0,1
U0114,CP0062,1,76,0,0,1
U0114,CP0100,1,289,0,0,1
U0114,CP0399,1,75,0,0,1
U0114,CP0759,0,0,1,0,3
U0114,CP0804,1,242,0,0,1
U0114,CP1579,0,0,1,0,3
U0114,CP1763,1,152,0,0,1
U0115,CP0068,0,0,1,0,3
U0115,CP0238,1,99,0,0,1
U0115,CP0559,1,83,0,0,1
U0115,CP0914,1,182,0,0,1
U0115,CP0920,1,123,0,0,1
U0115,CP1136,1,99,0,0,1
U0115,CP1220,1,67,0,0,1
U0115,CP1240,0,0,1,0,3
U0115,CP1253,1,232,0,0,1
U0115,CP1595,0,0,0,1,5
U0115,CP1765,0,0,1,0,3
U0115,CP2248,1,28,0,0,1
U0115,CP2361,1,39,0,0,1
U0116,CP0160,1,249,0,0,1
U0116,CP0284,0,0,0,1,5
U0116,CP0289,1,181,0,0,1
U0116,CP0345,0,0,1,0,3
U0116,CP0501,0,0,1,0,3
U0116,CP0502,0,0,1,0,3
U0116,CP0817,1,223,0,0,1
U0116,CP0953,0,0,1,0,3
U0116,CP0980,1,228,0,0,1
U0116,CP1151,1,136,0,0,1
U0116,CP1615,1,142,0,0,1
U0116,CP2093,1,108,0,0,1
U0117,CP0083,0,0,1,0,3
U0117,CP0473,1,169,0,0,1
U0117,CP0667,0,0,1,0,3
U0117,CP0746,0,0,1,0,3
U0117,CP0759,1,39,0,0,1
U0117,CP0934,1,163,0,0,1
U0117,CP1091,0,0,1,0,3
U0117,CP1907,1,192,0,0,1
U0117,CP1946,0,0,1,0,3
U0117,CP1972,0,0,0,1,5
U0117,CP2101,1,220,0,0,1
U0117,CP2303,1,153,0,0,1
U0117,CP2335,0,0,0,1,5
U0117,CP2427,0,0,0,1,5
U0117,CP2500,1,281,0,0,1
U0118,CP0061,0,0,1,0,3
U0118,CP0256,1,155,0,0,1
U0118,CP1657,1,229,0,0,1
U0118,CP1885,0,0,1,0,3
U0118,CP1994,1,265,0,0,1
U0119,CP0480,1,53,0,0,1
U0119,CP0539,1,12,0,0,1
U0119,CP0562,0,0,1,0,3
U0119,CP0690,1,121,0,0,1
U0119,CP0870,1,213,0,0,1
U0119,CP1064,0,0,1,0,3
U0119,CP1502,1,117,0,0,1
U0119,CP1513,1,286,0,0,1
U0119,CP1628,1,174,0,0,1
U0119,CP2030,0,0,1,0,3
U0119,CP2314,1,157,0,0,1
U0120,CP0098,0,0,1,0,3
U0120,CP0233,1,59,0,0,1
U0120,CP0240,0,0,0,1,5
U0120,CP0331,1,113,0,0,1
U0120,CP0391,1,5,0,0,1
U0120,CP0946,0,0,1,0,3
U0120,CP1112,1,120,0,0,1
U0120,CP1207,0,0,1,0,3
U0120,CP1231,1,231,0,0,1
U0120,CP2221,0,0,1,0,3
U0121,CP0090,1,198,0,0,1
U0121,CP0167,0,0,1,0,3
U0121,CP0226,1,285,0,0,1
U0121,CP0261,0,0,1,0,3
U0121,CP0340,1,245,0,0,1
U0121,CP0434,1,217,0,0,1
U0121,CP0481,1,33,0,0,1
U0121,CP0651,1,182,0,0,1
U0121,CP0865,0,0,0,1,5
U0121,CP1029,1,54,0,0,1
U0121,CP1531,0,0,0,1,5
U0121,CP1554,1,38,0,0,1
U0121,CP1564,1,294,0,0,1
U0121,CP1606,0,0,0,1,5
U0121,CP1635,1,238,0,0,1
U0121,CP1679,2,294,0,0,2
U0121,CP2050,0,0,1,0,3
U0121,CP2102,1,207,0,0,1
U0121,CP2252,1,88,0,0,1
U0121,CP2376,1,153,0,0,1
U0122,CP0086,0,0,1,0,3
U0122,CP0140,1,80,0,0,1
U0122,CP0305,1,142,0,0,1
U0122,CP0549,1,235,0,0,1
U0122,CP0553,1,279,0,0,1
U0122,CP0727,0,0,1,0,3
U0122,CP0829,1,104,0,0,1
U0122,CP0842,1,47,0,0,1
U0122,CP0895,1,153,0,0,1
U0122,CP0936,1,294,0,0,1
U0122,CP1062,0,0,1,0,3
U0122,CP1133,0,0,0,1,5
U0122,CP1275,1,8,0,0,1
U0122,CP1522,0,0,0,1,5
U0122,CP1699,1,23,0,0,1
U0123,CP0005,1,65,0,0,1
U0123,CP0147,0,0,1,0,3
U0123,CP0190,1,106,0,0,1
U0123,CP0272,0,0,1,0,3
U0123,CP0865,0,0,0,1,5
U0123,CP0931,1,8,0,0,1
U0123,CP0969,1,118,0,0,1
U0123,CP1007,1,253,0,0,1
U0123,CP1029,1,142,0,0,1
U0123,CP1049,1,221,0,0,1
U0123,CP1113,1,100,0,0,1
U0123,CP1322,1,281,0,0,1
U0123,CP1466,1,163,0,0,1
U0123,CP2074,0,0,0,1,5
U0123,CP2388,1,105,0,0,1
U0124,CP0085,1,151,0,0,1
U0124,CP0089,0,0,0,1,5
U0124,CP0446,1,16,0,0,1
U0124,CP0848,1,18,0,0,1
U0124,CP0910,1,273,0,0,1
U0124,CP1133,1,113,0,0,1
U0124,CP1176,1,265,0,0,1
U0124,CP1259,1,206,0,0,1
U0124,CP1451,0,0,0,1,5
U0124,CP1821,0,0,0,1,5
U0124,CP1822,0,0,1,0,3
U0124,CP1872,0,0,0,1,5
U0124,CP2073,1,105,0,0,1
U0125,CP0133,1,179,0,0,1
U0125,CP0224,1,223,0,0,1
U0125,CP0481,1,168,0,0,1
U0125,CP1227,0,0,1,0,3
U0125,CP1239,1,111,0,0,1
U0125,CP1328,1,155,0,0,1
U0125,CP1539,1,254,0,0,1
U0125,CP1830,1,251,0,0,1
U0125,CP1950,1,86,0,0,1
U0125,CP2182,1,206,0,0,1
U0125,CP2215,1,275,0,0,1
U0125,CP2293,0,0,1,0,3
U0125,CP2474,1,270,0,0,1
U0126,CP0230,0,0,1,0,3
U0126,CP0421,1,67,0,0,1
U0126,CP0918,1,137,0,0,1
U0126,CP0920,1,257,0,0,1
U0126,CP0996,1,50,0,0,1
U0126,CP1502,1,147,0,0,1
U0126,CP2017,1,96,0,0,1
U0126,CP2123,0,0,1,0,3
U0126,CP2238,1,199,0,0,1
U0126,CP2405,0,0,1,0,3
U0126,CP2468,0,0,0,1,5
U0127,CP0227,1,177,0,0,1
U0127,CP0325,1,239,0,0,1
U0127,CP0436,1,10,0,0,1
U0127,CP0452,1,118,0,0,1
U0127,CP0761,1,177,0,0,1
U0127,CP0789,1,218,0,0,1
U0127,CP0805,1,259,0,0,1
U0127,CP0889,1,113,0,0,1
U0127,CP0897,0,0,0,1,5
U0127,CP0999,1,214,0,0,1
U0127,CP1364,1,113,0,0,1
U0127,CP1367,0,0,1,0,3
U0127,CP1840,1,184,0,0,1
U0127,CP1919,1,206,0,0,1
U0127,CP2089,1,227,0,0,1
U0128,CP0404,0,0,0,1,5
U0128,CP0537,0,0,0,1,5
U0128,CP0697,0,0,1,0,3
U0128,CP1018,1,33,0,0,1
U0128,CP1094,1,162,0,0,1
U0128,CP1124,1,184,0,0,1
U0128,CP1399,1,146,0,0,1
U0128,CP1468,1,10,0,0,1
U0128,CP1500,0,0,0,1,5
U0128,CP1503,1,190,0,0,1
U0128,CP1735,1,280,0,0,1
U0128,CP1770,1,22,0,0,1
U0128,CP1781,1,162,0,0,1
U0128,CP1807,0,0,1,0,3
U0128,CP1931,1,181,0,0,1
U0128,CP1990,0,0,1,0,3
U0128,CP2188,1,39,0,0,1
U0128,CP2428,0,0,0,1,5
U0129,CP0427,1,180,0,0,1
U0129,CP0470,0,0,1,0,3
U0129,CP0498,1,47,0,0,1
U0129,CP0621,1,136,0,0,1
U0129,CP0734,1,150,0,0,1
U0129,CP0976,1,248,0,0,1
U0129,CP0977,1,170,0,0,1
U0129,CP0979,0,0,1,0,3
U0129,CP1300,1,200,0,0,1
U0129,CP1378,0,0,0,1,5
U0129,CP1515,1,231,0,0,1
U0129,CP1679,1,147,0,0,1
U0129,CP1868,1,18,0,0,1
U0129,CP1956,1,252,0,0,1
U0129,CP2191,1,216,0,0,1
U0130,CP0208,0,0,1,0,3
U0130,CP0371,0,0,1,0,3
U0130,CP0453,1,52,0,0,1
U0130,CP1052,0,0,0,1,5
U0130,CP1194,1,245,0,0,1
U0130,CP1408,1,245,0,0,1
U0130,CP1468,1,288,0,0,1
U0130,CP1484,1,178,0,0,1
U0130,CP1520,0,0,1,0,3
U0130,CP1654,0,0,0,1,5
U0130,CP1737,0,0,1,0,3
U0130,CP1848,0,0,1,0,3
U0130,CP2058,1,124,0,0,1
U0130,CP2091,1,161,0,0,1
U0130,CP2387,1,294,0,0,1
U0131,CP0017,1,247,0,0,1
U0131,CP0070,1,89,0,0,1
U0131,CP0170,0,0,1,0,3
U0131,CP0234,1,254,0,0,1
U0131,CP0392,0,0,1,0,3
U0131,CP0501,1,25,0,0,1
U0131,CP0660,1,56,0,0,1
U0131,CP0677,0,0,0,1,5
U0131,CP1517,1,266,0,0,1
U0131,CP1562,0,0,0,1,5
U0131,CP1687,0,0,1,0,3
U0131,CP1967,1,127,0,0,1
U0131,CP2012,1,251,0,0,1
U0132,CP0005,1,249,0,0,1
U0132,CP0059,0,0,0,1,5
U0132,CP0092,1,65,0,0,1
U0132,CP0144,1,35,0,0,1
U0132,CP0146,1,189,0,0,1
U0132,CP0290,1,174,0,0,1
U0132,CP0354,1,117,0,0,1
U0132,CP0428,1,134,0,0,1
U0132,CP0785,0,0,0,1,5
U0132,CP0888,1,183,0,0,1
U0132,CP1011,1,76,0,0,1
U0132,CP1076,1,288,0,0,1
U0132,CP1276,1,22,0,0,1
U0132,CP1590,1,13,0,0,1
U0132,CP1826,1,297,0,0,1
U0132,CP1830,0,0,1,0,3
U0132,CP2019,1,217,0,0,1
U0132,CP2024,1,287,0,0,1
U0132,CP2040,1,47,0,0,1
U0133,CP0024,1,163,0,0,1
U0133,CP0060,0,0,0,1,5
U0133,CP0108,0,0,1,0,3
U0133,CP0426,1,50,0,0,1
U0133,CP0461,0,0,1,0,3
U0133,CP0915,1,298,0,0,1
U0133,CP1148,0,0,1,0,3
U0133,CP1243,0,0,1,0,3
U0133,CP1899,1,200,0,0,1
U0133,CP2240,0,0,0,1,5
U0133,CP2302,0,0,1,0,3
U0134,CP0136,1,16,0,0,1
U0134,CP0228,1,48,0,0,1
U0134,CP0324,0,0,0,1,5
U0134,CP0459,1,265,0,0,1
U0134,CP0966,0,0,0,1,5
U0134,CP1026,0,0,1,0,3
U0134,CP1115,1,254,0,0,1
U0134,CP1280,1,29,0,0,1
U0134,CP1363,1,27,0,0,1
U0134,CP1367,1,75,0,0,1
U0134,CP1368,1,44,0,0,1
U0134,CP1413,0,0,1,0,3
U0134,CP1446,1,44,0,0,1
U0134,CP1602,2,272,0,0,2
U0134,CP1621,0,0,1,0,3
U0134,CP1675,1,83,0,0,1
U0134,CP1861,1,172,0,0,1
U0134,CP1886,1,109,0,0,1
U0134,CP1902,1,187,0,0,1
U0134,CP1916,1,179,0,0,1
U0134,CP1987,0,0,1,0,3
U0134,CP2159,1,114,0,0,1
U0134,CP2473,1,174,0,0,1
U0135,CP0161,0,0,1,0,3
U0135,CP0358,1,222,0,0,1
U0135,CP0481,0,0,0,1,5
U0135,CP0519,1,214,0,0,1
U0135,CP0545,0,0,1,0,3
U0135,CP0612,1,68,0,0,1
U0135,CP0699,0,0,0,1,5
U0135,CP0784,1,266,0,0,1
U0135,CP0803,1,57,0,0,1
U0135,CP0871,1,30,0,0,1
U0135,CP1369,1,210,0,0,1
U0135,CP1503,0,0,1,0,3
U0135,CP1516,1,132,0,0,1
U0135,CP1594,1,227,0,0,1
U0135,CP1612,1,251,0,0,1
U0135,CP1639,1,269,0,0,1
U0135,CP1667,1,52,0,0,1
U0135,CP1963,0,0,0,1,5
U0135,CP2124,0,0,0,1,5
U0135,CP2311,1,52,0,0,1
U0135,CP2324,1,175,0,0,1
U0135,CP2382,0,0,1,0,3
U0135,CP2394,0,0,0,1,5
U0136,CP0076,1,29,0,0,1
U0136,CP0098,1,280,0,0,1
U0136,CP0145,0,0,0,1,5
U0136,CP0167,0,0,1,0,3
U0136,CP0629,1,218,0,0,1
U0136,CP0697,0,0,0,1,5
U0136,CP0813,0,0,1,0,3
U0136,CP1080,0,0,1,0,3
U0136,CP1173,0,0,1,0,3
U0136,CP1193,0,0,1,0,3
U0136,CP1210,1,283,0,0,1
U0136,CP1309,1,248,0,0,1
U0136,CP1434,0,0,1,0,3
U0136,CP1437,1,184,0,0,1
U0136,CP1764,1,231,0,0,1
U0136,CP1934,1,292,0,0,1
U0136,CP2149,1,92,0,0,1
U0136,CP2231,1,18,0,0,1
U0136,CP2398,0,0,1,0,3
U0136,CP2462,1,38,0,0,1
U0137,CP0046,1,49,0,0,1
U0137,CP0130,1,203,0,0,1
U0137,CP0294,1,264,0,0,1
U0137,CP0539,1,247,0,0,1
U0137,CP0573,0,0,0,1,5
U0137,CP0708,1,37,0,0,1
U0137,CP0913,1,245,0,0,1
U0137,CP0968,0,0,0,1,5
U0137,CP1057,0,0,0,1,5
U0137,CP1111,0,0,1,0,3
U0137,CP1621,1,161,0,0,1
U0137,CP2353,1,71,0,0,1
U0138,CP0043,0,0,0,1,5
U0138,CP0058,0,0,0,1,5
U0138,CP0530,0,0,1,0,3
U0138,CP0843,0,0,1,0,3
U0138,CP1098,1,204,0,0,1
U0138,CP1225,1,280,0,0,1
U0138,CP1238,1,70,0,0,1
U0138,CP1492,1,217,0,0,1
U0138,CP1603,1,7,0,0,1
U0139,CP0030,1,108,0,0,1
U0139,CP0229,0,0,1,0,3
U0139,CP0262,1,101,0,0,1
U0139,CP0432,0,0,0,1,5
U0139,CP0470,0,0,0,1,5
U0139,CP0722,1,239,0,0,1
U0139,CP0730,1,21,0,0,1
U0139,CP0786,0,0,1,0,3
U0139,CP0844,1,74,0,0,1
U0139,CP0851,1,57,0,0,1
U0139,CP0887,0,0,1,0,3
U0139,CP1044,0,0,1,0,3
U0139,CP1050,1,282,0,0,1
U0139,CP1140,0,0,0,1,5
U0139,CP1181,1,63,0,0,1
U0139,CP1187,1,158,0,0,1
U0139,CP1905,1,174,0,0,1
U0139,CP1959,1,80,0,0,1
U0139,CP1969,1,134,0,0,1
U0139,CP2004,1,13,0,0,1
U0139,CP2237,1,223,0,0,1
U0140,CP0026,0,0,0,1,5
U0140,CP0116,0,0,0,1,5
U0140,CP0650,0,0,0,1,5
U0140,CP0767,1,151,0,0,1
U0140,CP0854,0,0,0,1,5
U0140,CP0925,1,169,0,0,1
U0140,CP1102,1,84,0,0,1
U0140,CP1270,0,0,1,0,3
U0140,CP1372,1,77,0,0,1
U0140,CP1439,1,116,0,0,1
U0140,CP1667,1,131,0,0,1
U0140,CP1748,0,0,1,0,3
U0140,CP2121,0,0,0,1,5
U0140,CP2313,0,0,1,0,3
U0140,CP2392,1,229,0,0,1
U0141,CP0259,0,0,0,1,5
U0141,CP0402,1,152,0,0,1
U0141,CP0437,1,147,0,0,1
U0141,CP0576,1,80,0,0,1
U0141,CP1129,1,145,0,0,1
U0141,CP1345,1,282,0,0,1
U0141,CP1373,0,0,1,0,3
U0141,CP1717,1,56,0,0,1
U0141,CP1744,1,132,0,0,1
U0141,CP1981,1,19,0,0,1
U0141,CP2111,1,232,0,0,1
U0141,CP2164,1,69,0,0,1
U0142,CP0486,1,257,0,0,1
U0142,CP0727,0,0,0,1,5
U0142,CP1028,1,6,0,0,1
U0142,CP1474,1,36,0,0,1
U0142,CP1803,1,160,0,0,1
U0142,CP2352,1,122,0,0,1
U0143,CP0026,1,257,0,0,1
U0143,CP0085,1,64,0,0,1
U0143,CP0392,1,131,0,0,1
U0143,CP0463,1,105,0,0,1
U0143,CP0680,1,161,0,0,1
U0143,CP0715,1,258,0,0,1
U0143,CP0772,1,178,0,0,1
U0143,CP0907,1,119,0,0,1
U0143,CP0971,1,85,0,0,1
U0143,CP1058,1,149,0,0,1
U0143,CP1294,1,288,0,0,1
U0143,CP1675,1,197,0,0,1
U0143,CP1731,1,168,0,0,1
U0143,CP1925,0,0,0,1,5
U0143,CP2135,1,142,0,0,1
U0143,CP2152,1,58,0,0,1
U0143,CP2214,0,0,1,0,3
U0143,CP2254,1,286,0,0,1
U0144,CP0168,1,162,0,0,1
U0144,CP0176,1,85,0,0,1
U0144,CP0449,1,231,0,0,1
U0144,CP0752,1,7,0,0,1
U0144,CP0901,0,0,1,0,3
U0144,CP0915,1,209,0,0,1
U0144,CP0929,1,181,0,0,1
U0144,CP1050,1,32,0,0,1
U0144,CP1081,1,214,0,0,1
U0144,CP1400,0,0,1,0,3
U0144,CP1490,0,0,0,1,5
U0144,CP1491,1,289,0,0,1
U0144,CP1552,0,0,0,1,5
U0144,CP1619,0,0,1,0,3
U0144,CP1672,1,190,0,0,1
U0144,CP1685,1,93,0,0,1
U0144,CP1771,1,86,0,0,1
U0144,CP1943,1,24,0,0,1
U0144,CP1954,1,8,0,0,1
U0144,CP2386,1,172,0,0,1
U0145,CP0615,0,0,0,1,5
U0145,CP0669,1,216,0,0,1
U0145,CP0980,1,230,0,0,1
U0145,CP1018,1,249,0,0,1
U0145,CP1133,1,193,0,0,1
U0145,CP1412,1,103,0,0,1
U0145,CP1456,0,0,0,1,5
U0145,CP1612,1,147,0,0,1
U0145,CP1760,1,70,0,0,1
U0145,CP1795,1,36,0,0,1
U0145,CP1911,0,0,1,0,3
U0145,CP2260,1,149,0,0,1
U0145,CP2294,1,55,0,0,1
U0145,CP2316,0,0,0,1,5
U0145,CP2441,1,109,0,0,1
U0146,CP0388,0,0,1,0,3
U0146,CP0536,0,0,0,1,5
U0146,CP0685,1,249,0,0,1
U0146,CP0789,0,0,0,1,5
U0146,CP0977,1,290,0,0,1
U0146,CP1277,0,0,1,0,3
U0146,CP1384,1,204,0,0,1
U0146,CP1414,1,78,0,0,1
U0146,CP1648,1,289,0,0,1
U0146,CP1727,0,0,1,0,3
U0146,CP1911,1,91,0,0,1
U0146,CP1930,0,0,1,0,3
U0146,CP1944,1,131,0,0,1
U0146,CP2109,1,167,0,0,1
U0146,CP2247,1,162,0,0,1
U0146,CP2310,1,55,0,0,1
U0146,CP2329,1,13,0,0,1
U0147,CP0293,0,0,1,0,3
U0147,CP0838,1,145,0,0,1
U0147,CP1458,0,0,1,0,3
U0147,CP1521,1,114,0,0,1
U0147,CP1573,1,72,0,0,1
U0147,CP1577,1,96,0,0,1
U0147,CP1724,0,0,1,0,3
U0147,CP1954,0,0,1,0,3
U0147,CP1977,1,45,0,0,1
U0147,CP2084,1,187,0,0,1
U0147,CP2104,1,234,0,0,1
U0147,CP2336,1,222,0,0,1
U0148,CP0314,1,241,0,0,1
U0148,CP0333,1,27,0,0,1
U0148,CP0468,1,151,0,0,1
U0148,CP0498,1,175,0,0,1
U0148,CP0600,0,0,1,0,3
U0148,CP0983,1,81,0,0,1
U0148,CP0987,1,18,0,0,1
U0148,CP1024,1,220,0,0,1
U0148,CP1277,1,145,0,0,1
U0148,CP1283,1,170,0,0,1
U0148,CP1842,1,260,0,0,1
U0148,CP1865,1,151,0,0,1
U0148,CP1877,1,129,0,0,1
U0148,CP1928,1,91,0,0,1
U0148,CP2062,1,259,0,0,1
U0148,CP2179,1,225,0,0,1
U0148,CP2187,0,0,0,1,5
U0148,CP2350,1,163,0,0,1
U0149,CP0100,0,0,0,1,5
U0149,CP0204,0,0,0,1,5
U0149,CP0380,1,102,0,0,1
U0149,CP0404,0,0,0,1,5
U0149,CP0444,1,174,0,0,1
U0149,CP0532,1,34,0,0,1
U0149,CP0942,0,0,1,0,3
U0149,CP1487,1,75,0,0,1
U0149,CP1627,1,77,0,0,1
U0149,CP1675,1,245,0,0,1
U0149,CP1693,0,0,1,0,3
U0149,CP1879,0,0,1,0,3
U0149,CP1937,1,184,0,0,1
U0149,CP2302,1,144,0,0,1
U0150,CP0117,0,0,1,0,3
U0150,CP0212,1,241,0,0,1
U0150,CP0215,1,102,0,0,1
U0150,CP0322,0,0,1,0,3
U0150,CP0325,0,0,1,0,3
U0150,CP0450,0,0,0,1,5
U0150,CP0608,1,105,0,0,1
U0150,CP0709,0,0,0,1,5
U0150,CP0862,1,191,0,0,1
U0150,CP0904,0,0,1,0,3
U0150,CP0962,1,264,0,0,1
U0150,CP1195,1,265,0,0,1
U0150,CP1424,0,0,0,1,5
U0150,CP1615,0,0,1,0,3
U0150,CP1996,1,89,0,0,1
U0150,CP2052,1,191,0,0,1
U0150,CP2111,1,65,0,0,1
U0150,CP2217,0,0,1,0,3
U0151,CP0161,1,173,0,0,1
U0151,CP0323,1,163,0,0,1
U0151,CP0339,1,140,0,0,1
U0151,CP0369,0,0,0,1,5
U0151,CP0614,1,232,0,0,1
U0151,CP0700,1,189,0,0,1
U0151,CP0760,1,166,0,0,1
U0151,CP0932,1,269,0,0,1
U0151,CP1256,1,147,0,0,1
U0151,CP1396,1,75,0,0,1
U0151,CP1556,1,97,0,0,1
U0151,CP1569,0,0,0,1,5
U0151,CP2280,1,215,0,0,1
U0151,CP2381,1,103,0,0,1
U0151,CP2498,1,198,0,0,1
U0152,CP0285,1,198,0,0,1
U0152,CP0369,1,136,0,0,1
U0152,CP0595,1,35,0,0,1
U0152,CP0747,1,112,0,0,1
U0152,CP1222,0,0,0,1,5
U0152,CP1637,1,167,0,0,1
U0152,CP1825,1,152,0,0,1
U0152,CP1936,1,71,0,0,1
U0152,CP2278,0,0,1,0,3
U0152,CP2470,1,53,0,0,1
U0152,CP2481,0,0,1,0,3
U0153,CP0018,0,0,0,1,5
U0153,CP0027,0,0,0,1,5
U0153,CP0190,0,0,1,0,3
U0153,CP0241,1,249,0,0,1
U0153,CP0437,0,0,1,0,3
U0153,CP0556,0,0,0,1,5
U0153,CP0559,1,138,0,0,1
U0153,CP0645,1,156,0,0,1
U0153,CP1124,1,181,0,0,1
U0153,CP1434,1,230,0,0,1
U0153,CP1915,1,106,0,0,1
U0153,CP2032,0,0,1,0,3
U0153,CP2117,1,247,0,0,1
U0153,CP2331,0,0,0,1,5
U0153,CP2439,1,136,0,0,1
U0154,CP0054,0,0,1,0,3
U0154,CP0255,1,277,0,0,1
U0154,CP0291,0,0,1,0,3
U0154,CP0305,1,164,0,0,1
U0154,CP0709,0,0,0,1,5
U0154,CP1117,1,82,0,0,1
U0154,CP1483,1,142,0,0,1
U0154,CP1505,1,84,0,0,1
U0154,CP1823,1,105,0,0,1
U0154,CP1985,1,215,0,0,1
U0154,CP2180,0,0,0,1,5
U0154,CP2375,1,15,0,0,1
U0154,CP2418,1,52,0,0,1
U0155,CP0042,1,61,0,0,1
U0155,CP0139,1,71,0,0,1
U0155,CP0222,0,0,1,0,3
U0155,CP0581,0,0,0,1,5
U0155,CP1134,0,0,1,0,3
U0155,CP1183,0,0,0,1,5
U0155,CP1248,1,35,0,0,1
U0155,CP1300,1,272,0,0,1
U0155,CP1513,1,231,0,0,1
U0155,CP2010,0,0,1,0,3
U0155,CP2136,1,113,0,0,1
U0155,CP2201,0,0,1,0,3
U0155,CP2221,1,208,0,0,1
U0156,CP0030,1,173,0,0,1
U0156,CP0112,1,211,0,0,1
U0156,CP0417,0,0,1,0,3
U0156,CP0448,1,103,0,0,1
U0156,CP0964,1,296,0,0,1
U0156,CP1217,1,157,0,0,1
U0156,CP1254,1,113,0,0,1
U0156,CP1487,1,266,0,0,1
U0156,CP1532,0,0,1,0,3
U0156,CP1853,1,168,0,0,1
U0156,CP1945,0,0,1,0,3
U0156,CP2013,1,79,0,0,1
U0157,CP0022,0,0,1,0,3
U0157,CP0051,0,0,1,0,3
U0157,CP0106,1,36,0,0,1
U0157,CP0473,0,0,1,0,3
U0157,CP0985,0,0,1,0,3
U0157,CP1037,1,110,0,0,1
U0157,CP1305,1,163,0,0,1
U0157,CP1380,1,231,0,0,1
U0157,CP1520,1,103,0,0,1
U0157,CP1597,0,0,0,1,5
U0157,CP1723,1,253,0,0,1
U0157,CP1928,1,166,0,0,1
U0157,CP2400,1,295,0,0,1
U0158,CP0100,1,86,0,0,1
U0158,CP0259,1,130,0,0,1
U0158,CP0347,1,294,0,0,1
U0158,CP0356,1,178,0,0,1
U0158,CP0885,0,0,1,0,3
U0158,CP1881,1,100,0,0,1
U0158,CP1883,1,221,0,0,1
U0158,CP2046,0,0,1,0,3
U0158,CP2122,1,96,0,0,1
U0159,CP0043,0,0,0,1,5
U0159,CP0127,1,172,0,0,1
U0159,CP0136,1,241,0,0,1
U0159,CP0934,1,143,0,0,1
U0159,CP1228,1,142,0,0,1
U0159,CP1581,1,105,0,0,1
U0159,CP1642,1,34,0,0,1
U0159,CP1730,1,117,0,0,1
U0159,CP1892,0,0,1,0,3
U0159,CP1997,1,58,0,0,1
U0159,CP2117,1,154,0,0,1
U0159,CP2207,1,239,0,0,1
U0159,CP2487,1,128,0,0,1
U0160,CP0257,1,230,0,0,1
U0160,CP0296,0,0,1,0,3
U0160,CP0298,1,271,0,0,1
U0160,CP0319,1,39,0,0,1
U0160,CP0496,1,170,0,0,1
U0160,CP0712,1,218,0,0,1
U0160,CP0880,1,142,0,0,1
U0160,CP0882,0,0,0,1,5
U0160,CP0934,0,0,1,0,3
U0160,CP1277,0,0,1,0,3
U0160,CP1428,1,274,0,0,1
U0160,CP1789,1,143,0,0,1
U0160,CP1945,1,105,0,0,1
U0160,CP2088,0,0,0,1,5
U0160,CP2137,0,0,1,0,3
U0160,CP2169,1,244,0,0,1
U0160,CP2206,1,20,0,0,1
U0160,CP2235,0,0,0,1,5
U0160,CP2361,1,198,0,0,1
U0160,CP2386,0,0,1,0,3
U0160,CP2497,0,0,1,0,3
U0160,CP2498,0,0,1,0,3
U0161,CP0196,1,99,0,0,1
U0161,CP0749,1,56,0,0,1
U0161,CP0819,1,297,0,0,1
U0161,CP0849,1,49,0,0,1
U0161,CP0916,1,174,0,0,1
U0161,CP0999,1,103,0,0,1
U0161,CP1065,1,121,0,0,1
U0161,CP1228,0,0,1,0,3
U0161,CP1315,1,280,0,0,1
U0161,CP1389,1,212,0,0,1
U0161,CP1548,0,0,0,1,5
U0161,CP1696,1,63,0,0,1
U0161,CP2208,0,0,1,0,3
U0162,CP0012,1,169,0,0,1
U0162,CP0443,1,228,0,0,1
U0162,CP0447,0,0,0,1,5
U0162,CP1408,1,81,0,0,1
U0162,CP1658,0,0,0,1,5
U0162,CP2020,1,42,0,0,1
U0162,CP2192,1,198,0,0,1
U0162,CP2354,1,95,0,0,1
U0162,CP2467,1,264,0,0,1
U0163,CP0071,1,17,0,0,1
U0163,CP0123,1,112,0,0,1
U0163,CP0334,0,0,0,1,5
U0163,CP0347,0,0,1,0,3
U0163,CP0612,0,0,1,0,3
U0163,CP0684,1,217,0,0,1
U0163,CP0944,1,213,0,0,1
U0163,CP1081,1,74,0,0,1
U0163,CP1279,1,92,0,0,1
U0163,CP1622,0,0,1,0,3
U0163,CP1702,1,172,0,0,1
U0163,CP1906,1,28,0,0,1
U0163,CP1935,1,9,0,0,1
U0163,CP2177,1,264,0,0,1
U0163,CP2464,1,123,0,0,1
U0164,CP0044,1,291,0,0,1
U0164,CP0352,1,255,0,0,1
U0164,CP0623,0,0,1,0,3
U0164,CP0662,0,0,0,1,5
U0164,CP0742,1,250,0,0,1
U0164,CP0792,0,0,0,1,5
U0164,CP0927,0,0,1,0,3
U0164,CP1012,0,0,0,1,5
U0164,CP1117,1,120,0,0,1
U0164,CP1175,1,63,0,0,1
U0164,CP1233,0,0,1,0,3
U0164,CP1307,1,12,0,0,1
U0164,CP1458,1,178,0,0,1
U0164,CP1610,1,95,0,0,1
U0164,CP1617,1,116,0,0,1
U0164,CP1653,1,216,0,0,1
U0164,CP2048,1,57,0,0,1
U0164,CP2170,1,60,0,0,1
U0164,CP2356,1,18,0,0,1
U0164,CP2378,0,0,0,1,5
U0165,CP0450,1,183,0,0,1
U0165,CP0482,1,192,0,0,1
U0165,CP0511,1,255,0,0,1
U0165,CP0640,1,162,0,0,1
U0165,CP0741,0,0,0,1,5
U0165,CP0828,0,0,1,0,3
U0165,CP0835,1,89,0,0,1
U0165,CP1077,1,196,0,0,1
U0165,CP1142,0,0,1,0,3
U0165,CP1146,1,111,0,0,1
U0165,CP1329,0,0,1,0,3
U0165,CP1353,0,0,1,0,3
U0165,CP1534,1,92,0,0,1
U0165,CP1674,1,32,0,0,1
U0165,CP1923,0,0,1,0,3
U0165,CP2080,1,71,0,0,1
U0165,CP2274,1,192,0,0,1
U0166,CP0034,1,189,0,0,1
U0166,CP0155,1,258,0,0,1
U0166,CP0233,1,64,0,0,1
U0166,CP0611,1,207,0,0,1
U0166,CP0888,0,0,0,1,5
U0166,CP1480,1,45,0,0,1
U0166,CP1574,1,17,0,0,1
U0166,CP1613,1,249,0,0,1
U0166,CP1801,0,0,0,1,5
U0166,CP2020,0,0,0,1,5
U0166,CP2110,1,173,0,0,1
U0166,CP2212,1,268,0,0,1
U0166,CP2324,1,297,0,0,1
U0166,CP2401,1,60,0,0,1
U0166,CP2439,0,0,0,1,5
U0167,CP0087,1,128,0,0,1
U0167,CP0147,0,0,0,1,5
U0167,CP0262,1,147,0,0,1
U0167,CP0375,0,0,0,1,5
U0167,CP0419,0,0,1,0,3
U0167,CP0564,1,223,0,0,1
U0167,CP0625,1,295,0,0,1
U0167,CP0704,1,50,0,0,1
U0167,CP0735,1,5,0,0,1
U0167,CP0748,0,0,0,1,5
U0167,CP0838,1,146,0,0,1
U0167,CP0868,1,71,0,0,1
U0167,CP0913,0,0,1,0,3
U0167,CP0989,0,0,1,0,3
U0167,CP0997,0,0,1,0,3
U0167,CP1191,1,74,0,0,1
U0167,CP1198,1,249,0,0,1
U0167,CP1827,1,156,0,0,1
U0167,CP1828,1,54,0,0,1
U0167,CP2310,1,88,0,0,1
U0167,CP2379,1,65,0,0,1
U0167,CP2468,1,40,0,0,1
U0168,CP0148,1,146,0,0,1
U0168,CP0352,1,131,0,0,1
U0168,CP0429,1,245,0,0,1
U0168,CP0538,0,0,1,0,3
U0168,CP0547,0,0,0,1,5
U0168,CP0643,1,100,0,0,1
U0168,CP1548,0,0,1,0,3
U0168,CP1630,1,142,0,0,1
U0168,CP1654,1,135,0,0,1
U0168,CP1735,1,91,0,0,1
U0168,CP2106,1,79,0,0,1
U0168,CP2388,1,108,0,0,1
U0168,CP2427,1,212,0,0,1
U0168,CP2441,1,154,0,0,1
U0169,CP0182,1,180,0,0,1
U0169,CP0320,0,0,1,0,3
U0169,CP0330,0,0,1,0,3
U0169,CP0404,1,61,0,0,1
U0169,CP0427,1,135,0,0,1
U0169,CP0644,1,244,0,0,1
U0169,CP0769,1,27,0,0,1
U0169,CP0942,0,0,1,0,3
U0169,CP1068,1,73,0,0,1
U0169,CP1224,1,112,0,0,1
U0169,CP1599,1,260,0,0,1
U0169,CP1796,1,119,0,0,1
U0169,CP1850,1,72,0,0,1
U0169,CP1986,1,248,0,0,1
U0169,CP2207,0,0,1,0,3
U0169,CP2465,1,162,0,0,1
U0170,CP0023,1,35,0,0,1
U0170,CP0044,1,169,0,0,1
U0170,CP0311,0,0,1,0,3
U0170,CP0445,0,0,1,0,3
U0170,CP0618,1,189,0,0,1
U0170,CP1030,0,0,1,0,3
U0170,CP1453,0,0,0,1,5
U0170,CP1801,1,25,0,0,1
U0170,CP1804,0,0,1,0,3
U0170,CP2075,0,0,0,1,5
U0170,CP2085,1,290,0,0,1
U0170,CP2136,1,109,0,0,1
U0170,CP2408,1,193,0,0,1
U0171,CP0079,1,233,0,0,1
U0171,CP0153,1,125,0,0,1
U0171,CP0252,1,295,0,0,1
U0171,CP0528,1,120,0,0,1
U0171,CP0874,0,0,1,0,3
U0171,CP0959,0,0,1,0,3
U0171,CP1113,0,0,0,1,5
U0171,CP1522,1,25,0,0,1
U0171,CP1530,1,280,0,0,1
U0171,CP1690,1,182,0,0,1
U0171,CP1791,1,264,0,0,1
U0171,CP2171,1,283,0,0,1
U0171,CP2204,1,161,0,0,1
U0172,CP0182,1,151,0,0,1
U0172,CP0452,1,19,0,0,1
U0172,CP0495,1,298,0,0,1
U0172,CP0571,0,0,1,0,3
U0172,CP0826,1,188,0,0,1
U0172,CP1105,1,254,0,0,1
U0172,CP1244,1,164,0,0,1
U0172,CP1324,1,46,0,0,1
U0172,CP1685,1,20,0,0,1
U0172,CP1795,1,122,0,0,1
U0172,CP1833,0,0,1,0,3
U0172,CP1878,1,47,0,0,1
U0172,CP2058,0,0,0,1,5
U0172,CP2072,0,0,1,0,3
U0172,CP2094,1,249,0,0,1
U0172,CP2149,0,0,1,0,3
U0172,CP2211,0,0,1,0,3
U0173,CP0012,1,271,0,0,1
U0173,CP0240,0,0,1,0,3
U0173,CP0355,1,224,0,0,1
U0173,CP0374,1,187,0,0,1
U0173,CP0464,1,172,0,0,1
U0173,CP0701,1,229,0,0,1
U0173,CP0729,1,196,0,0,1
U0173,CP0785,1,70,0,0,1
U0173,CP0893,1,156,0,0,1
U0173,CP1182,0,0,0,1,5
U0173,CP1212,0,0,0,1,5
U0173,CP1344,0,0,0,1,5
U0173,CP1380,1,204,0,0,1
U0173,CP1456,1,217,0,0,1
U0173,CP2061,0,0,1,0,3
U0173,CP2114,1,279,0,0,1
U0173,CP2143,1,186,0,0,1
U0173,CP2309,0,0,0,1,5
U0174,CP0125,1,50,0,0,1
U0174,CP0200,1,285,0,0,1
U0174,CP0281,1,7,0,0,1
U0174,CP0575,1,187,0,0,1
U0174,CP0658,1,84,0,0,1
U0174,CP0798,1,54,0,0,1
U0174,CP0880,0,0,0,1,5
U0174,CP0937,1,248,0,0,1
U0174,CP0989,1,21,0,0,1
U0174,CP1074,1,180,0,0,1
U0174,CP1274,1,24,0,0,1
U0174,CP1382,0,0,0,1,5
U0174,CP1439,0,0,1,0,3
U0174,CP1543,1,179,0,0,1
U0174,CP1883,1,106,0,0,1
U0174,CP1931,1,52,0,0,1
U0174,CP2087,1,197,0,0,1
U0174,CP2230,1,212,0,0,1
U0175,CP0096,0,0,0,1,5
U0175,CP0260,1,239,0,0,1
U0175,CP0292,0,0,0,1,5
U0175,CP0305,1,201,0,0,1
U0175,CP0945,1,67,0,0,1
U0175,CP0989,1,32,0,0,1
U0175,CP1022,1,151,0,0,1
U0175,CP1101,1,91,0,0,1
U0175,CP1449,1,258,0,0,1
U0175,CP1462,0,0,0,1,5
U0175,CP1719,1,168,0,0,1
U0175,CP1833,0,0,0,1,5
U0175,CP1976,1,265,0,0,1
U0175,CP2201,0,0,0,1,5
U0175,CP2424,1,51,0,0,1
U0176,CP0157,0,0,1,0,3
U0176,CP0207,1,295,0,0,1
U0176,CP0272,1,111,0,0,1
U0176,CP0707,1,240,0,0,1
U0176,CP0869,0,0,1,0,3
U0176,CP0936,0,0,1,0,3
U0176,CP1376,0,0,1,0,3
U0176,CP1490,1,293,0,0,1
U0176,CP1795,1,20,0,0,1
U0176,CP1985,1,154,0,0,1
U0176,CP2079,0,0,1,0,3
U0176,CP2204,1,44,0,0,1
U0176,CP2252,0,0,1,0,3
U0176,CP2325,0,0,1,0,3
U0176,CP2363,1,62,0,0,1
U0176,CP2404,1,93,0,0,1
U0177,CP0243,1,99,0,0,1
U0177,CP0295,1,211,0,0,1
U0177,CP0390,0,0,0,1,5
U0177,CP0397,0,0,1,0,3
U0177,CP0689,0,0,1,0,3
U0177,CP0825,1,250,0,0,1
U0177,CP0851,1,191,0,0,1
U0177,CP0887,1,30,0,0,1
U0177,CP1011,1,236,0,0,1
U0177,CP1290,1,99,0,0,1
U0177,CP1357,1,18,0,0,1
U0177,CP1531,1,261,1,0,4
U0177,CP1766,1,60,0,0,1
U0177,CP1823,0,0,0,1,5
U0177,CP1871,1,224,0,0,1
U0177,CP1954,1,120,0,0,1
U0177,CP1967,1,165,0,0,1
U0177,CP1973,1,228,0,0,1
U0177,CP2270,1,295,0,0,1
U0178,CP0012,1,293,0,0,1
U0178,CP0279,0,0,0,1,5
U0178,CP0468,1,143,0,0,1
U0178,CP0592,1,271,0,0,1
U0178,CP0723,1,259,0,0,1
U0178,CP0829,1,153,0,0,1
U0178,CP0954,1,72,0,0,1
U0178,CP0961,0,0,1,0,3
U0178,CP1221,0,0,0,1,5
U0178,CP1568,0,0,1,0,3
U0178,CP1669,1,229,0,0,1
U0178,CP2122,0,0,1,0,3
U0178,CP2213,1,257,0,0,1
U0179,CP0059,1,128,0,0,1
U0179,CP0086,1,189,0,0,1
U0179,CP0424,1,203,0,0,1
U0179,CP0455,1,7,0,0,1
U0179,CP0527,1,269,0,0,1
U0179,CP0653,0,0,1,0,3
U0179,CP0740,1,132,0,0,1
U0179,CP0976,1,168,0,0,1
U0179,CP1196,1,99,0,0,1
U0179,CP1383,1,233,0,0,1
U0179,CP1557,1,125,0,0,1
U0179,CP1705,0,0,0,1,5
U0179,CP1784,1,38,0,0,1
U0179,CP1949,1,208,0,0,1
U0179,CP2310,1,36,0,0,1
U0179,CP2362,0,0,0,1,5
U0179,CP2382,0,0,1,0,3
U0180,CP0277,0,0,0,1,5
U0180,CP0343,1,124,0,0,1
U0180,CP0495,1,171,0,0,1
U0180,CP0504,0,0,1,0,3
U0180,CP1077,0,0,0,1,5
U0180,CP1459,0,0,0,1,5
U0180,CP1519,1,156,0,0,1
U0180,CP1584,0,0,0,1,5
U0180,CP1684,0,0,1,0,3
U0180,CP1707,0,0,0,1,5
U0180,CP1984,1,222,0,0,1
U0180,CP2051,1,187,0,0,1
U0180,CP2485,1,281,0,0,1
U0181,CP0231,1,62,0,0,1
U0181,CP0259,1,105,0,0,1
U0181,CP0712,0,0,0,1,5
U0181,CP0780,1,277,0,0,1
U0181,CP0959,0,0,1,0,3
U0181,CP1070,1,140,0,0,1
U0181,CP1300,0,0,1,0,3
U0181,CP1322,0,0,1,0,3
U0181,CP1769,1,283,0,0,1
U0181,CP1823,1,276,0,0,1
U0181,CP1894,0,0,1,0,3
U0181,CP1916,0,0,1,0,3
U0181,CP2206,1,74,0,0,1
U0182,CP0091,1,19,0,0,1
U0182,CP0144,0,0,0,1,5
U0182,CP0196,1,291,0,0,1
U0182,CP0321,1,201,0,0,1
U0182,CP0392,0,0,0,1,5
U0182,CP0591,0,0,1,0,3
U0182,CP0907,1,251,0,0,1
U0182,CP0997,1,87,0,0,1
U0182,CP1009,1,169,0,0,1
U0182,CP1423,0,0,1,0,3
U0182,CP1464,1,101,0,0,1
U0182,CP1624,0,0,0,1,5
U0182,CP1631,1,166,0,0,1
U0182,CP1682,1,160,0,0,1
U0182,CP1862,1,33,0,0,1
U0182,CP2024,0,0,0,1,5
U0182,CP2288,1,81,0,0,1
U0183,CP0105,0,0,0,1,5
U0183,CP0375,1,262,0,0,1
U0183,CP0399,1,296,0,0,1
U0183,CP0469,1,225,0,0,1
U0183,CP0589,1,274,0,0,1
U0183,CP0841,1,104,0,0,1
U0183,CP0862,1,96,0,0,1
U0183,CP1361,1,73,0,0,1
U0183,CP1806,1,203,0,0,1
U0183,CP2073,1,245,0,0,1
U0183,CP2087,0,0,1,0,3
U0183,CP2132,1,173,0,0,1
U0183,CP2165,1,199,0,0,1
U0183,CP2429,1,163,0,0,1
U0184,CP0138,1,213,0,0,1
U0184,CP0191,1,185,0,0,1
U0184,CP0194,1,201,0,0,1
U0184,CP0255,1,120,0,0,1
U0184,CP0336,0,0,1,0,3
U0184,CP0923,0,0,0,1,5
U0184,CP1064,0,0,1,0,3
U0184,CP1170,0,0,1,0,3
U0184,CP1310,0,0,1,0,3
U0184,CP1680,0,0,0,1,5
U0184,CP1886,1,175,0,0,1
U0184,CP1951,1,228,0,0,1
U0184,CP2011,1,40,0,0,1
U0184,CP2236,0,0,1,0,3
U0184,CP2456,1,167,0,0,1
U0185,CP0180,1,163,0,0,1
U0185,CP0197,1,23,0,0,1
U0185,CP0208,1,62,0,0,1
U0185,CP0299,1,194,0,0,1
U0185,CP0309,0,0,0,1,5
U0185,CP0535,0,0,1,0,3
U0185,CP0592,1,262,0,0,1
U0185,CP0769,0,0,0,1,5
U0185,CP1316,1,222,0,0,1
U0185,CP1467,1,126,0,0,1
U0185,CP1510,0,0,0,1,5
U0185,CP1756,1,194,0,0,1
U0185,CP1895,1,280,0,0,1
U0185,CP1944,1,43,0,0,1
U0185,CP2047,1,47,0,0,1
U0185,CP2104,0,0,1,0,3
U0185,CP2193,0,0,1,0,3
U0185,CP2303,1,16,0,0,1
U0185,CP2476,1,28,0,0,1
U0186,CP0200,1,201,0,0,1
U0186,CP0309,1,47,0,0,1
U0186,CP0396,1,207,0,0,1
U0186,CP0460,1,136,0,0,1
U0186,CP0541,0,0,0,1,5
U0186,CP0649,1,95,0,0,1
U0186,CP1592,1,237,0,0,1
U0186,CP1678,0,0,1,0,3
U0186,CP2075,0,0,0,1,5
U0186,CP2175,1,21,0,0,1
U0186,CP2230,0,0,0,1,5
U0186,CP2263,0,0,0,1,5
U0186,CP2306,1,146,0,0,1
U0186,CP2323,0,0,1,0,3
U0187,CP0190,1,76,0,0,1
U0187,CP0214,0,0,1,0,3
U0187,CP0641,1,23,0,0,1
U0187,CP0677,1,142,0,0,1
U0187,CP0716,0,0,1,0,3
U0187,CP1362,0,0,1,0,3
U0187,CP1495,1,248,0,0,1
U0187,CP2378,1,186,0,0,1
U0188,CP0179,1,164,0,0,1
U0188,CP0360,1,146,0,0,1
U0188,CP0430,1,12,0,0,1
U0188,CP0554,1,283,0,0,1
U0188,CP0947,1,137,0,0,1
U0188,CP1103,1,183,0,0,1
U0188,CP1108,0,0,0,1,5
U0188,CP1184,1,277,0,0,1
U0188,CP1458,0,0,1,0,3
U0188,CP1466,1,127,0,0,1
U0188,CP1500,1,88,0,0,1
U0188,CP1525,1,277,0,0,1
U0188,CP1826,1,232,0,0,1
U0188,CP2031,1,44,0,0,1
U0188,CP2069,1,133,0,0,1
U0188,CP2165,0,0,1,0,3
U0188,CP2175,1,247,0,0,1
U0188,CP2319,1,153,0,0,1
U0188,CP2400,0,0,1,0,3
U0188,CP2442,0,0,1,0,3
U0188,CP2468,1,278,0,0,1
U0189,CP0011,1,183,0,0,1
U0189,CP0415,0,0,0,1,5
U0189,CP0459,0,0,1,0,3
U0189,CP0466,1,7,0,0,1
U0189,CP0530,1,226,0,0,1
U0189,CP0595,0,0,0,1,5
U0189,CP0915,0,0,0,1,5
U0189,CP1031,1,225,0,0,1
U0189,CP1110,0,0,0,1,5
U0189,CP1124,0,0,0,1,5
U0189,CP1156,1,149,0,0,1
U0189,CP1176,1,252,0,0,1
U0189,CP1240,1,14,0,0,1
U0189,CP1598,1,261,0,0,1
U0189,CP1599,1,130,0,0,1
U0189,CP1647,1,36,0,0,1
U0189,CP1879,1,233,0,0,1
U0189,CP1929,1,260,0,0,1
U0189,CP2135,0,0,0,1,5
U0189,CP2279,1,43,0,0,1
U0189,CP2309,0,0,0,1,5
U0190,CP0268,0,0,1,0,3
U0190,CP0479,0,0,1,0,3
U0190,CP0721,0,0,0,1,5
U0190,CP0760,1,138,0,0,1
U0190,CP0811,1,235,0,0,1
U0190,CP0857,1,45,0,0,1
U0190,CP1032,1,137,0,0,1
U0190,CP1092,0,0,0,1,5
U0190,CP1302,0,0,0,1,5
U0190,CP1450,1,110,0,0,1
U0190,CP1571,1,46,0,0,1
U0190,CP1799,1,62,0,0,1
U0190,CP1817,1,55,0,0,1
U0190,CP2041,1,240,0,0,1
U0190,CP2296,1,284,0,0,1
U0191,CP0022,1,149,0,0,1
U0191,CP0053,1,26,0,0,1
U0191,CP0567,0,0,1,0,3
U0191,CP0625,0,0,1,0,3
U0191,CP0676,0,0,1,0,3
U0191,CP0861,0,0,1,0,3
U0191,CP1100,0,0,0,1,5
U0191,CP1131,1,15,0,0,1
U0191,CP1173,1,23,0,0,1
U0191,CP1313,1,220,0,0,1
U0191,CP1576,1,231,0,0,1
U0191,CP1631,1,234,0,0,1
U0191,CP1724,1,193,0,0,1
U0191,CP2037,1,288,0,0,1
U0191,CP2174,1,22,0,0,1
U0192,CP0005,1,182,0,0,1
U0192,CP0078,1,220,0,0,1
U0192,CP0193,1,58,0,0,1
U0192,CP0447,0,0,0,1,5
U0192,CP0614,0,0,0,1,5
U0192,CP0889,1,68,0,0,1
U0192,CP2378,0,0,1,0,3
U0192,CP2400,1,165,0,0,1
U0193,CP0350,0,0,1,0,3
U0193,CP0568,0,0,1,0,3
U0193,CP0713,0,0,1,0,3
U0193,CP0790,1,73,0,0,1
U0193,CP1426,1,272,0,0,1
U0193,CP1707,0,0,0,1,5
U0193,CP1805,1,237,0,0,1
U0193,CP2088,0,0,0,1,5
U0193,CP2116,1,211,0,0,1
U0193,CP2229,1,150,0,0,1
U0193,CP2452,1,217,0,0,1
U0194,CP0152,1,267,0,0,1
U0194,CP0206,1,268,0,0,1
U0194,CP0709,0,0,1,0,3
U0194,CP1126,1,297,0,0,1
U0194,CP1246,1,194,0,0,1
U0194,CP1410,1,189,0,0,1
U0194,CP1573,0,0,1,0,3
U0194,CP1941,1,125,0,0,1
U0194,CP2047,1,28,0,0,1
U0194,CP2265,1,261,0,0,1
U0194,CP2435,1,64,0,0,1
U0195,CP0198,1,36,0,0,1
U0195,CP0212,1,284,0,0,1
U0195,CP0228,0,0,1,0,3
U0195,CP0463,0,0,1,0,3
U0195,CP0597,0,0,0,1,5
U0195,CP0627,1,230,0,0,1
U0195,CP0678,1,200,0,0,1
U0195,CP0767,1,182,0,0,1
U0195,CP0799,0,0,0,1,5
U0195,CP0915,0,0,1,0,3
U0195,CP0949,1,236,0,0,1
U0195,CP1064,1,67,0,0,1
U0195,CP1636,1,298,0,0,1
U0195,CP1744,0,0,0,1,5
U0195,CP2228,0,0,0,1,5
U0195,CP2432,1,149,0,0,1
U0195,CP2479,1,107,0,0,1
U0196,CP0030,1,234,0,0,1
U0196,CP0056,1,266,0,0,1
U0196,CP0597,1,198,0,0,1
U0196,CP0804,1,194,0,0,1
U0196,CP0819,1,267,0,0,1
U0196,CP1336,1,139,0,0,1
U0196,CP1371,1,223,0,0,1
U0196,CP1410,1,237,0,0,1
U0196,CP1644,1,292,0,0,1
U0196,CP1758,1,266,0,0,1
U0196,CP1924,1,70,0,0,1
U0196,CP1990,0,0,1,0,3
U0196,CP2163,1,163,0,0,1
U0197,CP0191,0,0,1,0,3
U0197,CP0879,1,238,0,0,1
U0197,CP0965,0,0,0,1,5
U0197,CP1131,1,245,0,0,1
U0197,CP1258,1,273,0,0,1
U0197,CP1259,0,0,1,0,3
U0197,CP1311,1,156,0,0,1
U0197,CP1516,0,0,0,1,5
U0197,CP2045,0,0,1,0,3
U0197,CP2249,1,244,0,0,1
U0197,CP2498,1,101,0,0,1
U0198,CP0017,1,171,0,0,1
U0198,CP0344,1,88,0,0,1
U0198,CP0354,1,78,0,0,1
U0198,CP0443,0,0,1,0,3
U0198,CP0657,1,124,0,0,1
U0198,CP0871,0,0,1,0,3
U0198,CP0974,1,175,0,0,1
U0198,CP1057,1,137,0,0,1
U0198,CP1361,1,294,0,0,1
U0198,CP1386,1,186,0,0,1
U0198,CP1420,0,0,1,0,3
U0198,CP1684,1,246,0,0,1
U0198,CP1851,1,32,0,0,1
U0198,CP2165,1,156,0,0,1
U0198,CP2182,0,0,1,0,3
U0198,CP2205,1,291,0,0,1
U0198,CP2243,1,54,0,0,1
U0198,CP2286,1,281,0,0,1
U0199,CP0428,1,23,0,0,1
U0199,CP0513,1,270,0,0,1
U0199,CP0888,1,115,0,0,1
U0199,CP0923,1,19,0,0,1
U0199,CP0952,1,145,0,0,1
U0199,CP1110,0,0,1,0,3
U0199,CP1372,1,170,0,0,1
U0199,CP1420,1,147,0,0,1
U0199,CP1581,1,119,0,0,1
U0199,CP1701,1,225,0,0,1
U0199,CP1709,1,87,0,0,1
U0199,CP1775,0,0,1,0,3
U0199,CP1905,0,0,1,0,3
U0199,CP2216,0,0,0,1,5
U0199,CP2243,1,288,0,0,1
U0199,CP2282,1,72,0,0,1
U0199,CP2420,1,261,0,0,1
U0200,CP0199,0,0,1,0,3
U0200,CP0243,1,69,0,0,1
U0200,CP0279,1,97,0,0,1
U0200,CP0328,0,0,1,0,3
U0200,CP0483,1,125,0,0,1
U0200,CP0791,1,175,0,0,1
U0200,CP0887,1,137,0,0,1
U0200,CP1374,0,0,1,0,3
U0200,CP1529,0,0,0,1,5
U0200,CP1577,1,13,0,0,1
U0200,CP1630,0,0,0,1,5
U0200,CP1649,0,0,1,0,3
U0200,CP1719,1,53,0,0,1
U0200,CP1753,1,151,0,0,1
U0200,CP1786,1,109,0,0,1
U0200,CP1891,1,186,1,0,4
U0200,CP1964,1,202,0,0,1
U0200,CP2117,1,263,0,0,1
U0200,CP2318,1,270,0,0,1
U0200,CP2377,1,269,0,0,1
U0201,CP0032,1,98,0,0,1
U0201,CP0137,0,0,1,0,3
U0201,CP0179,1,212,0,0,1
U0201,CP0211,0,0,0,1,5
U0201,CP0411,1,254,0,0,1
U0201,CP0509,0,0,0,1,5
U0201,CP0581,1,254,0,0,1
U0201,CP0599,0,0,1,0,3
U0201,CP0791,1,39,0,0,1
U0201,CP0886,1,275,0,0,1
U0201,CP1524,1,237,0,0,1
U0201,CP1602,1,257,0,0,1
U0201,CP1805,1,245,0,0,1
U0201,CP1840,1,94,0,0,1
U0201,CP1853,1,116,0,0,1
U0201,CP1934,0,0,1,0,3
U0201,CP2131,1,282,0,0,1
U0201,CP2323,0,0,0,1,5
U0201,CP2500,1,146,0,0,1
U0202,CP0069,1,289,0,0,1
U0202,CP0132,0,0,1,0,3
U0202,CP0147,1,35,1,0,4
U0202,CP0243,1,166,0,0,1
U0202,CP0817,1,242,0,0,1
U0202,CP1222,1,119,0,0,1
U0202,CP1254,1,196,0,0,1
U0202,CP1264,1,53,0,0,1
U0202,CP1610,1,259,0,0,1
U0202,CP2121,0,0,0,1,5
U0203,CP0490,0,0,1,0,3
U0203,CP0641,1,100,0,0,1
U0203,CP0660,0,0,1,0,3
U0203,CP0722,1,175,0,0,1
U0203,CP0754,0,0,0,1,5
U0203,CP1106,0,0,0,1,5
U0203,CP1153,1,189,0,0,1
U0203,CP1536,1,226,0,0,1
U0203,CP1741,1,166,0,0,1
U0203,CP2112,1,167,0,0,1
U0203,CP2411,0,0,1,0,3
U0204,CP0026,0,0,1,0,3
U0204,CP0451,0,0,1,0,3
U0204,CP0486,1,11,0,0,1
U0204,CP0893,1,267,0,0,1
U0204,CP1025,1,41,0,0,1
U0204,CP1109,1,25,0,0,1
U0204,CP1305,1,252,0,0,1
U0204,CP1495,0,0,1,0,3
U0204,CP1501,1,295,0,0,1
U0204,CP1808,0,0,0,1,5
U0204,CP1956,1,135,0,0,1
U0204,CP1994,1,213,0,0,1
U0204,CP2011,1,113,0,0,1
U0204,CP2049,1,132,0,0,1
U0204,CP2210,1,296,0,0,1
U0204,CP2318,1,79,0,0,1
U0205,CP0798,1,71,0,0,1
U0205,CP0934,0,0,1,0,3
U0205,CP1060,0,0,0,1,5
U0205,CP1213,1,183,0,0,1
U0205,CP1223,1,97,0,0,1
U0205,CP1395,0,0,1,0,3
U0205,CP1559,1,120,0,0,1
U0205,CP1677,0,0,1,0,3
U0205,CP1684,1,128,0,0,1
U0205,CP2066,0,0,1,0,3
U0206,CP0051,1,164,0,0,1
U0206,CP0182,1,155,0,0,1
U0206,CP0634,0,0,1,0,3
U0206,CP0806,1,199,0,0,1
U0206,CP0913,1,81,0,0,1
U0206,CP1643,1,174,0,0,1
U0206,CP2216,1,279,0,0,1
U0206,CP2311,1,111,0,0,1
U0206,CP2313,0,0,1,0,3
U0206,CP2482,0,0,1,0,3
U0207,CP0047,0,0,1,0,3
U0207,CP0073,1,154,0,0,1
U0207,CP0140,1,34,0,0,1
U0207,CP0332,1,192,0,0,1
U0207,CP0366,1,19,0,0,1
U0207,CP0668,1,252,0,0,1
U0207,CP0720,1,52,0,0,1
U0207,CP0893,1,280,0,0,1
U0207,CP0914,1,8,0,0,1
U0207,CP0948,1,14,0,0,1
U0207,CP1146,1,85,0,0,1
U0207,CP1183,0,0,1,0,3
U0207,CP1272,1,18,0,0,1
U0207,CP1547,0,0,1,0,3
U0207,CP1686,1,202,0,0,1
U0207,CP2424,1,161,0,0,1
U0208,CP0134,0,0,0,1,5
U0208,CP0288,0,0,1,0,3
U0208,CP0691,0,0,1,0,3
U0208,CP0724,1,259,0,0,1
U0208,CP0793,1,105,0,0,1
U0208,CP1007,1,153,0,0,1
U0208,CP1031,1,129,0,0,1
U0208,CP1212,1,255,0,0,1
U0208,CP1316,1,140,0,0,1
U0208,CP1422,1,57,0,0,1
U0208,CP1457,1,234,0,0,1
U0208,CP1512,1,280,0,0,1
U0208,CP1553,1,272,0,0,1
U0208,CP1712,0,0,0,1,5
U0208,CP2445,1,76,0,0,1
U0209,CP0111,0,0,0,1,5
U0209,CP0278,1,91,0,0,1
U0209,CP0437,1,55,0,0,1
U0209,CP0826,0,0,1,0,3
U0209,CP0916,0,0,0,1,5
U0209,CP1142,0,0,0,1,5
U0209,CP1388,0,0,0,1,5
U0209,CP1735,1,237,0,0,1
U0209,CP1801,1,215,0,0,1
U0209,CP1925,1,236,0,0,1
U0209,CP2000,1,151,0,0,1
U0209,CP2075,0,0,0,1,5
U0209,CP2218,0,0,1,0,3
U0209,CP2291,1,261,0,0,1
U0209,CP2430,0,0,0,1,5
U0210,CP0217,0,0,0,1,5
U0210,CP0276,0,0,0,1,5
U0210,CP0452,1,66,0,0,1
U0210,CP0803,1,83,0,0,1
U0210,CP1013,1,190,0,0,1
U0210,CP1211,0,0,1,0,3
U0210,CP1781,1,21,0,0,1
U0210,CP1837,0,0,1,0,3
U0210,CP2452,0,0,1,0,3
U0211,CP0186,1,46,0,0,1
U0211,CP0430,1,165,0,0,1
U0211,CP0538,1,49,0,0,1
U0211,CP0597,1,123,0,0,1
U0211,CP0632,0,0,1,0,3
U0211,CP0716,1,164,0,0,1
U0211,CP0792,0,0,0,1,5
U0211,CP0946,1,5,0,0,1
U0211,CP0987,0,0,1,0,3
U0211,CP1132,1,170,0,0,1
U0211,CP1261,1,209,0,0,1
U0211,CP1824,1,273,0,0,1
U0211,CP1849,0,0,1,0,3
U0211,CP2026,0,0,0,1,5
U0211,CP2089,1,232,0,0,1
U0211,CP2375,0,0,1,0,3
U0212,CP0194,1,27,0,0,1
U0212,CP0302,1,103,0,0,1
U0212,CP0381,1,17,0,0,1
U0212,CP0518,0,0,0,1,5
U0212,CP0673,0,0,1,0,3
U0212,CP0690,1,235,0,0,1
U0212,CP0795,1,232,0,0,1
U0212,CP1135,1,169,0,0,1
U0212,CP1335,0,0,1,0,3
U0212,CP1771,1,49,0,0,1
U0212,CP2037,1,73,0,0,1
U0212,CP2093,1,173,0,0,1
U0212,CP2117,0,0,1,0,3
U0213,CP0114,1,124,0,0,1
U0213,CP0317,1,273,0,0,1
U0213,CP0450,1,177,0,0,1
U0213,CP0580,1,205,0,0,1
U0213,CP0690,0,0,0,1,5
U0213,CP0728,0,0,1,0,3
U0213,CP1337,1,188,0,0,1
U0213,CP1540,0,0,0,1,5
U0213,CP1552,1,208,0,0,1
U0213,CP1720,0,0,1,0,3
U0213,CP1747,0,0,1,0,3
U0213,CP1757,1,193,0,0,1
U0213,CP2113,1,121,0,0,1
U0213,CP2140,1,200,0,0,1
U0213,CP2245,1,276,0,0,1
U0214,CP0004,1,257,0,0,1
U0214,CP0238,0,0,0,1,5
U0214,CP0270,1,29,0,0,1
U0214,CP0296,0,0,0,1,5
U0214,CP0334,1,51,0,0,1
U0214,CP0351,1,144,0,0,1
U0214,CP0579,1,238,0,0,1
U0214,CP0657,1,111,0,0,1
U0214,CP0664,0,0,1,0,3
U0214,CP0673,1,268,0,0,1
U0214,CP0937,1,116,0,0,1
U0214,CP1236,1,43,0,0,1
U0214,CP1376,1,31,0,0,1
U0214,CP1440,1,72,0,0,1
U0214,CP1970,1,93,0,0,1
U0214,CP2003,1,258,0,0,1
U0214,CP2022,1,210,0,0,1
U0214,CP2481,1,127,0,0,1
U0215,CP0417,1,240,0,0,1
U0215,CP0535,0,0,1,0,3
U0215,CP0541,0,0,1,0,3
U0215,CP0568,0,0,0,1,5
U0215,CP0589,1,47,0,0,1
U0215,CP0802,1,47,0,0,1
U0215,CP1297,0,0,0,1,5
U0215,CP1328,1,211,0,0,1
U0215,CP1442,1,166,0,0,1
U0215,CP1500,1,110,0,0,1
U0215,CP1608,0,0,0,1,5
U0215,CP1618,1,239,0,0,1
U0215,CP2110,0,0,1,0,3
U0215,CP2449,1,227,0,0,1
U0216,CP0764,1,284,0,0,1
U0216,CP1032,1,69,0,0,1
U0216,CP1054,1,163,0,0,1
U0216,CP1180,1,62,0,0,1
U0216,CP1376,0,0,1,0,3
U0216,CP1431,1,287,0,0,1
U0216,CP1567,1,220,0,0,1
U0216,CP1791,1,26,0,0,1
U0216,CP1930,0,0,1,0,3
U0216,CP2014,1,143,0,0,1
U0216,CP2130,1,59,0,0,1
U0216,CP2383,0,0,1,0,3
U0217,CP0293,1,81,0,0,1
U0217,CP0497,1,278,0,0,1
U0217,CP0708,0,0,1,0,3
U0217,CP0727,1,134,0,0,1
U0217,CP0729,1,5,0,0,1
U0217,CP1287,0,0,1,0,3
U0217,CP1604,0,0,0,1,5
U0217,CP1670,0,0,1,0,3
U0217,CP1793,0,0,0,1,5
U0217,CP1803,1,238,0,0,1
U0217,CP1815,1,106,0,0,1
U0217,CP2053,1,100,0,0,1
U0217,CP2074,1,125,0,0,1
U0218,CP0253,0,0,0,1,5
U0218,CP0570,1,267,0,0,1
U0218,CP0717,1,64,0,0,1
U0218,CP0804,0,0,1,0,3
U0218,CP1042,1,234,0,0,1
U0218,CP1054,1,101,0,0,1
U0218,CP1093,1,152,0,0,1
U0218,CP1569,1,233,0,0,1
U0218,CP1640,1,46,0,0,1
U0218,CP1702,1,222,0,0,1
U0218,CP1822,0,0,0,1,5
U0218,CP1851,1,69,0,0,1
U0218,CP2048,1,39,0,0,1
U0218,CP2204,1,89,0,0,1
U0218,CP2245,0,0,0,1,5
U0218,CP2255,0,0,0,1,5
U0219,CP0218,1,293,0,0,1
U0219,CP0689,0,0,0,1,5
U0219,CP0710,1,277,0,0,1
U0219,CP0721,1,155,0,0,1
U0219,CP0803,1,289,0,0,1
U0219,CP0945,0,0,1,0,3
U0219,CP1068,1,250,0,0,1
U0219,CP1313,1,278,0,0,1
U0219,CP1371,1,83,0,0,1
U0219,CP1451,1,52,0,0,1
U0219,CP1475,1,83,0,0,1
U0219,CP1566,1,26,0,0,1
U0219,CP1662,1,33,0,0,1
U0219,CP1665,1,179,0,0,1
U0219,CP1670,0,0,1,0,3
U0219,CP1916,1,277,0,0,1
U0219,CP1952,1,250,0,0,1
U0219,CP2472,1,59,0,0,1
U0220,CP0036,1,186,0,0,1
U0220,CP0934,1,209,0,0,1
U0220,CP1148,1,269,0,0,1
U0220,CP1165,1,124,0,0,1
U0220,CP1292,1,134,0,0,1
U0220,CP1549,0,0,0,1,5
U0220,CP1577,0,0,0,1,5
U0220,CP1748,1,54,0,0,1
U0220,CP1790,1,65,0,0,1
U0220,CP2110,1,244,0,0,1
U0220,CP2197,1,153,0,0,1
U0220,CP2362,1,236,0,0,1
U0220,CP2374,0,0,0,1,5
U0220,CP2496,0,0,1,0,3
U0221,CP0087,0,0,1,0,3
U0221,CP0103,1,201,0,0,1
U0221,CP0139,1,152,0,0,1
U0221,CP0412,1,10,0,0,1
U0221,CP0810,1,259,0,0,1
U0221,CP1128,0,0,0,1,5
U0221,CP1262,0,0,1,0,3
U0221,CP1749,1,298,0,0,1
U0221,CP1861,1,256,0,0,1
U0221,CP2025,1,218,0,0,1
U0221,CP2128,1,67,0,0,1
U0221,CP2467,1,282,0,0,1
U0222,CP0057,1,239,0,0,1
U0222,CP0143,1,198,0,0,1
U0222,CP0491,1,78,0,0,1
U0222,CP0663,0,0,1,0,3
U0222,CP0964,1,158,0,0,1
U0222,CP1250,0,0,1,0,3
U0222,CP1251,1,139,0,0,1
U0222,CP1319,0,0,1,0,3
U0222,CP1454,1,249,0,0,1
U0222,CP1883,1,174,0,0,1
U0222,CP1934,0,0,0,1,5
U0222,CP2466,1,157,0,0,1
U0223,CP0404,0,0,1,0,3
U0223,CP0447,1,36,0,0,1
U0223,CP0708,0,0,0,1,5
U0223,CP0808,0,0,0,1,5
U0223,CP1202,0,0,1,0,3
U0223,CP1234,0,0,0,1,5
U0223,CP1338,1,280,0,0,1
U0223,CP1464,1,54,0,0,1
U0223,CP1504,1,163,0,0,1
U0223,CP1564,0,0,1,0,3
U0223,CP1663,1,151,0,0,1
U0223,CP1792,0,0,1,0,3
U0223,CP1796,1,153,0,0,1
U0223,CP1976,1,264,0,0,1
U0223,CP1987,0,0,1,0,3
U0223,CP2043,1,212,0,0,1
U0223,CP2161,1,272,0,0,1
U0223,CP2191,1,15,0,0,1
U0223,CP2233,1,43,0,0,1
U0223,CP2329,1,142,0,0,1
U0224,CP0033,1,48,0,0,1
U0224,CP0195,0,0,1,0,3
U0224,CP0421,1,252,0,0,1
U0224,CP0668,1,231,0,0,1
U0224,CP0690,0,0,1,0,3
U0224,CP0809,0,0,0,1,5
U0224,CP0917,0,0,1,0,3
U0224,CP1067,1,31,0,0,1
U0224,CP1703,1,145,0,0,1
U0224,CP1707,1,125,0,0,1
U0224,CP1711,1,170,0,0,1
U0224,CP1737,1,61,0,0,1
U0224,CP1774,1,260,0,0,1
U0224,CP2154,0,0,1,0,3
U0225,CP0290,1,136,0,0,1
U0225,CP0431,1,24,0,0,1
U0225,CP0456,0,0,0,1,5
U0225,CP0517,0,0,1,0,3
U0225,CP0577,0,0,0,1,5
U0225,CP0698,1,22,0,0,1
U0225,CP0734,1,254,0,0,1
U0225,CP0775,0,0,1,0,3
U0225,CP0943,1,169,0,0,1
U0225,CP1102,0,0,1,0,3
U0225,CP1141,1,157,0,0,1
U0225,CP1158,0,0,1,0,3
U0225,CP1194,1,176,0,0,1
U0225,CP1261,1,263,0,0,1
U0225,CP1415,0,0,1,0,3
U0225,CP1467,0,0,0,1,5
U0225,CP1497,0,0,1,0,3
U0225,CP1684,1,87,0,0,1
U0225,CP1953,1,119,0,0,1
U0225,CP2035,1,27,0,0,1
U0225,CP2168,1,154,0,0,1
U0225,CP2404,0,0,0,1,5
U0225,CP2433,1,251,0,0,1
U0226,CP0541,1,53,0,0,1
U0226,CP0609,0,0,1,0,3
U0226,CP0653,1,228,0,0,1
U0226,CP0892,0,0,1,0,3
U0226,CP1050,0,0,0,1,5
U0226,CP1195,1,282,0,0,1
U0226,CP1460,1,26,0,0,1
U0226,CP1475,0,0,1,0,3
U0226,CP1551,1,15,0,0,1
U0226,CP1573,1,187,0,0,1
U0226,CP1635,1,65,0,0,1
U0226,CP1713,1,155,0,0,1
U0226,CP1718,0,0,1,0,3
U0226,CP1910,0,0,1,0,3
U0227,CP0015,0,0,1,0,3
U0227,CP0133,1,29,0,0,1
U0227,CP0713,1,173,0,0,1
U0227,CP0794,0,0,0,1,5
U0227,CP0803,0,0,1,0,3
U0227,CP0950,0,0,0,1,5
U0227,CP1026,1,241,0,0,1
U0227,CP1144,1,65,0,0,1
U0227,CP1783,1,226,0,0,1
U0227,CP1840,1,213,0,0,1
U0227,CP1941,0,0,1,0,3
U0227,CP1987,0,0,1,0,3
U0227,CP1992,1,33,0,0,1
U0227,CP1993,0,0,1,0,3
U0227,CP2083,1,233,0,0,1
U0227,CP2336,0,0,1,0,3
U0227,CP2489,1,212,0,0,1
U0228,CP0378,1,235,0,0,1
U0228,CP0439,1,269,0,0,1
U0228,CP0512,1,151,0,0,1
U0228,CP0698,0,0,0,1,5
U0228,CP0840,1,241,0,0,1
U0228,CP0872,1,71,0,0,1
U0228,CP1219,1,252,0,0,1
U0228,CP1237,0,0,1,0,3
U0228,CP1417,0,0,1,0,3
U0228,CP1466,1,141,0,0,1
U0228,CP1556,1,251,0,0,1
U0228,CP1729,1,47,0,0,1
U0228,CP1981,0,0,1,0,3
U0228,CP2088,1,74,0,0,1
U0228,CP2161,1,235,0,0,1
U0228,CP2277,0,0,1,0,3
U0229,CP0067,1,215,0,0,1
U0229,CP0251,1,299,0,0,1
U0229,CP0305,1,235,0,0,1
U0229,CP0428,0,0,0,1,5
U0229,CP0598,1,37,0,0,1
U0229,CP0620,0,0,1,0,3
U0229,CP0643,0,0,0,1,5
U0229,CP1008,1,138,0,0,1
U0229,CP1122,1,236,0,0,1
U0229,CP1303,0,0,1,0,3
U0229,CP1364,1,5,0,0,1
U0229,CP1556,1,110,0,0,1
U0229,CP1601,0,0,1,0,3
U0229,CP1692,1,288,0,0,1
U0229,CP1718,1,243,0,0,1
U0229,CP1724,1,18,0,0,1
U0229,CP1991,1,153,0,0,1
U0229,CP2132,1,290,0,0,1
U0229,CP2159,1,231,0,0,1
U0229,CP2177,1,197,0,0,1
U0230,CP0070,1,95,0,0,1
U0230,CP0521,1,31,0,0,1
U0230,CP0552,0,0,1,0,3
U0230,CP1238,1,74,0,0,1
U0230,CP1424,1,96,0,0,1
U0230,CP1783,1,12,0,0,1
U0230,CP2157,1,283,0,0,1
U0230,CP2338,1,128,0,0,1
U0230,CP2420,0,0,1,0,3
U0230,CP2453,0,0,1,0,3
U0231,CP0115,0,0,0,1,5
U0231,CP0116,1,252,0,0,1
U0231,CP0182,0,0,0,1,5
U0231,CP0258,1,270,0,0,1
U0231,CP0306,1,21,0,0,1
U0231,CP0311,0,0,1,0,3
U0231,CP0327,1,171,0,0,1
U0231,CP0376,0,0,1,0,3
U0231,CP0859,1,271,0,0,1
U0231,CP0875,1,269,0,0,1
U0231,CP1639,1,298,0,0,1
U0231,CP1656,1,238,0,0,1
U0231,CP1743,1,148,0,0,1
U0231,CP1822,0,0,1,0,3
U0231,CP1894,0,0,0,1,5
U0231,CP2149,0,0,1,0,3
U0231,CP2246,1,24,0,0,1
U0231,CP2332,1,62,0,0,1
U0231,CP2428,1,120,0,0,1
U0231,CP2445,1,179,0,0,1
U0231,CP2450,1,182,0,0,1
U0232,CP0082,1,126,0,0,1
U0232,CP0326,0,0,1,0,3
U0232,CP0478,1,62,0,0,1
U0232,CP0531,1,12,0,0,1
U0232,CP0621,1,38,0,0,1
U0232,CP0795,1,55,0,0,1
U0232,CP1117,1,70,0,0,1
U0232,CP1480,0,0,1,0,3
U0232,CP1525,0,0,0,1,5
U0232,CP1973,1,273,0,0,1
U0232,CP2176,1,169,0,0,1
U0232,CP2362,0,0,1,0,3
U0233,CP0189,1,245,0,0,1
U0233,CP0333,0,0,1,0,3
U0233,CP0352,0,0,0,1,5
U0233,CP0478,0,0,0,1,5
U0233,CP0503,1,69,0,0,1
U0233,CP0715,1,298,0,0,1
U0233,CP0782,1,197,0,0,1
U0233,CP0915,1,114,0,0,1
U0233,CP1122,1,149,0,0,1
U0233,CP1244,0,0,1,0,3
U0233,CP1654,1,84,0,0,1
U0233,CP1883,0,0,1,0,3
U0233,CP1997,1,59,0,0,1
U0233,CP2166,1,5,0,0,1
U0233,CP2291,1,228,0,0,1
U0233,CP2322,0,0,0,1,5
U0233,CP2375,1,177,0,0,1
U0234,CP0250,1,205,0,0,1
U0234,CP0269,1,78,0,0,1
U0234,CP0510,1,84,0,0,1
U0234,CP0609,1,118,0,0,1
U0234,CP1021,1,226,0,0,1
U0234,CP1140,0,0,1,0,3
U0234,CP1215,1,195,0,0,1
U0234,CP1292,1,118,0,0,1
U0234,CP1607,0,0,0,1,5
U0234,CP1880,1,39,0,0,1
U0234,CP2199,1,93,0,0,1
U0234,CP2204,1,284,0,0,1
U0235,CP0281,1,170,0,0,1
U0235,CP0411,0,0,0,1,5
U0235,CP0494,0,0,1,0,3
U0235,CP0664,1,179,0,0,1
U0235,CP0810,0,0,0,1,5
U0235,CP1022,1,67,0,0,1
U0235,CP1362,1,139,0,0,1
U0235,CP1654,1,210,0,0,1
U0235,CP1671,0,0,0,1,5
U0235,CP1811,1,109,0,0,1
U0235,CP2041,1,158,0,0,1
U0235,CP2208,0,0,0,1,5
U0235,CP2236,1,18,0,0,1
U0235,CP2363,0,0,0,1,5
U0236,CP0120,1,121,0,0,1
U0236,CP0122,1,282,0,0,1
U0236,CP0141,1,261,0,0,1
U0236,CP0455,0,0,0,1,5
U0236,CP0486,1,298,0,0,1
U0236,CP0491,0,0,1,0,3
U0236,CP0669,1,146,0,0,1
U0236,CP1519,1,137,0,0,1
U0236,CP1669,1,217,0,0,1
U0236,CP1725,1,183,0,0,1
U0236,CP1904,0,0,0,1,5
U0236,CP2000,1,75,0,0,1
U0236,CP2058,0,0,1,0,3
U0236,CP2397,1,237,0,0,1
U0236,CP2466,1,170,0,0,1
U0237,CP0081,1,227,0,0,1
U0237,CP0428,1,195,0,0,1
U0237,CP0585,0,0,1,0,3
U0237,CP0681,1,121,0,0,1
U0237,CP0730,0,0,0,1,5
U0237,CP0963,1,57,0,0,1
U0237,CP1564,1,17,0,0,1
U0237,CP1734,1,218,0,0,1
U0237,CP1760,1,98,0,0,1
U0237,CP2120,0,0,1,0,3
U0237,CP2456,1,139,0,0,1
U0238,CP0126,0,0,1,0,3
U0238,CP0253,1,72,0,0,1
U0238,CP0288,1,223,0,0,1
U0238,CP0626,1,100,0,0,1
U0238,CP1198,1,235,0,0,1
U0238,CP1571,0,0,1,0,3
U0238,CP1612,0,0,1,0,3
U0238,CP1646,1,38,0,0,1
U0238,CP1715,1,190,0,0,1
U0238,CP1979,0,0,1,0,3
U0238,CP2072,1,211,0,0,1
U0238,CP2333,1,69,0,0,1
U0238,CP2441,1,54,0,0,1
U0239,CP0023,0,0,1,0,3
U0239,CP0487,1,61,0,0,1
U0239,CP0558,0,0,1,0,3
U0239,CP0807,1,222,0,0,1
U0239,CP1040,1,264,0,0,1
U0239,CP1143,1,239,0,0,1
U0239,CP1312,1,289,0,0,1
U0239,CP1637,1,270,0,0,1
U0239,CP1951,1,248,0,0,1
U0239,CP2016,1,141,0,0,1
U0239,CP2229,0,0,1,0,3
U0239,CP2380,1,48,0,0,1
U0240,CP0061,0,0,1,0,3
U0240,CP0064,1,268,0,0,1
U0240,CP0209,1,288,0,0,1
U0240,CP0362,1,29,0,0,1
U0240,CP0778,1,194,0,0,1
U0240,CP0820,0,0,1,0,3
U0240,CP0841,1,198,0,0,1
U0240,CP1046,1,165,0,0,1
U0240,CP1058,0,0,1,0,3
U0240,CP1158,1,94,0,0,1
U0240,CP1271,0,0,1,0,3
U0240,CP1651,1,286,0,0,1
U0240,CP1769,0,0,1,0,3
U0240,CP1770,0,0,1,0,3
U0240,CP1892,1,130,0,0,1
U0240,CP1923,1,144,0,0,1
U0240,CP2321,0,0,1,0,3
U0240,CP2358,1,259,0,0,1
U0241,CP0002,0,0,0,1,5
U0241,CP0024,1,291,0,0,1
U0241,CP0061,1,255,0,0,1
U0241,CP0097,0,0,0,1,5
U0241,CP0229,1,66,0,0,1
U0241,CP0418,1,248,0,0,1
U0241,CP0549,0,0,0,1,5
U0241,CP0740,0,0,0,1,5
U0241,CP1752,0,0,1,0,3
U0241,CP2086,0,0,1,0,3
U0241,CP2198,1,139,0,0,1
U0241,CP2207,1,119,0,0,1
U0241,CP2405,1,188,0,0,1
U0242,CP0031,1,142,0,0,1
U0242,CP0033,1,20,0,0,1
U0242,CP0105,1,245,0,0,1
U0242,CP0113,0,0,1,0,3
U0242,CP0120,0,0,0,1,5
U0242,CP0137,0,0,1,0,3
U0242,CP0295,1,205,0,0,1
U0242,CP0606,1,287,0,0,1
U0242,CP0655,1,133,0,0,1
U0242,CP0784,0,0,0,1,5
U0242,CP0845,1,83,0,0,1
U0242,CP0849,1,130,0,0,1
U0242,CP0946,0,0,0,1,5
U0242,CP1047,0,0,0,1,5
U0242,CP1053,0,0,0,1,5
U0242,CP1751,1,64,0,0,1
U0242,CP2213,0,0,1,0,3
U0242,CP2214,0,0,1,0,3
U0243,CP0183,0,0,1,0,3
U0243,CP0415,1,157,0,0,1
U0243,CP0439,1,243,0,0,1
U0243,CP0457,1,28,0,0,1
U0243,CP0470,0,0,0,1,5
U0243,CP0535,1,18,0,0,1
U0243,CP0953,1,289,0,0,1
U0243,CP1557,1,30,0,0,1
U0243,CP1634,0,0,1,0,3
U0243,CP1957,1,200,0,0,1
U0243,CP1964,1,161,0,0,1
U0243,CP2279,0,0,1,0,3
U0243,CP2419,0,0,1,0,3
U0244,CP0007,0,0,1,0,3
U0244,CP0322,1,286,0,0,1
U0244,CP0563,1,122,0,0,1
U0244,CP0760,1,210,0,0,1
U0244,CP0841,1,206,0,0,1
U0244,CP1345,0,0,1,0,3
U0244,CP1523,1,32,0,0,1
U0244,CP1791,1,132,0,0,1
U0244,CP1970,1,184,0,0,1
U0244,CP2448,0,0,0,1,5
U0245,CP0036,0,0,1,0,3
U0245,CP0062,0,0,1,0,3
U0245,CP0098,1,236,0,0,1
U0245,CP0236,1,38,0,0,1
U0245,CP0308,0,0,1,0,3
U0245,CP0354,0,0,0,1,5
U0245,CP0646,1,39,0,0,1
U0245,CP0841,1,49,0,0,1
U0245,CP1378,1,181,0,0,1
U0245,CP1383,1,283,0,0,1
U0245,CP1436,1,192,0,0,1
U0245,CP1542,0,0,1,0,3
U0245,CP1654,0,0,1,0,3
U0245,CP1762,0,0,0,1,5
U0245,CP1972,1,144,0,0,1
U0245,CP2074,1,223,0,0,1
U0245,CP2479,0,0,0,1,5
U0246,CP0161,0,0,1,0,3
U0246,CP0494,0,0,1,0,3
U0246,CP0518,0,0,0,1,5
U0246,CP0695,1,120,0,0,1
U0246,CP0791,0,0,1,0,3
U0246,CP0861,1,150,0,0,1
U0246,CP0894,1,45,0,0,1
U0246,CP0907,1,236,0,0,1
U0246,CP0989,1,223,0,0,1
U0246,CP1233,1,35,0,0,1
U0246,CP1445,0,0,0,1,5
U0246,CP2016,1,121,0,0,1
U0246,CP2058,0,0,0,1,5
U0246,CP2118,1,175,0,0,1
U0246,CP2226,1,124,0,0,1
U0246,CP2297,1,37,0,0,1
U0246,CP2357,0,0,1,0,3
U0247,CP0019,1,40,0,0,1
U0247,CP0033,1,164,0,0,1
U0247,CP0162,1,238,0,0,1
U0247,CP0188,1,224,0,0,1
U0247,CP0341,1,25,0,0,1
U0247,CP0536,1,11,0,0,1
U0247,CP0557,1,54,0,0,1
U0247,CP0760,0,0,1,0,3
U0247,CP0948,0,0,1,0,3
U0247,CP1164,1,283,0,0,1
U0247,CP1172,0,0,0,1,5
U0247,CP1710,0,0,1,0,3
U0247,CP1752,1,77,0,0,1
U0247,CP2152,0,0,1,0,3
U0247,CP2188,1,256,0,0,1
U0247,CP2261,0,0,1,0,3
U0247,CP2297,1,258,0,0,1
U0247,CP2414,1,9,0,0,1
U0247,CP2424,1,179,0,0,1
U0248,CP0146,1,107,0,0,1
U0248,CP0153,0,0,1,0,3
U0248,CP0178,0,0,0,1,5
U0248,CP0189,0,0,0,1,5
U0248,CP0503,0,0,0,1,5
U0248,CP0656,0,0,0,1,5
U0248,CP0669,1,283,0,0,1
U0248,CP1150,1,293,0,0,1
U0248,CP1489,0,0,1,0,3
U0248,CP1556,1,189,0,0,1
U0248,CP1558,1,213,0,0,1
U0248,CP1572,1,117,0,0,1
U0248,CP2379,0,0,1,0,3
U0249,CP0276,0,0,0,1,5
U0249,CP1008,1,49,0,0,1
U0249,CP1295,0,0,1,0,3
U0249,CP1461,1,136,0,0,1
U0249,CP1494,1,108,0,0,1
U0249,CP1606,1,276,0,0,1
U0249,CP1704,1,164,0,0,1
U0249,CP1844,1,287,0,0,1
U0249,CP2076,1,248,0,0,1
U0249,CP2097,1,163,0,0,1
U0249,CP2378,0,0,1,0,3
U0249,CP2416,1,202,0,0,1
U0249,CP2487,1,218,0,0,1
U0250,CP0226,0,0,0,1,5
U0250,CP0469,1,274,0,0,1
U0250,CP0538,1,86,0,0,1
U0250,CP0594,1,138,0,0,1
U0250,CP0815,0,0,0,1,5
U0250,CP1092,1,241,1,0,4
U0250,CP1183,0,0,0,1,5
U0250,CP1325,0,0,1,0,3
U0250,CP1543,1,50,0,0,1
U0250,CP1704,0,0,1,0,3
U0250,CP1713,1,251,0,0,1
U0250,CP1737,1,164,0,0,1
U0250,CP1854,1,165,0,0,1
U0250,CP1963,0,0,1,0,3
U0250,CP1987,1,72,0,0,1
U0250,CP2004,1,44,0,0,1
U0250,CP2013,1,177,0,0,1
U0250,CP2014,0,0,1,0,3
U0250,CP2214,1,125,0,0,1
U0250,CP2335,1,12,0,0,1
U0250,CP2409,1,164,0,0,1
U0250,CP2464,1,9,0,0,1
U0251,CP0058,1,252,0,0,1
U0251,CP0095,0,0,0,1,5
U0251,CP0233,0,0,0,1,5
U0251,CP0491,1,91,0,0,1
U0251,CP0737,1,207,0,0,1
U0251,CP0811,1,100,0,0,1
U0251,CP0842,1,102,0,0,1
U0251,CP1027,1,69,0,0,1
U0251,CP1030,1,283,0,0,1
U0251,CP1218,0,0,1,0,3
U0251,CP1660,1,253,0,0,1
U0251,CP1690,1,99,0,0,1
U0251,CP1706,1,296,0,0,1
U0251,CP2062,1,218,0,0,1
U0251,CP2348,1,182,0,0,1
U0251,CP2380,1,10,0,0,1
U0252,CP0106,1,104,0,0,1
U0252,CP0125,0,0,1,0,3
U0252,CP0154,1,146,0,0,1
U0252,CP0223,1,145,0,0,1
U0252,CP0243,1,11,0,0,1
U0252,CP0325,1,87,0,0,1
U0252,CP0549,1,232,0,0,1
U0252,CP0626,0,0,1,0,3
U0252,CP0838,0,0,1,0,3
U0252,CP0852,1,60,0,0,1
U0252,CP0873,0,0,1,0,3
U0252,CP0934,0,0,1,0,3
U0252,CP0939,0,0,0,1,5
U0252,CP0974,1,191,0,0,1
U0252,CP1037,0,0,1,0,3
U0252,CP1292,0,0,1,0,3
U0252,CP1544,1,63,0,0,1
U0252,CP1652,1,272,0,0,1
U0252,CP1796,1,6,0,0,1
U0252,CP1919,0,0,1,0,3
U0252,CP2099,1,113,0,0,1
U0252,CP2188,1,111,0,0,1
U0252,CP2325,0,0,0,1,5
U0253,CP0317,1,9,0,0,1
U0253,CP0521,0,0,0,1,5
U0253,CP0961,0,0,0,1,5
U0253,CP1045,1,198,0,0,1
U0253,CP1344,1,203,0,0,1
U0253,CP1504,0,0,1,0,3
U0253,CP1547,1,76,0,0,1
U0253,CP1556,1,5,0,0,1
U0253,CP1626,0,0,1,0,3
U0253,CP2138,1,12,0,0,1
U0253,CP2233,1,70,0,0,1
U0253,CP2310,0,0,1,0,3
U0253,CP2337,1,257,0,0,1
U0253,CP2488,1,113,0,0,1
U0254,CP0058,1,295,0,0,1
U0254,CP0146,0,0,0,1,5
U0254,CP0192,1,116,0,0,1
U0254,CP0225,1,110,0,0,1
U0254,CP0419,0,0,1,0,3
U0254,CP0455,0,0,1,0,3
U0254,CP0482,1,193,1,0,4
U0254,CP0586,1,85,0,0,1
U0254,CP0589,0,0,1,0,3
U0254,CP0779,1,26,0,0,1
U0254,CP1541,1,44,0,0,1
U0254,CP1567,1,30,0,0,1
U0254,CP1630,1,263,0,0,1
U0254,CP1740,1,241,0,0,1
U0254,CP1913,1,136,0,0,1
U0254,CP1968,1,5,0,0,1
U0254,CP1997,1,75,0,0,1
U0254,CP2017,1,112,0,0,1
U0254,CP2195,1,105,0,0,1
U0255,CP0012,1,292,0,0,1
U0255,CP0046,1,240,0,0,1
U0255,CP0086,1,142,0,0,1
U0255,CP0220,0,0,1,0,3
U0255,CP0244,0,0,0,1,5
U0255,CP0247,1,85,0,0,1
U0255,CP0255,1,66,0,0,1
U0255,CP0397,1,152,0,0,1
U0255,CP0996,1,180,0,0,1
U0255,CP1360,0,0,0,1,5
U0255,CP1419,1,270,0,0,1
U0255,CP1528,1,84,0,0,1
U0255,CP1740,1,14,0,0,1
U0255,CP2051,1,220,0,0,1
U0255,CP2106,0,0,0,1,5
U0255,CP2117,1,202,0,0,1
U0255,CP2260,0,0,0,1,5
U0255,CP2388,1,75,0,0,1
U0256,CP0178,0,0,1,0,3
U0256,CP0180,1,281,0,0,1
U0256,CP0305,1,79,0,0,1
U0256,CP0845,0,0,1,0,3
U0256,CP1064,1,7,0,0,1
U0256,CP1235,1,107,0,0,1
U0256,CP1274,1,237,0,0,1
U0256,CP1493,1,229,0,0,1
U0256,CP1783,1,113,0,0,1
U0256,CP1815,1,150,0,0,1
U0256,CP1818,1,183,0,0,1
U0256,CP1841,0,0,1,0,3
U0256,CP2009,1,45,0,0,1
U0256,CP2027,1,88,0,0,1
U0256,CP2141,0,0,0,1,5
U0256,CP2351,1,238,0,0,1
U0256,CP2362,0,0,0,1,5
U0256,CP2452,1,5,0,0,1
U0256,CP2492,1,115,0,0,1
U0257,CP0121,0,0,0,1,5
U0257,CP0133,1,68,0,0,1
U0257,CP0165,0,0,0,1,5
U0257,CP0232,0,0,1,0,3
U0257,CP0483,0,0,1,0,3
U0257,CP0669,1,29,0,0,1
U0257,CP0868,0,0,1,0,3
U0257,CP1041,0,0,1,0,3
U0257,CP1172,0,0,0,1,5
U0257,CP1202,1,226,0,0,1
U0257,CP1229,1,129,0,0,1
U0257,CP1359,0,0,1,0,3
U0257,CP1722,1,125,0,0,1
U0257,CP1822,0,0,0,1,5
U0257,CP2337,1,128,0,0,1
U0257,CP2341,0,0,0,1,5
U0258,CP0019,0,0,1,0,3
U0258,CP0096,1,284,0,0,1
U0258,CP0114,1,176,0,0,1
U0258,CP0306,1,121,0,0,1
U0258,CP0433,1,76,0,0,1
U0258,CP0568,1,164,0,0,1
U0258,CP0656,1,71,0,0,1
U0258,CP1054,1,277,0,0,1
U0258,CP1057,0,0,0,1,5
U0258,CP1075,1,34,0,0,1
U0258,CP1090,1,69,0,0,1
U0258,CP1217,0,0,1,0,3
U0258,CP1351,1,100,0,0,1
U0258,CP1387,0,0,1,0,3
U0258,CP1765,1,117,0,0,1
U0258,CP1870,1,163,0,0,1
U0258,CP1914,1,181,0,0,1
U0258,CP1988,0,0,1,0,3
U0258,CP2384,1,94,0,0,1
U0258,CP2498,1,188,0,0,1
U0259,CP0204,1,110,0,0,1
U0259,CP0471,1,182,0,0,1
U0259,CP0505,0,0,1,0,3
U0259,CP0593,0,0,1,0,3
U0259,CP0828,0,0,1,0,3
U0259,CP1189,1,5,0,0,1
U0259,CP1260,1,155,0,0,1
U0259,CP1777,1,10,0,0,1
U0259,CP2307,0,0,0,1,5
U0259,CP2361,1,8,0,0,1
U0259,CP2370,0,0,1,0,3
U0259,CP2391,1,242,0,0,1
U0259,CP2422,0,0,0,1,5
U0259,CP2430,1,214,0,0,1
U0260,CP0406,1,140,0,0,1
U0260,CP0427,1,196,0,0,1
U0260,CP0460,1,59,0,0,1
U0260,CP0827,1,37,0,0,1
U0260,CP0843,1,91,0,0,1
U0260,CP0859,1,29,0,0,1
U0260,CP0876,0,0,1,0,3
U0260,CP0925,0,0,1,0,3
U0260,CP1367,1,151,0,0,1
U0260,CP1503,1,60,0,0,1
U0260,CP1511,0,0,0,1,5
U0260,CP1529,1,59,0,0,1
U0260,CP1538,0,0,1,0,3
U0260,CP2142,1,102,0,0,1
U0260,CP2157,1,222,0,0,1
U0260,CP2361,1,59,0,0,1
U0260,CP2426,0,0,1,0,3
U0261,CP0155,1,149,0,0,1
U0261,CP0345,1,178,0,0,1
U0261,CP0385,0,0,1,0,3
U0261,CP0641,1,128,0,0,1
U0261,CP0915,1,103,0,0,1
U0261,CP1127,0,0,1,0,3
U0261,CP1143,1,171,0,0,1
U0261,CP1353,1,87,0,0,1
U0261,CP1519,1,274,0,0,1
U0261,CP1532,1,103,0,0,1
U0261,CP1727,1,254,0,0,1
U0261,CP2077,0,0,0,1,5
U0261,CP2082,1,244,0,0,1
U0261,CP2309,0,0,1,0,3
U0262,CP0056,1,131,0,0,1
U0262,CP0228,0,0,0,1,5
U0262,CP0423,0,0,0,1,5
U0262,CP0675,1,171,0,0,1
U0262,CP0868,1,18,0,0,1
U0262,CP1041,1,147,0,0,1
U0262,CP1122,1,93,0,1,6
U0262,CP1315,1,233,0,0,1
U0262,CP1524,1,241,0,0,1
U0262,CP1901,1,246,0,0,1
U0262,CP1942,1,11,0,0,1
U0262,CP2004,1,260,0,0,1
U0262,CP2020,1,12,0,0,1
U0262,CP2021,0,0,1,0,3
U0263,CP0065,1,208,0,0,1
U0263,CP0101,1,52,0,0,1
U0263,CP0107,1,277,0,0,1
U0263,CP0142,1,24,0,0,1
U0263,CP0182,0,0,1,0,3
U0263,CP0306,1,200,0,0,1
U0263,CP0322,1,179,0,0,1
U0263,CP0423,0,0,0,1,5
U0263,CP0627,1,76,0,0,1
U0263,CP0740,0,0,1,0,3
U0263,CP0990,1,269,0,0,1
U0263,CP1017,0,0,1,0,3
U0263,CP1043,0,0,0,1,5
U0263,CP1071,1,65,0,0,1
U0263,CP1377,0,0,1,0,3
U0263,CP1605,1,77,0,0,1
U0263,CP1867,1,24,0,0,1
U0263,CP1884,1,284,0,0,1
U0263,CP1890,1,29,0,0,1
U0263,CP1945,0,0,0,1,5
U0263,CP2008,1,164,0,0,1
U0264,CP0363,0,0,1,0,3
U0264,CP0509,1,245,0,0,1
U0264,CP0819,1,103,0,0,1
U0264,CP0944,1,261,0,0,1
U0264,CP1479,1,223,0,0,1
U0264,CP1678,0,0,1,0,3
U0264,CP1992,1,117,0,0,1
U0264,CP2158,0,0,0,1,5
U0264,CP2173,1,294,0,0,1
U0264,CP2175,1,191,0,0,1
U0264,CP2245,0,0,0,1,5
U0265,CP0027,1,233,0,0,1
U0265,CP0350,1,236,0,0,1
U0265,CP0363,1,66,0,0,1
U0265,CP0447,0,0,0,1,5
U0265,CP0456,1,59,0,0,1
U0265,CP0531,1,249,0,0,1
U0265,CP0601,0,0,1,0,3
U0265,CP0649,1,153,0,0,1
U0265,CP0671,1,124,0,0,1
U0265,CP0835,0,0,0,1,5
U0265,CP1499,0,0,0,1,5
U0265,CP1570,0,0,1,0,3
U0265,CP1572,0,0,1,0,3
U0265,CP1656,1,248,0,0,1
U0265,CP1741,1,43,0,0,1
U0265,CP1780,1,217,0,0,1
U0265,CP2134,1,161,0,0,1
U0265,CP2138,0,0,1,0,3
U0265,CP2424,1,17,0,0,1
U0265,CP2426,1,5,0,0,1
U0266,CP0281,1,281,0,0,1
U0266,CP0429,1,34,0,0,1
U0266,CP0761,1,38,0,0,1
U0266,CP0899,1,143,0,0,1
U0266,CP1026,1,224,0,0,1
U0266,CP1044,0,0,1,0,3
U0266,CP1055,1,30,0,0,1
U0266,CP1204,1,167,0,0,1
U0266,CP1351,1,154,0,0,1
U0266,CP1410,1,68,0,0,1
U0266,CP1426,1,153,0,0,1
U0266,CP1652,1,213,0,0,1
U0266,CP1824,0,0,0,1,5
U0266,CP1962,1,222,0,0,1
U0266,CP1986,1,26,0,0,1
U0266,CP2490,1,77,0,0,1
U0267,CP0029,1,178,0,0,1
U0267,CP0294,0,0,1,0,3
U0267,CP0472,1,214,0,0,1
U0267,CP0762,1,11,0,0,1
U0267,CP0801,0,0,1,0,3
U0267,CP1048,0,0,0,1,5
U0267,CP1124,1,134,0,0,1
U0267,CP1242,0,0,1,0,3
U0267,CP1367,1,146,0,0,1
U0267,CP1380,1,70,0,0,1
U0267,CP1397,1,55,0,0,1
U0267,CP1411,1,59,0,0,1
U0267,CP1624,1,236,0,0,1
U0267,CP1697,0,0,1,0,3
U0267,CP1880,1,101,0,0,1
U0267,CP1902,1,79,0,0,1
U0267,CP1932,0,0,0,1,5
U0267,CP2122,0,0,0,1,5
U0267,CP2156,1,63,0,0,1
U0267,CP2297,0,0,1,0,3
U0268,CP0018,1,66,0,0,1
U0268,CP0073,1,274,0,0,1
U0268,CP0120,0,0,0,1,5
U0268,CP0533,0,0,0,1,5
U0268,CP1239,1,187,0,0,1
U0268,CP1420,1,293,0,0,1
U0268,CP1601,1,294,0,0,1
U0268,CP1767,1,229,0,0,1
U0268,CP1793,0,0,1,0,3
U0268,CP1806,1,300,0,0,1
U0268,CP1979,1,93,0,0,1
U0268,CP2202,1,260,0,0,1
U0268,CP2238,1,272,0,0,1
U0268,CP2365,1,250,0,0,1
U0269,CP0038,1,205,0,0,1
U0269,CP0062,1,85,0,0,1
U0269,CP0192,1,22,0,0,1
U0269,CP0260,1,115,0,0,1
U0269,CP0905,1,183,0,0,1
U0269,CP1113,1,269,0,0,1
U0269,CP1155,0,0,1,0,3
U0269,CP1207,0,0,0,1,5
U0269,CP1322,0,0,1,0,3
U0269,CP1348,0,0,1,0,3
U0269,CP1623,1,58,0,0,1
U0269,CP1693,1,241,0,0,1
U0269,CP1747,1,25,0,0,1
U0269,CP1845,1,264,0,0,1
U0269,CP1852,0,0,0,1,5
U0269,CP2008,1,171,0,0,1
U0270,CP0106,1,237,0,0,1
U0270,CP0699,1,38,0,0,1
U0270,CP0814,1,198,0,0,1
U0270,CP0864,0,0,0,1,5
U0270,CP1269,1,141,0,0,1
U0270,CP1411,1,52,0,0,1
U0270,CP1513,1,262,0,0,1
U0270,CP1762,0,0,0,1,5
U0270,CP1903,1,273,0,0,1
U0270,CP2095,0,0,1,0,3
U0270,CP2164,1,144,0,0,1
U0270,CP2250,1,160,0,0,1
U0270,CP2351,0,0,1,0,3
U0270,CP2495,1,131,0,0,1
U0271,CP0443,1,231,0,0,1
U0271,CP0502,1,143,0,0,1
U0271,CP0572,1,46,0,0,1
U0271,CP0651,0,0,1,0,3
U0271,CP0713,1,39,0,0,1
U0271,CP1058,1,147,0,0,1
U0271,CP1157,1,166,0,0,1
U0271,CP1266,1,230,0,0,1
U0271,CP1497,1,41,0,0,1
U0271,CP1580,1,293,0,0,1
U0271,CP1781,0,0,1,0,3
U0271,CP1834,1,113,0,0,1
U0271,CP1970,0,0,1,0,3
U0271,CP2034,1,152,0,0,1
U0271,CP2198,1,61,0,0,1
U0271,CP2228,0,0,1,0,3
U0271,CP2273,1,244,0,0,1
U0271,CP2473,1,194,0,0,1
U0272,CP0194,1,40,0,0,1
U0272,CP0238,1,80,0,0,1
U0272,CP0330,0,0,1,0,3
U0272,CP0432,1,82,0,0,1
U0272,CP0912,1,89,0,0,1
U0272,CP1419,1,85,0,0,1
U0272,CP1455,1,234,0,0,1
U0272,CP1562,1,142,0,0,1
U0272,CP1596,1,27,0,0,1
U0272,CP1611,1,137,0,0,1
U0272,CP1934,1,177,0,0,1
U0272,CP2085,1,6,0,0,1
U0272,CP2092,1,232,0,0,1
U0272,CP2241,0,0,1,0,3
U0273,CP0062,0,0,1,0,3
U0273,CP0271,0,0,0,1,5
U0273,CP0277,1,188,0,0,1
U0273,CP0296,0,0,0,1,5
U0273,CP0481,1,94,0,0,1
U0273,CP0670,1,187,0,0,1
U0273,CP0776,1,113,0,0,1
U0273,CP0844,1,178,0,0,1
U0273,CP1341,1,89,0,0,1
U0273,CP1556,0,0,0,1,5
U0273,CP1595,1,162,0,0,1
U0273,CP1658,1,63,0,0,1
U0274,CP0238,1,47,0,0,1
U0274,CP0271,0,0,1,0,3
U0274,CP0319,1,117,0,0,1
U0274,CP1054,1,271,0,0,1
U0274,CP1213,1,94,0,0,1
U0274,CP1595,1,76,0,0,1
U0274,CP1682,1,226,0,0,1
U0274,CP1806,1,183,0,0,1
U0274,CP1883,1,157,0,0,1
U0275,CP0036,0,0,1,0,3
U0275,CP0194,1,218,0,0,1
U0275,CP0527,1,151,0,0,1
U0275,CP0771,1,256,0,0,1
U0275,CP1336,0,0,0,1,5
U0275,CP1490,1,203,0,0,1
U0275,CP1617,1,177,0,0,1
U0275,CP1633,0,0,0,1,5
U0275,CP1646,1,189,0,0,1
U0275,CP1647,0,0,1,0,3
U0275,CP1757,0,0,0,1,5
U0275,CP1898,0,0,0,1,5
U0275,CP2262,0,0,0,1,5
U0275,CP2288,0,0,0,1,5
U0276,CP0473,0,0,0,1,5
U0276,CP0551,0,0,1,0,3
U0276,CP0574,1,70,0,0,1
U0276,CP0584,1,268,0,0,1
U0276,CP0632,0,0,1,0,3
U0276,CP0798,0,0,0,1,5
U0276,CP1078,1,173,0,0,1
U0276,CP1401,1,108,0,0,1
U0276,CP1810,1,298,0,0,1
U0276,CP1973,1,181,0,0,1
U0276,CP2496,0,0,1,0,3
U0277,CP0215,1,158,0,0,1
U0277,CP0437,1,251,0,0,1
U0277,CP0906,0,0,1,0,3
U0277,CP0969,1,12,0,0,1
U0277,CP1188,0,0,1,0,3
U0277,CP1357,1,270,0,0,1
U0277,CP1518,1,191,0,0,1
U0277,CP1567,1,115,0,0,1
U0277,CP1986,0,0,1,0,3
U0277,CP2078,1,133,0,0,1
U0277,CP2083,1,83,0,0,1
U0277,CP2100,0,0,0,1,5
U0277,CP2121,0,0,1,0,3
U0277,CP2356,1,90,0,0,1
U0277,CP2483,0,0,1,0,3
U0278,CP0323,0,0,0,1,5
U0278,CP0842,1,213,0,0,1
U0278,CP1017,0,0,0,1,5
U0278,CP1159,1,253,0,0,1
U0278,CP1343,1,155,0,0,1
U0278,CP1617,1,83,0,0,1
U0278,CP1625,1,202,0,0,1
U0278,CP1766,0,0,0,1,5
U0278,CP1910,1,197,0,0,1
U0278,CP2043,0,0,1,0,3
U0278,CP2256,0,0,0,1,5
U0278,CP2500,1,32,0,0,1
U0279,CP0217,1,288,0,0,1
U0279,CP0264,0,0,1,0,3
U0279,CP0361,1,54,0,0,1
U0279,CP0475,1,245,0,0,1
U0279,CP0490,1,61,0,0,1
U0279,CP1000,1,189,0,0,1
U0279,CP1091,1,170,0,0,1
U0279,CP1755,1,259,0,0,1
U0279,CP1805,1,286,0,0,1
U0279,CP2006,1,148,0,0,1
U0279,CP2017,0,0,1,0,3
U0279,CP2171,0,0,1,0,3
U0279,CP2238,0,0,1,0,3
U0279,CP2266,0,0,0,1,5
U0279,CP2365,0,0,0,1,5
U0279,CP2393,0,0,1,0,3
U0279,CP2443,1,256,0,0,1
U0280,CP0202,1,166,0,0,1
U0280,CP0238,1,60,0,0,1
U0280,CP0547,0,0,0,1,5
U0280,CP0646,0,0,1,0,3
U0280,CP0690,1,121,0,0,1
U0280,CP0774,0,0,1,0,3
U0280,CP0900,1,129,0,0,1
U0280,CP1635,1,156,0,0,1
U0280,CP1668,1,143,0,0,1
U0280,CP1896,1,177,0,0,1
U0280,CP1961,0,0,1,0,3
U0280,CP2009,1,155,0,0,1
U0280,CP2089,1,93,0,0,1
U0280,CP2301,1,158,0,0,1
U0280,CP2318,0,0,1,0,3
U0281,CP0301,1,188,0,0,1
U0281,CP0492,1,119,0,0,1
U0281,CP1119,0,0,0,1,5
U0281,CP1473,0,0,0,1,5
U0281,CP1950,1,149,0,0,1
U0281,CP2120,1,22,0,0,1
U0281,CP2474,1,212,0,0,1
U0282,CP0267,0,0,0,1,5
U0282,CP0393,1,32,0,0,1
U0282,CP0491,0,0,1,0,3
U0282,CP1265,1,120,0,0,1
U0282,CP1270,1,77,0,0,1
U0282,CP1303,1,143,0,0,1
U0282,CP1448,1,274,0,0,1
U0282,CP1493,1,21,0,0,1
U0282,CP1523,1,158,0,0,1
U0282,CP1548,1,156,0,0,1
U0282,CP1869,1,250,0,0,1
U0282,CP1890,1,220,0,0,1
U0282,CP2320,0,0,0,1,5
U0282,CP2332,1,103,0,0,1
U0283,CP0019,1,247,0,0,1
U0283,CP0152,0,0,0,1,5
U0283,CP0377,1,277,0,0,1
U0283,CP0536,1,290,0,0,1
U0283,CP0715,1,164,0,0,1
U0283,CP0771,0,0,1,0,3
U0283,CP0804,1,26,0,0,1
U0283,CP0944,1,133,0,0,1
U0283,CP1225,0,0,0,1,5
U0283,CP1397,0,0,1,0,3
U0283,CP1451,0,0,1,0,3
U0283,CP1506,1,46,0,0,1
U0283,CP1633,1,276,0,0,1
U0283,CP1790,0,0,0,1,5
U0283,CP1853,1,290,0,0,1
U0283,CP1917,1,229,0,0,1
U0283,CP2079,0,0,1,0,3
U0283,CP2104,0,0,1,0,3
U0283,CP2371,0,0,1,0,3
U0284,CP0034,1,283,0,0,1
U0284,CP0302,1,7,0,0,1
U0284,CP0369,0,0,0,1,5
U0284,CP0376,0,0,0,1,5
U0284,CP0397,0,0,0,1,5
U0284,CP0596,0,0,1,0,3
U0284,CP1128,0,0,0,1,5
U0284,CP1685,1,143,0,0,1
U0284,CP1736,0,0,1,0,3
U0284,CP1762,1,105,0,0,1
U0284,CP2030,1,40,0,0,1
U0284,CP2188,1,101,0,0,1
U0285,CP0048,0,0,0,1,5
U0285,CP0329,0,0,0,1,5
U0285,CP0498,1,38,0,0,1
U0285,CP0767,1,250,0,0,1
U0285,CP1211,1,84,0,0,1
U0285,CP1455,1,55,0,0,1
U0285,CP1759,1,189,0,0,1
U0285,CP2047,0,0,0,1,5
U0285,CP2074,0,0,1,0,3
U0285,CP2151,0,0,1,0,3
U0285,CP2321,0,0,1,0,3
U0285,CP2333,0,0,0,1,5
U0286,CP0025,1,271,0,0,1
U0286,CP0093,1,238,0,0,1
U0286,CP0318,0,0,0,1,5
U0286,CP0398,1,33,0,0,1
U0286,CP0464,1,48,0,0,1
U0286,CP0658,1,182,0,0,1
U0286,CP0660,0,0,1,0,3
U0286,CP0672,1,153,0,0,1
U0286,CP0715,0,0,0,1,5
U0286,CP0804,1,77,0,0,1
U0286,CP0852,1,187,0,0,1
U0286,CP1242,0,0,1,0,3
U0286,CP1335,0,0,1,0,3
U0286,CP1542,0,0,0,1,5
U0286,CP1585,0,0,0,1,5
U0286,CP1668,1,116,0,0,1
U0286,CP1785,1,262,0,0,1
U0286,CP1983,1,273,0,0,1
U0286,CP2159,1,12,0,0,1
U0286,CP2238,1,48,0,0,1
U0286,CP2392,1,255,0,0,1
U0287,CP0364,0,0,1,0,3
U0287,CP0565,1,50,0,0,1
U0287,CP0894,1,168,0,0,1
U0287,CP1202,0,0,1,0,3
U0287,CP1488,0,0,0,1,5
U0287,CP1897,1,291,0,0,1
U0287,CP1960,1,230,0,0,1
U0287,CP2061,1,291,0,0,1
U0287,CP2165,1,198,0,0,1
U0287,CP2225,0,0,1,0,3
U0287,CP2387,1,142,0,0,1
U0287,CP2464,0,0,0,1,5
U0288,CP0035,0,0,0,1,5
U0288,CP0256,1,14,0,0,1
U0288,CP0569,0,0,0,1,5
U0288,CP0739,1,226,0,0,1
U0288,CP0810,0,0,1,0,3
U0288,CP0826,1,70,0,0,1
U0288,CP0919,0,0,1,0,3
U0288,CP1363,0,0,0,1,5
U0288,CP1418,1,107,0,0,1
U0288,CP1633,1,141,0,0,1
U0288,CP1699,0,0,1,0,3
U0288,CP1804,0,0,0,1,5
U0288,CP1853,1,167,0,0,1
U0288,CP1938,0,0,1,0,3
U0288,CP1976,1,297,0,0,1
U0288,CP2349,1,196,0,0,1
U0288,CP2389,1,242,0,0,1
U0289,CP0076,1,207,0,0,1
U0289,CP0354,0,0,0,1,5
U0289,CP0618,0,0,1,0,3
U0289,CP0658,0,0,0,1,5
U0289,CP0768,1,138,0,0,1
U0289,CP1214,1,14,0,0,1
U0289,CP1458,1,129,0,0,1
U0289,CP1658,1,117,0,0,1
U0289,CP1689,1,49,0,0,1
U0289,CP1709,0,0,1,0,3
U0289,CP1957,1,99,0,0,1
U0289,CP1983,1,189,0,0,1
U0289,CP2039,0,0,0,1,5
U0290,CP0013,1,297,0,0,1
U0290,CP0057,1,8,0,0,1
U0290,CP0088,1,186,0,0,1
U0290,CP0129,1,230,0,0,1
U0290,CP0184,1,138,0,0,1
U0290,CP0382,1,87,0,0,1
U0290,CP0704,1,85,0,0,1
U0290,CP0803,1,62,0,0,1
U0290,CP1284,1,41,0,0,1
U0290,CP1424,0,0,0,1,5
U0290,CP1895,0,0,1,0,3
U0290,CP2133,1,138,0,0,1
U0290,CP2146,1,208,0,0,1
U0290,CP2202,0,0,1,0,3
U0291,CP0283,1,148,0,0,1
U0291,CP0733,1,293,0,0,1
U0291,CP0789,1,254,0,0,1
U0291,CP0910,1,273,0,0,1
U0291,CP1446,1,205,0,0,1
U0291,CP1550,1,85,0,0,1
U0291,CP1725,1,139,0,0,1
U0291,CP1864,1,95,0,0,1
U0291,CP1903,1,80,0,0,1
U0291,CP2045,1,186,0,0,1
U0291,CP2101,0,0,0,1,5
U0291,CP2191,1,87,0,0,1
U0291,CP2459,0,0,1,0,3
U0292,CP0084,0,0,1,0,3
U0292,CP0148,1,285,0,0,1
U0292,CP0913,1,250,0,0,1
U0292,CP1008,1,127,0,0,1
U0292,CP1100,1,92,0,0,1
U0292,CP1243,1,16,0,0,1
U0292,CP1555,0,0,1,0,3
U0292,CP1732,1,100,0,0,1
U0292,CP1776,0,0,0,1,5
U0292,CP1999,0,0,1,0,3
U0292,CP2022,1,198,0,0,1
U0292,CP2047,1,262,0,0,1
U0292,CP2052,0,0,1,0,3
U0292,CP2061,1,246,0,0,1
U0292,CP2385,1,223,0,0,1
U0293,CP0166,1,214,0,0,1
U0293,CP0296,1,144,0,0,1
U0293,CP0394,1,214,0,0,1
U0293,CP0472,1,57,0,0,1
U0293,CP0577,1,21,0,0,1
U0293,CP0697,1,109,0,0,1
U0293,CP0720,0,0,1,0,3
U0293,CP1143,1,125,0,0,1
U0293,CP1146,1,275,0,0,1
U0293,CP1340,1,289,0,0,1
U0293,CP1444,0,0,1,0,3
U0293,CP1561,0,0,1,0,3
U0293,CP1651,0,0,0,1,5
U0293,CP1919,0,0,0,1,5
U0293,CP2075,1,106,0,0,1
U0293,CP2182,1,63,0,0,1
U0293,CP2392,1,234,0,0,1
U0293,CP2486,1,273,0,0,1
U0294,CP0003,1,210,0,0,1
U0294,CP0183,1,278,0,0,1
U0294,CP0209,0,0,1,0,3
U0294,CP0283,1,52,0,0,1
U0294,CP0544,0,0,1,0,3
U0294,CP0809,0,0,1,0,3
U0294,CP0839,0,0,0,1,5
U0294,CP0933,1,114,0,0,1
U0294,CP1019,1,162,0,0,1
U0294,CP1462,0,0,0,1,5
U0294,CP1698,1,290,0,0,1
U0294,CP1982,1,282,0,0,1
U0294,CP2327,1,190,0,0,1
U0294,CP2499,0,0,1,0,3
U0295,CP0277,0,0,0,1,5
U0295,CP0327,0,0,0,1,5
U0295,CP0556,0,0,1,0,3
U0295,CP0883,1,267,0,0,1
U0295,CP1040,1,141,0,0,1
U0295,CP1410,1,54,0,0,1
U0295,CP1531,1,233,0,0,1
U0295,CP1703,1,232,0,0,1
U0295,CP1720,1,254,0,0,1
U0295,CP2242,0,0,1,0,3
U0295,CP2271,1,200,0,0,1
U0296,CP0241,1,65,0,0,1
U0296,CP0313,0,0,0,1,5
U0296,CP0336,1,60,0,0,1
U0296,CP0386,0,0,1,0,3
U0296,CP0485,0,0,1,0,3
U0296,CP0557,0,0,0,1,5
U0296,CP0675,0,0,1,0,3
U0296,CP1002,1,274,0,0,1
U0296,CP1006,1,23,0,0,1
U0296,CP1595,1,271,0,0,1
U0296,CP1850,0,0,1,0,3
U0296,CP1857,1,266,0,0,1
U0296,CP1901,1,255,0,0,1
U0296,CP1965,1,76,0,0,1
U0296,CP2039,0,0,0,1,5
U0296,CP2293,0,0,1,0,3
U0296,CP2463,1,276,0,0,1
U0297,CP0277,0,0,1,0,3
U0297,CP0432,1,147,0,0,1
U0297,CP0614,0,0,1,0,3
U0297,CP0849,1,250,0,0,1
U0297,CP0903,0,0,1,0,3
U0297,CP1266,1,117,0,0,1
U0297,CP1405,0,0,1,0,3
U0297,CP1487,1,197,0,0,1
U0297,CP1675,0,0,1,0,3
U0297,CP1720,0,0,0,1,5
U0297,CP1814,0,0,0,1,5
U0297,CP1962,1,121,0,0,1
U0297,CP2057,1,112,0,0,1
U0297,CP2362,0,0,1,0,3
U0297,CP2412,1,297,0,0,1
U0297,CP2473,1,17,0,0,1
U0298,CP0086,1,137,0,0,1
U0298,CP0157,1,37,0,0,1
U0298,CP0504,1,173,0,0,1
U0298,CP0530,1,95,0,0,1
U0298,CP0719,0,0,1,0,3
U0298,CP0912,0,0,1,0,3
U0298,CP0952,0,0,0,1,5
U0298,CP1154,1,200,0,0,1
U0298,CP1200,1,280,0,0,1
U0298,CP1340,0,0,1,0,3
U0298,CP2112,1,228,0,0,1
U0298,CP2237,0,0,1,0,3
U0298,CP2314,1,187,0,0,1
U0298,CP2476,0,0,1,0,3
U0299,CP0139,0,0,1,0,3
U0299,CP0378,0,0,1,0,3
U0299,CP0450,1,245,0,0,1
U0299,CP0619,1,142,0,0,1
U0299,CP0687,1,107,0,0,1
U0299,CP1204,0,0,0,1,5
U0299,CP1375,1,220,0,0,1
U0299,CP1386,1,59,0,0,1
U0299,CP1518,0,0,0,1,5
U0299,CP1589,1,8,0,0,1
U0299,CP1629,1,165,0,0,1
U0299,CP1871,1,300,0,0,1
U0299,CP1879,1,246,0,0,1
U0299,CP2468,1,74,0,0,1
U0300,CP0157,1,32,0,0,1
U0300,CP0354,0,0,1,0,3
U0300,CP0430,1,250,0,0,1
U0300,CP0517,1,58,0,0,1
U0300,CP0641,0,0,1,0,3
U0300,CP1015,1,297,0,0,1
U0300,CP1088,1,151,0,0,1
U0300,CP1212,0,0,0,1,5
U0300,CP1826,1,14,0,0,1
U0300,CP1922,1,62,0,0,1
U0300,CP2020,1,119,0,0,1
U0300,CP2027,1,36,0,0,1
U0300,CP2258,1,89,0,0,1
U0300,CP2284,0,0,0,1,5
U0300,CP2293,1,125,0,0,1
U0301,CP0171,1,11,0,0,1
U0301,CP0264,0,0,1,0,3
U0301,CP0308,1,159,0,0,1
U0301,CP0481,1,110,0,0,1
U0301,CP0597,1,169,0,0,1
U0301,CP0719,1,98,0,0,1
U0301,CP0963,1,201,0,0,1
U0301,CP0989,0,0,1,0,3
U0301,CP1129,1,113,0,0,1
U0301,CP1227,1,202,0,0,1
U0301,CP1409,0,0,0,1,5
U0301,CP1484,0,0,0,1,5
U0301,CP1608,0,0,0,1,5
U0301,CP1692,0,0,1,0,3
U0301,CP1877,0,0,0,1,5
U0301,CP2050,1,149,0,0,1
U0301,CP2441,1,58,0,0,1
U0302,CP0049,1,187,0,0,1
U0302,CP0153,0,0,1,0,3
U0302,CP0494,1,191,0,0,1
U0302,CP0636,0,0,0,1,5
U0302,CP0986,1,274,0,0,1
U0302,CP1123,0,0,1,0,3
U0302,CP1135,0,0,1,0,3
U0302,CP1150,1,145,0,0,1
U0302,CP1196,1,119,0,0,1
U0302,CP1333,1,76,0,0,1
U0302,CP1420,1,260,0,0,1
U0302,CP1493,1,253,0,0,1
U0302,CP1711,1,270,0,0,1
U0302,CP1728,1,165,0,0,1
U0302,CP1921,1,117,0,0,1
U0302,CP2074,1,278,0,0,1
U0302,CP2318,1,67,0,0,1
U0302,CP2424,0,0,0,1,5
U0303,CP0058,1,268,0,0,1
U0303,CP0544,1,274,0,0,1
U0303,CP1262,0,0,0,1,5
U0303,CP1424,1,183,0,0,1
U0303,CP1614,1,106,0,0,1
U0303,CP1627,0,0,1,0,3
U0303,CP2010,0,0,1,0,3
U0303,CP2116,1,129,0,0,1
U0303,CP2185,1,51,0,0,1
U0304,CP0121,1,164,0,0,1
U0304,CP0632,1,242,0,0,1
U0304,CP0734,0,0,1,0,3
U0304,CP1108,0,0,0,1,5
U0304,CP1298,1,220,0,0,1
U0304,CP1704,1,230,0,0,1
U0304,CP1901,0,0,1,0,3
U0304,CP2051,1,207,0,0,1
U0304,CP2359,1,291,0,0,1
U0304,CP2470,1,281,0,0,1
U0305,CP0312,1,186,0,0,1
U0305,CP0408,0,0,1,0,3
U0305,CP0473,1,288,0,0,1
U0305,CP0991,1,185,0,0,1
U0305,CP1227,0,0,1,0,3
U0305,CP1264,0,0,0,1,5
U0305,CP1400,1,172,0,0,1
U0305,CP1457,1,33,0,0,1
U0305,CP1607,1,89,0,0,1
U0305,CP1746,1,77,0,0,1
U0305,CP2015,1,134,0,0,1
U0305,CP2055,0,0,1,0,3
U0305,CP2065,0,0,1,0,3
U0305,CP2073,1,224,0,0,1
U0305,CP2338,0,0,1,0,3
U0305,CP2357,1,216,0,0,1
U0306,CP0145,1,140,0,0,1
U0306,CP0221,1,130,0,0,1
U0306,CP0237,1,98,0,0,1
U0306,CP0436,1,205,0,0,1
U0306,CP0470,1,202,0,0,1
U0306,CP1078,0,0,0,1,5
U0306,CP1110,1,239,0,0,1
U0306,CP1316,1,167,0,0,1
U0306,CP1419,1,23,0,0,1
U0306,CP1468,0,0,1,0,3
U0306,CP1553,1,39,0,0,1
U0306,CP1597,0,0,1,0,3
U0306,CP1665,1,229,0,0,1
U0306,CP1749,1,80,0,0,1
U0306,CP2030,1,140,0,0,1
U0306,CP2105,1,104,0,0,1
U0306,CP2136,1,110,0,0,1
U0306,CP2345,1,291,0,0,1
U0306,CP2446,0,0,1,0,3
U0306,CP2479,1,59,0,0,1
U0307,CP0187,1,279,0,0,1
U0307,CP0189,1,176,0,0,1
U0307,CP0560,1,5,0,0,1
U0307,CP0724,0,0,1,0,3
U0307,CP0853,1,289,0,0,1
U0307,CP1230,0,0,1,0,3
U0307,CP1512,1,246,0,0,1
U0307,CP1628,0,0,0,1,5
U0307,CP1684,1,97,0,0,1
U0307,CP1697,1,193,0,0,1
U0307,CP2000,1,113,0,0,1
U0307,CP2040,0,0,1,0,3
U0307,CP2300,1,189,0,0,1
U0307,CP2381,1,148,0,0,1
U0308,CP0639,0,0,0,1,5
U0308,CP0642,1,117,0,0,1
U0308,CP0781,1,258,0,0,1
U0308,CP1055,1,191,0,0,1
U0308,CP1099,1,284,0,0,1
U0308,CP1632,0,0,1,0,3
U0308,CP1638,1,18,0,0,1
U0308,CP1990,1,167,0,0,1
U0308,CP2126,1,21,0,0,1
U0308,CP2388,0,0,1,0,3
U0308,CP2445,1,23,0,0,1
U0309,CP0270,0,0,1,0,3
U0309,CP0572,1,87,0,0,1
U0309,CP0759,1,266,0,0,1
U0309,CP0919,0,0,1,0,3
U0309,CP1031,1,144,0,0,1
U0309,CP1133,1,194,0,0,1
U0309,CP1358,1,50,0,0,1
U0309,CP1542,1,96,0,0,1
U0309,CP1577,1,226,0,0,1
U0309,CP1719,1,75,0,0,1
U0309,CP1909,1,198,0,0,1
U0309,CP2041,0,0,1,0,3
U0309,CP2136,0,0,0,1,5
U0309,CP2304,1,190,0,0,1
U0309,CP2322,1,41,0,0,1
U0309,CP2365,1,89,0,0,1
U0309,CP2378,1,111,0,0,1
U0310,CP0292,1,44,0,0,1
U0310,CP0319,0,0,1,0,3
U0310,CP0610,1,118,0,0,1
U0310,CP0636,1,55,0,0,1
U0310,CP0842,1,250,0,0,1
U0310,CP1596,1,236,0,0,1
U0310,CP1703,1,86,0,0,1
U0310,CP1814,1,116,0,0,1
U0310,CP2095,1,14,0,0,1
U0310,CP2481,0,0,1,0,3
U0311,CP0225,1,87,0,0,1
U0311,CP0321,1,11,0,0,1
U0311,CP0425,1,84,0,0,1
U0311,CP0540,0,0,1,0,3
U0311,CP0624,0,0,1,0,3
U0311,CP0634,1,161,0,0,1
U0311,CP0721,1,23,0,0,1
U0311,CP0795,1,108,0,0,1
U0311,CP0882,0,0,0,1,5
U0311,CP0928,0,0,0,1,5
U0311,CP1080,1,125,0,0,1
U0311,CP1206,1,95,0,0,1
U0311,CP1218,1,58,0,0,1
U0311,CP1436,0,0,0,1,5
U0311,CP1555,1,291,0,0,1
U0311,CP1614,0,0,1,0,3
U0311,CP1702,1,98,0,0,1
U0311,CP1784,1,188,0,0,1
U0311,CP1895,0,0,1,0,3
U0311,CP2281,1,229,0,0,1
U0311,CP2304,0,0,0,1,5
U0311,CP2314,0,0,1,0,3
U0311,CP2364,0,0,1,0,3
U0312,CP0304,0,0,0,1,5
U0312,CP1035,1,22,0,0,1
U0312,CP1054,1,225,0,0,1
U0312,CP1450,0,0,0,1,5
U0312,CP1765,1,58,0,0,1
U0312,CP2412,1,209,0,0,1
U0312,CP2486,1,207,0,0,1
U0313,CP0167,1,103,0,0,1
U0313,CP0231,1,241,0,0,1
U0313,CP0604,0,0,1,0,3
U0313,CP0694,1,163,0,0,1
U0313,CP0907,1,295,0,0,1
U0313,CP1010,1,207,0,0,1
U0313,CP1100,0,0,0,1,5
U0313,CP1328,0,0,0,1,5
U0313,CP1335,1,111,0,0,1
U0313,CP1473,1,211,0,0,1
U0313,CP1589,0,0,1,0,3
U0313,CP1776,1,161,0,0,1
U0313,CP1995,0,0,0,1,5
U0313,CP2052,1,208,0,0,1
U0313,CP2198,1,216,0,0,1
U0313,CP2301,1,85,0,0,1
U0313,CP2489,1,212,0,0,1
U0314,CP0070,1,141,0,0,1
U0314,CP0392,1,227,0,0,1
U0314,CP0831,0,0,0,1,5
U0314,CP0876,0,0,1,0,3
U0314,CP0948,1,80,0,0,1
U0314,CP1328,1,139,0,0,1
U0314,CP1484,0,0,1,0,3
U0314,CP1955,0,0,0,1,5
U0314,CP1960,1,119,0,0,1
U0314,CP2040,1,196,0,0,1
U0314,CP2058,1,218,0,0,1
U0314,CP2201,1,55,0,0,1
U0314,CP2260,1,285,0,0,1
U0314,CP2310,1,157,0,0,1
U0315,CP0088,1,79,0,0,1
U0315,CP0409,1,254,1,0,4
U0315,CP0506,1,229,0,0,1
U0315,CP0516,0,0,1,0,3
U0315,CP0663,0,0,1,0,3
U0315,CP1099,1,229,0,0,1
U0315,CP1393,1,300,0,0,1
U0315,CP1750,1,253,0,0,1
U0315,CP1808,1,184,0,0,1
U0315,CP2129,1,91,0,0,1
U0315,CP2198,1,206,0,0,1
U0316,CP0224,1,181,0,0,1
U0316,CP0397,1,264,0,0,1
U0316,CP0563,1,216,0,0,1
U0316,CP0796,0,0,1,0,3
U0316,CP0939,0,0,1,0,3
U0316,CP1012,1,221,0,0,1
U0316,CP1327,1,50,0,0,1
U0316,CP1477,1,140,0,0,1
U0316,CP1588,1,125,0,0,1
U0316,CP1679,1,182,0,0,1
U0316,CP1714,1,152,0,0,1
U0316,CP1897,0,0,0,1,5
U0316,CP2123,1,38,0,0,1
U0316,CP2241,0,0,0,1,5
U0316,CP2355,1,125,0,0,1
U0316,CP2498,1,44,0,0,1
U0317,CP0226,0,0,1,0,3
U0317,CP0424,1,283,0,0,1
U0317,CP0586,0,0,1,0,3
U0317,CP1035,1,226,0,0,1
U0317,CP1151,1,114,0,0,1
U0317,CP1441,1,167,0,0,1
U0317,CP1496,1,44,0,0,1
U0317,CP1558,1,90,0,0,1
U0317,CP2388,1,93,0,0,1
U0317,CP2484,1,147,0,0,1
U0318,CP0222,0,0,0,1,5
U0318,CP0683,1,84,0,0,1
U0318,CP1204,0,0,1,0,3
U0318,CP1224,0,0,1,0,3
U0318,CP1291,0,0,0,1,5
U0318,CP1377,0,0,1,0,3
U0318,CP1621,1,188,0,0,1
U0318,CP1732,1,179,0,0,1
U0318,CP1874,0,0,0,1,5
U0318,CP2378,1,199,0,0,1
U0319,CP0300,1,116,0,0,1
U0319,CP0309,1,169,0,0,1
U0319,CP0615,1,140,0,0,1
U0319,CP1050,0,0,0,1,5
U0319,CP1141,1,138,0,0,1
U0319,CP1247,1,184,0,0,1
U0319,CP1416,1,285,0,0,1
U0319,CP1605,0,0,0,1,5
U0319,CP1652,1,280,0,0,1
U0319,CP1685,1,123,0,0,1
U0319,CP1705,0,0,1,0,3
U0319,CP1850,0,0,1,0,3
U0319,CP1990,1,40,0,0,1
U0320,CP0011,1,174,0,0,1
U0320,CP0087,0,0,1,0,3
U0320,CP0491,1,17,0,0,1
U0320,CP0670,1,97,0,0,1
U0320,CP0788,1,132,0,0,1
U0320,CP0852,1,206,0,0,1
U0320,CP0982,0,0,1,0,3
U0320,CP1153,1,287,0,0,1
U0320,CP1540,1,55,0,0,1
U0320,CP1959,1,88,0,0,1
U0320,CP1965,1,170,0,0,1
U0320,CP2018,1,86,0,0,1
U0320,CP2051,1,30,0,0,1
U0320,CP2088,1,111,0,0,1
U0320,CP2144,1,37,0,0,1
U0321,CP0049,0,0,1,0,3
U0321,CP0052,1,30,0,0,1
U0321,CP0272,1,144,0,0,1
U0321,CP0472,1,145,0,0,1
U0321,CP0586,1,204,0,0,1
U0321,CP0643,1,286,0,0,1
U0321,CP0663,1,148,0,0,1
U0321,CP0845,1,265,0,0,1
U0321,CP0867,0,0,0,1,5
U0321,CP1179,0,0,0,1,5
U0321,CP1498,1,209,0,0,1
U0321,CP1603,1,189,0,0,1
U0321,CP1957,1,212,0,0,1
U0321,CP2092,0,0,1,0,3
U0321,CP2177,1,52,0,0,1
U0322,CP0156,1,203,0,0,1
U0322,CP0269,1,259,0,0,1
U0322,CP0279,1,150,0,0,1
U0322,CP0330,1,12,0,0,1
U0322,CP0349,1,138,0,0,1
U0322,CP0467,1,294,0,0,1
U0322,CP0549,1,239,0,0,1
U0322,CP0948,0,0,0,1,5
U0322,CP0954,1,243,0,0,1
U0322,CP1232,1,177,0,0,1
U0322,CP1536,1,113,0,0,1
U0322,CP1571,0,0,0,1,5
U0322,CP2152,1,242,0,0,1
U0322,CP2253,1,32,0,0,1
U0322,CP2286,1,127,0,0,1
U0322,CP2299,0,0,1,0,3
U0323,CP0047,0,0,1,0,3
U0323,CP0319,1,190,0,0,1
U0323,CP0376,1,54,0,0,1
U0323,CP0657,1,31,0,0,1
U0323,CP0686,0,0,1,0,3
U0323,CP0818,1,105,0,0,1
U0323,CP0825,0,0,0,1,5
U0323,CP1508,0,0,1,0,3
U0323,CP1591,1,300,0,0,1
U0323,CP1761,1,277,0,0,1
U0323,CP1833,0,0,1,0,3
U0323,CP1930,0,0,1,0,3
U0323,CP2424,1,53,0,0,1
U0323,CP2479,1,206,0,0,1
U0324,CP0058,1,9,0,0,1
U0324,CP0171,1,196,0,0,1
U0324,CP0521,1,147,0,0,1
U0324,CP0590,1,262,0,0,1
U0324,CP0609,0,0,0,1,5
U0324,CP0679,1,58,0,0,1
U0324,CP0802,1,257,0,0,1
U0324,CP0866,1,217,0,0,1
U0324,CP0981,1,296,0,0,1
U0324,CP1044,1,100,0,0,1
U0324,CP1186,1,260,0,0,1
U0324,CP1274,1,244,0,0,1
U0324,CP1315,1,39,0,0,1
U0324,CP1529,1,112,0,0,1
U0324,CP1582,1,226,0,0,1
U0324,CP1719,1,177,0,0,1
U0324,CP1801,1,44,0,0,1
U0324,CP2225,0,0,1,0,3
U0324,CP2359,0,0,1,0,3
U0324,CP2380,1,160,0,0,1
U0324,CP2411,1,154,0,0,1
U0325,CP0181,0,0,1,0,3
U0325,CP0276,1,117,0,0,1
U0325,CP0412,1,127,0,0,1
U0325,CP0609,1,10,0,0,1
U0325,CP0744,0,0,1,0,3
U0325,CP0756,1,125,0,0,1
U0325,CP1077,1,288,0,0,1
U0325,CP1144,1,247,0,0,1
U0325,CP1556,1,18,0,0,1
U0325,CP1613,0,0,1,0,3
U0325,CP1667,0,0,1,0,3
U0325,CP1754,1,190,0,0,1
U0325,CP1918,1,140,0,0,1
U0325,CP1924,0,0,0,1,5
U0325,CP1928,1,287,0,0,1
U0325,CP2009,0,0,0,1,5
U0325,CP2156,0,0,0,1,5
U0325,CP2426,1,265,0,0,1
U0326,CP0715,0,0,0,1,5
U0326,CP0786,1,174,0,0,1
U0326,CP1236,0,0,1,0,3
U0326,CP1867,1,254,0,0,1
U0326,CP1906,1,107,0,0,1
U0326,CP1912,1,100,0,0,1
U0326,CP1927,1,87,0,0,1
U0326,CP2135,1,48,0,0,1
U0326,CP2150,1,174,0,0,1
U0326,CP2349,0,0,0,1,5
U0326,CP2379,1,283,0,0,1
U0327,CP0205,1,221,0,0,1
U0327,CP0231,0,0,1,0,3
U0327,CP0413,1,98,0,0,1
U0327,CP0664,0,0,1,0,3
U0327,CP1016,0,0,1,0,3
U0327,CP1097,1,297,0,0,1
U0327,CP1263,0,0,0,1,5
U0327,CP1292,0,0,0,1,5
U0327,CP1467,0,0,0,1,5
U0327,CP2271,0,0,1,0,3
U0328,CP0019,1,204,0,0,1
U0328,CP0081,1,219,0,0,1
U0328,CP0663,1,8,0,0,1
U0328,CP0774,0,0,1,0,3
U0328,CP0839,0,0,1,0,3
U0328,CP1061,0,0,1,0,3
U0328,CP1162,1,161,0,0,1
U0328,CP1252,0,0,1,0,3
U0328,CP1444,1,65,0,0,1
U0328,CP1446,1,111,0,0,1
U0328,CP1732,1,42,0,0,1
U0328,CP1922,0,0,0,1,5
U0328,CP1993,1,245,0,0,1
U0328,CP2077,0,0,0,1,5
U0328,CP2116,1,58,0,0,1
U0328,CP2139,1,139,0,0,1
U0328,CP2165,1,14,0,0,1
U0329,CP0132,1,124,0,0,1
U0329,CP0282,1,283,0,0,1
U0329,CP0419,1,181,0,0,1
U0329,CP0816,1,175,0,0,1
U0329,CP0860,1,183,0,0,1
U0329,CP0936,1,167,0,0,1
U0329,CP0984,0,0,1,0,3
U0329,CP1070,0,0,1,0,3
U0329,CP1224,1,173,0,0,1
U0329,CP1253,1,186,0,0,1
U0329,CP1709,1,66,0,0,1
U0329,CP1742,1,58,0,0,1
U0329,CP1959,1,19,0,0,1
U0329,CP1984,1,277,0,0,1
U0329,CP2134,0,0,0,1,5
U0329,CP2373,1,261,0,0,1
U0329,CP2443,0,0,1,0,3
U0330,CP0074,1,91,0,0,1
U0330,CP0400,1,118,0,0,1
U0330,CP0661,1,55,0,0,1
U0330,CP0970,1,235,0,0,1
U0330,CP1219,1,12,0,0,1
U0330,CP1348,0,0,0,1,5
U0330,CP1358,1,103,0,0,1
U0330,CP1527,1,224,0,0,1
U0330,CP2121,1,282,0,0,1
U0330,CP2386,1,45,0,0,1
U0330,CP2404,0,0,1,0,3
U0330,CP2439,0,0,1,0,3
U0331,CP0192,0,0,0,1,5
U0331,CP0307,0,0,1,0,3
U0331,CP0412,1,182,0,0,1
U0331,CP0544,0,0,1,0,3
U0331,CP0715,1,220,0,0,1
U0331,CP0920,1,138,0,0,1
U0331,CP1246,1,254,0,0,1
U0331,CP1283,1,172,0,0,1
U0331,CP1410,0,0,0,1,5
U0331,CP1630,1,278,0,0,1
U0331,CP2000,0,0,1,0,3
U0331,CP2018,0,0,1,0,3
U0331,CP2054,1,100,0,0,1
U0331,CP2375,1,83,0,0,1
U0331,CP2445,1,298,0,0,1
U0332,CP0070,1,177,0,0,1
U0332,CP0241,1,20,0,0,1
U0332,CP0477,1,230,0,0,1
U0332,CP0767,1,182,0,0,1
U0332,CP1166,1,146,0,0,1
U0332,CP1192,1,153,0,0,1
U0332,CP1454,1,9,0,0,1
U0332,CP1458,0,0,0,1,5
U0332,CP1606,1,164,0,0,1
U0332,CP1728,1,10,0,0,1
U0332,CP2216,0,0,0,1,5
U0332,CP2227,0,0,1,0,3
U0332,CP2249,1,89,0,0,1
U0333,CP0144,0,0,1,0,3
U0333,CP0356,0,0,1,0,3
U0333,CP0487,0,0,0,1,5
U0333,CP0587,0,0,0,1,5
U0333,CP1253,1,298,0,0,1
U0333,CP1282,1,64,0,0,1
U0333,CP1379,1,57,0,0,1
U0333,CP1533,1,61,0,0,1
U0333,CP1565,0,0,0,1,5
U0333,CP1793,1,283,0,0,1
U0333,CP2223,0,0,0,1,5
U0333,CP2477,0,0,0,1,5
U0334,CP0022,1,202,0,0,1
U0334,CP0116,1,100,0,0,1
U0334,CP0224,0,0,1,0,3
U0334,CP0254,0,0,0,1,5
U0334,CP0320,0,0,1,0,3
U0334,CP0329,0,0,0,1,5
U0334,CP0724,0,0,0,1,5
U0334,CP0778,0,0,0,1,5
U0334,CP0781,1,189,0,0,1
U0334,CP0808,0,0,0,1,5
U0334,CP0945,1,300,0,0,1
U0334,CP0952,1,169,0,0,1
U0334,CP1251,1,239,0,0,1
U0334,CP1383,1,236,0,0,1
U0334,CP1475,1,24,0,0,1
U0334,CP1726,0,0,1,0,3
U0334,CP2015,1,255,0,0,1
U0334,CP2361,1,140,0,0,1
U0335,CP0002,1,39,0,0,1
U0335,CP0044,1,224,0,0,1
U0335,CP0259,0,0,0,1,5
U0335,CP0331,1,30,0,0,1
U0335,CP0409,1,241,0,0,1
U0335,CP0890,1,110,0,0,1
U0335,CP0992,1,140,0,0,1
U0335,CP1000,1,79,0,0,1
U0335,CP1354,1,38,0,0,1
U0335,CP1598,1,161,0,0,1
U0335,CP2311,0,0,0,1,5
U0336,CP0018,1,124,0,0,1
U0336,CP0220,1,248,0,0,1
U0336,CP0395,1,264,0,0,1
U0336,CP0421,0,0,0,1,5
U0336,CP0784,1,250,0,0,1
U0336,CP1645,0,0,1,0,3
U0336,CP2011,1,85,0,0,1
U0336,CP2040,1,161,0,0,1
U0336,CP2170,1,86,0,0,1
U0336,CP2473,1,36,0,0,1
U0337,CP0235,1,223,0,0,1
U0337,CP0253,1,91,0,0,1
U0337,CP0429,0,0,1,0,3
U0337,CP0549,0,0,0,1,5
U0337,CP0654,0,0,1,0,3
U0337,CP0760,1,33,0,0,1
U0337,CP1004,1,116,0,0,1
U0337,CP1005,0,0,0,1,5
U0337,CP1802,1,29,0,0,1
U0337,CP1854,0,0,1,0,3
U0337,CP2035,0,0,0,1,5
U0337,CP2168,1,270,0,0,1
U0337,CP2399,0,0,0,1,5
U0338,CP0123,1,273,0,0,1
U0338,CP0205,0,0,1,0,3
U0338,CP0421,0,0,0,1,5
U0338,CP0660,1,125,0,0,1
U0338,CP0725,1,70,0,0,1
U0338,CP1315,0,0,1,0,3
U0338,CP1405,1,45,0,0,1
U0338,CP1432,0,0,1,0,3
U0338,CP1516,1,52,0,0,1
U0338,CP1586,0,0,0,1,5
U0338,CP1622,1,78,0,0,1
U0338,CP2214,1,282,0,0,1
U0339,CP0066,1,160,0,0,1
U0339,CP0112,1,83,0,0,1
U0339,CP0590,1,174,0,0,1
U0339,CP0773,0,0,1,0,3
U0339,CP0791,1,299,0,0,1
U0339,CP1078,1,108,0,0,1
U0339,CP1197,0,0,1,0,3
U0339,CP1949,1,83,0,0,1
U0339,CP2023,1,108,0,0,1
U0339,CP2144,1,22,0,0,1
U0339,CP2482,1,176,0,0,1
U0340,CP0323,0,0,1,0,3
U0340,CP0485,0,0,1,0,3
U0340,CP0566,1,249,0,0,1
U0340,CP0582,1,139,0,0,1
U0340,CP0785,0,0,1,0,3
U0340,CP0888,1,196,0,0,1
U0340,CP1158,1,268,0,0,1
U0340,CP1310,1,256,0,0,1
U0340,CP1559,0,0,0,1,5
U0340,CP1589,1,76,0,0,1
U0340,CP1685,0,0,1,0,3
U0340,CP1690,1,34,0,0,1
U0340,CP1970,0,0,1,0,3
U0340,CP2029,1,92,0,0,1
U0340,CP2059,0,0,0,1,5
U0340,CP2061,1,233,0,0,1
U0340,CP2144,0,0,0,1,5
U0340,CP2289,1,115,0,0,1
U0340,CP2307,1,272,0,0,1
U0340,CP2311,1,36,0,0,1
U0340,CP2407,0,0,1,0,3
U0341,CP0050,1,288,0,0,1
U0341,CP0280,1,296,0,0,1
U0341,CP0454,0,0,1,0,3
U0341,CP0772,1,117,0,0,1
U0341,CP0783,1,82,0,0,1
U0341,CP1028,1,58,0,0,1
U0341,CP1331,0,0,1,0,3
U0341,CP1497,1,9,0,0,1
U0341,CP1889,1,295,0,0,1
U0341,CP1982,1,29,0,0,1
U0341,CP2005,1,5,0,0,1
U0341,CP2018,1,47,0,0,1
U0341,CP2140,1,237,0,0,1
U0341,CP2368,1,151,0,0,1
U0341,CP2449,0,0,1,0,3
U0341,CP2450,1,77,0,0,1
U0342,CP0019,1,105,0,0,1
U0342,CP0355,1,27,0,0,1
U0342,CP1013,0,0,1,0,3
U0342,CP1100,1,208,0,0,1
U0342,CP1494,1,290,0,0,1
U0342,CP1614,1,199,0,0,1
U0342,CP1659,0,0,0,1,5
U0342,CP1695,1,209,0,0,1
U0342,CP1934,1,174,0,0,1
U0342,CP2014,0,0,1,0,3
U0342,CP2105,1,66,0,0,1
U0342,CP2158,0,0,1,0,3
U0342,CP2461,0,0,1,0,3
U0342,CP2482,1,204,0,0,1
U0342,CP2499,1,44,0,0,1
U0343,CP0682,0,0,1,0,3
U0343,CP0684,0,0,1,0,3
U0343,CP0740,1,193,0,0,1
U0343,CP0981,0,0,0,1,5
U0343,CP1036,1,80,0,0,1
U0343,CP1278,1,264,0,0,1
U0343,CP1386,1,75,0,0,1
U0343,CP1396,1,12,0,0,1
U0343,CP1565,1,149,0,0,1
U0343,CP1732,1,259,0,0,1
U0343,CP1846,1,224,0,0,1
U0343,CP1950,0,0,1,0,3
U0343,CP2097,1,95,0,0,1
U0343,CP2397,1,145,0,0,1
U0344,CP0011,1,188,0,0,1
U0344,CP0095,1,240,0,0,1
U0344,CP0487,1,63,0,0,1
U0344,CP0677,0,0,0,1,5
U0344,CP0887,1,147,0,0,1
U0344,CP0925,1,205,0,0,1
U0344,CP0938,1,43,0,0,1
U0344,CP0969,1,298,0,0,1
U0344,CP1000,0,0,0,1,5
U0344,CP1125,1,43,0,0,1
U0344,CP1901,1,7,0,0,1
U0344,CP1914,0,0,1,0,3
U0344,CP1946,1,238,0,0,1
U0344,CP2066,1,221,0,0,1
U0344,CP2126,0,0,1,0,3
U0344,CP2174,0,0,1,0,3
U0344,CP2218,0,0,1,0,3
U0344,CP2489,1,25,0,0,1
U0345,CP0692,1,289,0,0,1
U0345,CP0972,1,275,0,0,1
U0345,CP0981,1,295,0,0,1
U0345,CP1032,1,227,0,0,1
U0345,CP1120,1,262,0,0,1
U0345,CP1184,1,160,0,0,1
U0345,CP1365,1,108,0,0,1
U0345,CP1376,1,134,0,0,1
U0345,CP1510,1,102,0,0,1
U0345,CP1547,1,11,0,0,1
U0345,CP1582,0,0,0,1,5
U0345,CP2111,1,105,0,0,1
U0345,CP2139,0,0,1,0,3
U0345,CP2167,0,0,0,1,5
U0345,CP2449,1,171,0,0,1
U0346,CP0108,1,295,0,0,1
U0346,CP0229,1,101,0,0,1
U0346,CP0394,0,0,1,0,3
U0346,CP0482,1,294,0,0,1
U0346,CP0613,0,0,0,1,5
U0346,CP0615,0,0,1,0,3
U0346,CP0855,0,0,0,1,5
U0346,CP0934,1,46,0,0,1
U0346,CP1011,1,195,0,0,1
U0346,CP1091,1,144,0,0,1
U0346,CP1592,1,254,0,0,1
U0346,CP1623,1,56,0,0,1
U0346,CP1833,1,259,0,0,1
U0346,CP2051,0,0,0,1,5
U0346,CP2439,1,196,0,0,1
U0347,CP0070,1,36,0,0,1
U0347,CP0077,1,278,0,0,1
U0347,CP0180,0,0,1,0,3
U0347,CP0621,1,205,0,0,1
U0347,CP1070,0,0,1,0,3
U0347,CP1268,1,11,0,0,1
U0347,CP1512,1,57,0,0,1
U0347,CP1564,0,0,0,1,5
U0347,CP1930,1,153,0,0,1
U0347,CP2035,1,7,0,0,1
U0347,CP2176,1,172,0,0,1
U0347,CP2282,1,294,0,0,1
U0347,CP2426,0,0,1,0,3
U0348,CP0110,1,71,0,0,1
U0348,CP0317,1,137,0,0,1
U0348,CP0442,1,189,0,0,1
U0348,CP0544,0,0,1,0,3
U0348,CP0631,1,104,0,0,1
U0348,CP0747,0,0,1,0,3
U0348,CP0861,1,113,0,0,1
U0348,CP1062,1,294,0,0,1
U0348,CP1271,1,162,0,0,1
U0348,CP1413,1,248,0,0,1
U0348,CP1545,1,6,0,0,1
U0348,CP1655,1,65,0,0,1
U0348,CP1802,1,184,0,0,1
U0348,CP1825,0,0,0,1,5
U0348,CP1872,0,0,1,0,3
U0348,CP2008,0,0,0,1,5
U0348,CP2361,1,92,0,0,1
U0349,CP0061,0,0,0,1,5
U0349,CP0328,1,187,0,0,1
U0349,CP0532,0,0,1,0,3
U0349,CP0903,1,147,0,0,1
U0349,CP1075,0,0,1,0,3
U0349,CP1174,1,220,0,0,1
U0349,CP1255,1,281,0,0,1
U0349,CP1313,0,0,0,1,5
U0349,CP1317,1,162,0,0,1
U0349,CP1482,1,247,0,0,1
U0349,CP1528,1,290,0,0,1
U0349,CP1552,1,138,0,0,1
U0349,CP1847,1,143,0,0,1
U0349,CP1861,1,44,0,0,1
U0349,CP1883,1,62,0,0,1
U0349,CP2099,0,0,1,0,3
U0349,CP2145,1,86,0,0,1
U0349,CP2296,1,265,0,0,1
U0350,CP0457,1,246,0,0,1
U0350,CP1107,1,271,0,0,1
U0350,CP1131,0,0,1,0,3
U0350,CP1263,1,282,0,0,1
U0350,CP1367,1,10,0,0,1
U0350,CP1543,1,168,0,0,1
U0350,CP2237,1,217,0,0,1
U0351,CP0325,1,299,0,0,1
U0351,CP0328,1,75,0,0,1
U0351,CP0471,1,122,0,0,1
U0351,CP0527,1,207,0,0,1
U0351,CP0774,1,24,0,0,1
U0351,CP1212,1,193,0,0,1
U0351,CP1246,1,130,0,0,1
U0351,CP1309,1,69,0,0,1
U0351,CP1647,1,216,0,0,1
U0351,CP2030,1,179,0,0,1
U0351,CP2129,0,0,1,0,3
U0351,CP2227,1,237,0,0,1
U0352,CP0109,1,84,0,0,1
U0352,CP0125,1,245,0,0,1
U0352,CP0176,1,239,0,0,1
U0352,CP0181,1,25,0,0,1
U0352,CP0185,1,142,0,0,1
U0352,CP0196,1,30,0,0,1
U0352,CP0202,1,229,0,0,1
U0352,CP0248,1,204,0,0,1
U0352,CP0305,0,0,0,1,5
U0352,CP0335,1,231,0,0,1
U0352,CP0437,0,0,1,0,3
U0352,CP0554,1,113,0,0,1
U0352,CP0602,1,174,0,0,1
U0352,CP0871,1,73,0,0,1
U0352,CP0888,1,291,0,0,1
U0352,CP0942,1,263,0,0,1
U0352,CP1066,1,197,0,0,1
U0352,CP1153,1,138,0,0,1
U0352,CP1379,0,0,0,1,5
U0352,CP1577,0,0,0,1,5
U0352,CP1765,1,233,0,0,1
U0352,CP1841,1,245,0,0,1
U0352,CP1946,0,0,1,0,3
U0352,CP2277,1,44,0,0,1
U0352,CP2381,1,158,0,0,1
U0352,CP2397,0,0,1,0,3
U0353,CP0570,1,109,0,0,1
U0353,CP0589,1,172,0,0,1
U0353,CP0626,0,0,0,1,5
U0353,CP0743,0,0,0,1,5
U0353,CP0788,1,275,0,0,1
U0353,CP0844,1,249,0,0,1
U0353,CP1058,0,0,1,0,3
U0353,CP1251,1,145,0,0,1
U0353,CP1323,1,107,0,0,1
U0353,CP1576,1,188,0,0,1
U0353,CP1628,1,8,0,0,1
U0353,CP1845,1,181,0,0,1
U0353,CP1902,0,0,0,1,5
U0353,CP2064,1,22,0,0,1
U0353,CP2109,0,0,1,0,3
U0353,CP2184,1,285,0,0,1
U0353,CP2243,1,258,0,0,1
U0353,CP2458,0,0,0,1,5
U0353,CP2463,1,253,0,0,1
U0354,CP0014,1,128,0,0,1
U0354,CP0263,1,24,0,0,1
U0354,CP0552,1,32,0,0,1
U0354,CP0564,0,0,1,0,3
U0354,CP0567,1,172,0,0,1
U0354,CP1203,0,0,1,0,3
U0354,CP1318,1,184,0,0,1
U0354,CP1492,0,0,0,1,5
U0354,CP1544,0,0,0,1,5
U0354,CP1594,0,0,1,0,3
U0354,CP1668,1,109,0,0,1
U0354,CP1734,0,0,0,1,5
U0354,CP1827,0,0,0,1,5
U0354,CP1909,1,207,0,0,1
U0354,CP2127,0,0,0,1,5
U0354,CP2213,1,164,0,0,1
U0354,CP2240,1,289,0,0,1
U0355,CP0153,0,0,1,0,3
U0355,CP0159,1,60,0,0,1
U0355,CP0163,1,234,0,0,1
U0355,CP0181,1,285,0,0,1
U0355,CP0521,1,82,0,0,1
U0355,CP0555,1,274,0,0,1
U0355,CP0756,1,255,0,0,1
U0355,CP0799,0,0,1,0,3
U0355,CP1094,1,299,0,0,1
U0355,CP1192,1,46,0,0,1
U0355,CP1209,1,148,0,0,1
U0355,CP1248,1,130,0,0,1
U0355,CP1477,1,33,0,0,1
U0355,CP1510,1,71,0,0,1
U0355,CP1597,1,264,0,0,1
U0355,CP1630,1,40,0,0,1
U0355,CP1668,1,220,0,0,1
U0355,CP1676,1,148,0,0,1
U0355,CP1713,1,117,0,0,1
U0355,CP1937,0,0,0,1,5
U0355,CP2106,0,0,0,1,5
U0355,CP2174,0,0,0,1,5
U0355,CP2318,0,0,0,1,5
U0355,CP2329,1,131,0,0,1
U0355,CP2417,1,186,0,0,1
U0356,CP0091,1,64,0,0,1
U0356,CP0412,1,163,0,0,1
U0356,CP0775,3,584,0,0,3
U0356,CP0991,1,162,0,0,1
U0356,CP1002,0,0,0,1,5
U0356,CP1190,0,0,1,0,3
U0356,CP1535,1,242,0,0,1
U0356,CP1706,0,0,0,1,5
U0356,CP1940,1,22,0,0,1
U0356,CP1982,1,144,0,0,1
U0356,CP2094,1,132,0,0,1
U0356,CP2307,1,280,0,0,1
U0356,CP2315,1,242,0,0,1
U0356,CP2395,0,0,0,1,5
U0357,CP0055,1,85,0,0,1
U0357,CP0094,1,219,0,0,1
U0357,CP0251,1,189,0,0,1
U0357,CP0370,1,222,0,0,1
U0357,CP0497,0,0,0,1,5
U0357,CP0538,0,0,0,1,5
U0357,CP0600,1,55,0,0,1
U0357,CP1114,1,96,0,0,1
U0357,CP1888,1,104,0,0,1
U0357,CP1912,1,173,0,0,1
U0357,CP1989,0,0,0,1,5
U0357,CP2078,0,0,1,0,3
U0357,CP2341,1,227,0,0,1
U0357,CP2422,0,0,0,1,5
U0357,CP2445,0,0,1,0,3
U0358,CP0207,1,14,0,0,1
U0358,CP0300,0,0,1,0,3
U0358,CP0302,1,60,0,0,1
U0358,CP0397,0,0,0,1,5
U0358,CP0399,0,0,0,1,5
U0358,CP0430,0,0,1,0,3
U0358,CP0714,0,0,1,0,3
U0358,CP0788,1,155,0,0,1
U0358,CP0897,0,0,0,1,5
U0358,CP1401,0,0,1,0,3
U0358,CP1692,1,117,0,0,1
U0358,CP1738,1,273,0,0,1
U0358,CP1759,1,198,0,0,1
U0358,CP2195,1,138,0,0,1
U0358,CP2203,0,0,1,0,3
U0358,CP2465,0,0,1,0,3
U0358,CP2489,0,0,0,1,5
U0359,CP0044,1,284,0,0,1
U0359,CP0090,1,104,0,0,1
U0359,CP0596,1,292,0,0,1
U0359,CP0724,1,135,0,0,1
U0359,CP0782,1,104,0,0,1
U0359,CP1073,0,0,1,0,3
U0359,CP1629,1,55,0,0,1
U0359,CP1633,0,0,1,0,3
U0359,CP1795,1,132,0,0,1
U0359,CP1832,1,102,0,0,1
U0359,CP2157,1,240,0,0,1
U0359,CP2344,1,79,0,0,1
U0359,CP2356,0,0,1,0,3
U0360,CP0083,0,0,0,1,5
U0360,CP0375,1,181,0,0,1
U0360,CP0683,1,227,0,0,1
U0360,CP0885,1,102,0,0,1
U0360,CP1048,0,0,0,1,5
U0360,CP1607,1,161,0,0,1
U0360,CP1766,0,0,1,0,3
U0360,CP1984,1,150,0,0,1
U0360,CP1988,1,219,0,0,1
U0360,CP2254,1,258,0,0,1
U0360,CP2417,1,266,0,0,1
U0361,CP0265,1,291,0,0,1
U0361,CP0270,0,0,1,0,3
U0361,CP0318,1,292,0,0,1
U0361,CP0323,1,266,0,0,1
U0361,CP0615,1,204,0,0,1
U0361,CP0717,0,0,1,0,3
U0361,CP0752,1,195,0,0,1
U0361,CP0764,1,155,0,0,1
U0361,CP1002,1,257,0,0,1
U0361,CP1138,1,109,0,0,1
U0361,CP1144,1,152,0,0,1
U0361,CP1449,1,149,0,0,1
U0361,CP1640,1,130,0,0,1
U0361,CP1731,1,157,0,0,1
U0361,CP2059,1,37,0,0,1
U0361,CP2131,1,63,0,0,1
U0361,CP2239,1,201,0,0,1
U0361,CP2308,0,0,0,1,5
U0362,CP0072,1,165,0,0,1
U0362,CP0078,0,0,0,1,5
U0362,CP0571,0,0,1,0,3
U0362,CP0984,1,290,0,0,1
U0362,CP1419,1,80,0,0,1
U0362,CP1496,0,0,1,0,3
U0362,CP1584,1,114,0,0,1
U0362,CP2027,0,0,0,1,5
U0362,CP2090,1,158,0,0,1
U0362,CP2115,0,0,1,0,3
U0362,CP2169,0,0,1,0,3
U0362,CP2370,1,52,0,0,1
U0363,CP0408,1,298,0,0,1
U0363,CP0461,1,213,0,0,1
U0363,CP1201,1,76,0,0,1
U0363,CP1364,0,0,0,1,5
U0363,CP1407,0,0,0,1,5
U0363,CP2014,0,0,0,1,5
U0363,CP2173,1,201,0,0,1
U0363,CP2246,1,28,0,0,1
U0364,CP0019,0,0,0,1,5
U0364,CP0023,0,0,1,0,3
U0364,CP0672,0,0,0,1,5
U0364,CP1061,1,171,0,0,1
U0364,CP1269,0,0,1,0,3
U0364,CP1469,0,0,0,1,5
U0364,CP1583,1,258,0,0,1
U0364,CP1793,1,153,0,0,1
U0364,CP2092,0,0,1,0,3
U0364,CP2145,1,24,0,0,1
U0364,CP2164,1,218,0,0,1
U0364,CP2312,1,41,0,0,1
U0364,CP2345,1,11,0,0,1
U0364,CP2349,1,58,0,0,1
U0364,CP2383,1,249,0,0,1
U0365,CP0257,1,30,0,0,1
U0365,CP0723,0,0,0,1,5
U0365,CP0855,1,273,0,0,1
U0365,CP1030,0,0,1,0,3
U0365,CP1097,1,24,0,0,1
U0365,CP1206,1,24,0,0,1
U0365,CP1248,0,0,0,1,5
U0365,CP1292,1,286,0,0,1
U0365,CP1849,1,107,0,0,1
U0365,CP1922,1,293,0,0,1
U0365,CP1949,1,118,0,0,1
U0365,CP2136,1,261,0,0,1
U0365,CP2189,1,282,0,0,1
U0365,CP2334,1,41,0,0,1
U0365,CP2494,0,0,1,0,3
U0366,CP0078,0,0,0,1,5
U0366,CP0381,0,0,0,1,5
U0366,CP0510,1,266,0,0,1
U0366,CP0554,0,0,0,1,5
U0366,CP0696,1,16,0,0,1
U0366,CP1192,1,32,0,0,1
U0366,CP1645,0,0,1,0,3
U0366,CP1697,1,33,0,0,1
U0366,CP2032,1,183,0,0,1
U0366,CP2309,1,269,0,0,1
U0366,CP2323,0,0,0,1,5
U0366,CP2452,1,281,0,0,1
U0367,CP0510,1,114,0,0,1
U0367,CP0662,1,117,0,0,1
U0367,CP0746,1,160,0,0,1
U0367,CP0834,1,112,0,0,1
U0367,CP0881,0,0,1,0,3
U0367,CP0893,1,97,0,0,1
U0367,CP0897,1,230,0,0,1
U0367,CP1108,1,144,0,0,1
U0367,CP1190,1,152,0,0,1
U0367,CP1422,0,0,1,0,3
U0367,CP1557,1,35,0,0,1
U0367,CP1823,0,0,0,1,5
U0367,CP1950,1,90,0,0,1
U0367,CP2140,1,265,0,0,1
U0367,CP2206,1,291,0,0,1
U0367,CP2296,0,0,1,0,3
U0367,CP2402,1,18,0,0,1
U0367,CP2406,1,263,0,0,1
U0368,CP0203,1,189,0,0,1
U0368,CP0246,0,0,0,1,5
U0368,CP0307,1,77,0,0,1
U0368,CP0958,1,237,0,0,1
U0368,CP1508,1,222,0,0,1
U0368,CP1585,1,49,0,0,1
U0368,CP1852,0,0,1,0,3
U0368,CP1887,0,0,1,0,3
U0368,CP2228,1,169,0,0,1
U0368,CP2251,1,180,0,0,1
U0368,CP2421,1,43,0,0,1
U0368,CP2427,0,0,0,1,5
U0369,CP0115,1,56,0,0,1
U0369,CP0191,1,53,0,0,1
U0369,CP0304,0,0,0,1,5
U0369,CP0357,1,271,0,0,1
U0369,CP0544,1,201,0,0,1
U0369,CP0623,1,41,0,0,1
U0369,CP0632,1,227,0,0,1
U0369,CP0800,1,35,0,0,1
U0369,CP1309,0,0,1,0,3
U0369,CP1320,0,0,1,0,3
U0369,CP1359,1,277,0,0,1
U0369,CP1481,1,111,0,0,1
U0369,CP1564,1,223,0,0,1
U0369,CP2077,0,0,1,0,3
U0369,CP2144,1,161,0,0,1
U0369,CP2186,1,231,0,0,1
U0369,CP2479,0,0,1,0,3
U0370,CP0339,1,261,0,0,1
U0370,CP0362,1,121,0,0,1
U0370,CP0864,0,0,1,0,3
U0370,CP0945,1,247,0,0,1
U0370,CP0953,0,0,1,0,3
U0370,CP1016,0,0,1,0,3
U0370,CP1357,1,51,0,0,1
U0370,CP1370,1,245,0,0,1
U0370,CP1389,1,181,0,0,1
U0370,CP1528,1,36,0,0,1
U0370,CP1666,0,0,1,0,3
U0370,CP1796,0,0,1,0,3
U0370,CP2017,0,0,0,1,5
U0370,CP2119,0,0,0,1,5
U0370,CP2197,0,0,1,0,3
U0370,CP2419,1,216,0,0,1
U0370,CP2488,1,196,0,0,1
U0371,CP0286,1,170,0,0,1
U0371,CP0415,1,266,0,0,1
U0371,CP0457,0,0,1,0,3
U0371,CP0602,1,202,0,0,1
U0371,CP0715,1,86,0,0,1
U0371,CP0725,1,80,0,0,1
U0371,CP0932,0,0,0,1,5
U0371,CP1003,1,183,0,0,1
U0371,CP1078,1,85,0,0,1
U0371,CP1563,1,97,0,0,1
U0371,CP1886,1,248,0,0,1
U0371,CP2044,1,144,0,0,1
U0371,CP2316,0,0,0,1,5
U0371,CP2352,1,135,0,0,1
U0371,CP2426,0,0,1,0,3
U0372,CP0172,1,65,0,0,1
U0372,CP0276,1,293,0,0,1
U0372,CP0320,1,30,0,0,1
U0372,CP0660,1,250,0,0,1
U0372,CP0671,1,231,0,0,1
U0372,CP0747,1,104,0,0,1
U0372,CP0795,1,214,0,0,1
U0372,CP0916,1,75,0,0,1
U0372,CP0921,0,0,0,1,5
U0372,CP1314,0,0,1,0,3
U0372,CP1584,0,0,0,1,5
U0372,CP1746,1,141,0,0,1
U0372,CP1955,1,292,0,0,1
U0372,CP2007,0,0,1,0,3
U0372,CP2058,0,0,0,1,5
U0373,CP0059,1,14,0,0,1
U0373,CP0145,1,230,0,0,1
U0373,CP0612,0,0,0,1,5
U0373,CP0670,1,92,0,0,1
U0373,CP1013,1,60,0,0,1
U0373,CP1067,0,0,1,0,3
U0373,CP1464,1,76,0,0,1
U0373,CP1582,0,0,1,0,3
U0373,CP1605,0,0,1,0,3
U0373,CP1629,1,47,0,0,1
U0373,CP1881,1,9,0,0,1
U0373,CP2087,0,0,1,0,3
U0373,CP2171,1,76,0,0,1
U0374,CP0008,0,0,1,0,3
U0374,CP0143,1,187,0,0,1
U0374,CP0347,1,128,0,0,1
U0374,CP0492,1,5,0,0,1
U0374,CP0603,0,0,1,0,3
U0374,CP0628,1,208,0,0,1
U0374,CP0716,1,174,0,0,1
U0374,CP0782,0,0,0,1,5
U0374,CP0947,1,131,0,0,1
U0374,CP1163,0,0,1,0,3
U0374,CP1396,0,0,0,1,5
U0374,CP1613,1,166,0,0,1
U0374,CP1714,1,56,0,0,1
U0374,CP1981,0,0,1,0,3
U0374,CP2057,0,0,0,1,5
U0374,CP2172,0,0,0,1,5
U0374,CP2352,1,239,0,0,1
U0375,CP0013,1,166,0,0,1
U0375,CP0089,0,0,1,0,3
U0375,CP0473,0,0,1,0,3
U0375,CP0589,0,0,1,0,3
U0375,CP0791,0,0,1,0,3
U0375,CP0827,1,120,0,0,1
U0375,CP0862,1,149,0,0,1
U0375,CP1588,1,68,0,0,1
U0375,CP1698,1,38,0,0,1
U0375,CP1948,0,0,1,0,3
U0375,CP2061,0,0,0,1,5
U0375,CP2194,1,184,0,0,1
U0375,CP2263,0,0,1,0,3
U0375,CP2352,1,114,0,0,1
U0375,CP2497,1,179,0,0,1
U0376,CP0131,1,169,0,0,1
U0376,CP0315,1,136,0,0,1
U0376,CP0720,0,0,1,0,3
U0376,CP1197,0,0,0,1,5
U0376,CP1248,1,181,0,0,1
U0376,CP1475,1,63,0,0,1
U0376,CP1494,0,0,0,1,5
U0376,CP1531,0,0,1,0,3
U0376,CP1673,0,0,1,0,3
U0376,CP1815,1,196,0,0,1
U0376,CP2251,0,0,1,0,3
U0376,CP2475,1,182,0,0,1
U0377,CP0002,1,185,0,0,1
U0377,CP0149,1,169,0,0,1
U0377,CP0190,0,0,1,0,3
U0377,CP0221,1,262,0,0,1
U0377,CP0311,1,146,0,0,1
U0377,CP0442,1,181,0,0,1
U0377,CP0465,1,106,0,0,1
U0377,CP0733,1,85,0,0,1
U0377,CP0839,1,122,0,0,1
U0377,CP0918,1,166,0,0,1
U0377,CP0998,1,96,0,0,1
U0377,CP1241,1,64,0,0,1
U0377,CP1340,1,56,0,0,1
U0377,CP1514,1,189,0,0,1
U0377,CP1537,0,0,1,0,3
U0377,CP1632,1,239,0,0,1
U0377,CP1746,1,246,0,0,1
U0377,CP1747,1,16,0,0,1
U0377,CP2267,1,118,0,0,1
U0377,CP2466,1,143,0,0,1
U0378,CP0548,1,202,0,0,1
U0378,CP0741,1,231,0,0,1
U0378,CP0959,1,145,0,0,1
U0378,CP1483,1,220,0,0,1
U0378,CP1676,1,89,0,0,1
U0378,CP1875,0,0,1,0,3
U0378,CP2002,1,153,0,0,1
U0378,CP2254,1,53,0,0,1
U0378,CP2337,0,0,0,1,5
U0378,CP2436,1,92,0,0,1
U0379,CP0124,1,140,0,0,1
U0379,CP0415,0,0,0,1,5
U0379,CP0731,1,179,0,0,1
U0379,CP0797,1,150,0,0,1
U0379,CP0838,1,252,0,0,1
U0379,CP0839,0,0,1,0,3
U0379,CP1009,1,128,0,0,1
U0379,CP1054,1,242,0,0,1
U0379,CP1180,0,0,1,0,3
U0379,CP1193,0,0,0,1,5
U0379,CP1283,1,159,0,0,1
U0379,CP1304,1,167,0,0,1
U0379,CP1492,0,0,1,0,3
U0379,CP1736,1,132,0,0,1
U0379,CP1786,0,0,0,1,5
U0379,CP1793,1,294,0,0,1
U0379,CP1880,0,0,1,0,3
U0379,CP1932,1,162,0,0,1
U0379,CP1982,1,136,0,0,1
U0379,CP2007,1,117,0,0,1
U0379,CP2111,0,0,1,0,3
U0379,CP2206,0,0,0,1,5
U0379,CP2498,1,70,0,0,1
U0380,CP0021,1,135,0,0,1
U0380,CP0099,1,47,0,0,1
U0380,CP0283,0,0,1,0,3
U0380,CP0784,1,134,0,0,1
U0380,CP0809,1,102,0,0,1
U0380,CP1156,1,161,0,0,1
U0380,CP1195,1,69,0,0,1
U0380,CP1216,0,0,0,1,5
U0380,CP1580,1,164,0,0,1
U0380,CP1606,1,249,0,0,1
U0380,CP1706,1,202,0,0,1
U0380,CP1802,0,0,1,0,3
U0380,CP1820,1,231,0,0,1
U0380,CP2126,1,288,0,0,1
U0380,CP2161,1,106,0,0,1
U0380,CP2379,1,233,0,0,1
U0380,CP2484,1,152,0,0,1
U0381,CP0065,1,254,0,0,1
U0381,CP0293,1,198,0,0,1
U0381,CP0402,1,285,0,0,1
U0381,CP0523,1,156,0,0,1
U0381,CP0903,1,130,0,0,1
U0381,CP1249,1,38,0,0,1
U0381,CP1298,1,117,0,0,1
U0381,CP1360,1,97,0,0,1
U0381,CP1639,0,0,1,0,3
U0381,CP1891,0,0,0,1,5
U0381,CP1895,0,0,1,0,3
U0381,CP1936,1,68,0,0,1
U0381,CP2199,1,231,0,0,1
U0381,CP2402,0,0,1,0,3
U0382,CP0033,1,266,0,0,1
U0382,CP0357,1,215,0,0,1
U0382,CP0524,1,184,0,0,1
U0382,CP0554,1,17,0,0,1
U0382,CP0652,1,77,0,0,1
U0382,CP0708,1,292,0,0,1
U0382,CP0977,1,132,0,0,1
U0382,CP0982,1,216,0,0,1
U0382,CP1055,0,0,0,1,5
U0382,CP1092,0,0,1,0,3
U0382,CP1171,0,0,1,0,3
U0382,CP1490,1,278,0,0,1
U0382,CP1773,1,218,0,0,1
U0382,CP2058,0,0,0,1,5
U0382,CP2133,0,0,0,1,5
U0383,CP0090,0,0,1,0,3
U0383,CP0101,1,158,0,0,1
U0383,CP0191,0,0,1,0,3
U0383,CP0322,1,298,0,0,1
U0383,CP0381,0,0,1,0,3
U0383,CP0708,1,71,0,0,1
U0383,CP0764,1,191,0,0,1
U0383,CP0902,0,0,0,1,5
U0383,CP1156,1,109,0,0,1
U0383,CP1176,1,87,0,0,1
U0383,CP1235,1,91,0,0,1
U0383,CP1387,1,11,0,0,1
U0383,CP1540,1,62,0,0,1
U0383,CP1715,1,110,0,0,1
U0383,CP2130,1,52,0,0,1
U0383,CP2440,1,190,0,0,1
U0384,CP0389,1,199,0,0,1
U0384,CP0684,1,282,0,0,1
U0384,CP0824,1,14,0,0,1
U0384,CP1104,1,15,0,0,1
U0384,CP1330,1,141,0,0,1
U0384,CP1762,1,223,0,0,1
U0384,CP1808,1,190,0,0,1
U0384,CP1833,1,277,0,0,1
U0384,CP1868,0,0,1,0,3
U0384,CP2041,0,0,1,0,3
U0384,CP2301,1,216,0,0,1
U0385,CP0058,1,176,0,0,1
U0385,CP0155,1,180,0,0,1
U0385,CP0190,1,95,0,0,1
U0385,CP0235,1,220,0,0,1
U0385,CP0250,0,0,1,0,3
U0385,CP0451,0,0,0,1,5
U0385,CP0590,1,229,0,0,1
U0385,CP0698,1,122,0,0,1
U0385,CP1221,1,123,0,0,1
U0385,CP1227,0,0,1,0,3
U0385,CP1234,1,77,0,0,1
U0385,CP1374,1,78,0,0,1
U0385,CP1515,1,139,0,0,1
U0385,CP1675,1,91,0,0,1
U0385,CP1741,1,31,0,0,1
U0385,CP2209,0,0,1,0,3
U0386,CP0315,1,216,0,0,1
U0386,CP0349,1,228,0,0,1
U0386,CP0357,1,111,0,0,1
U0386,CP1108,1,9,0,0,1
U0386,CP1237,1,193,0,0,1
U0386,CP1318,1,35,0,0,1
U0386,CP1507,0,0,1,0,3
U0386,CP1533,1,292,0,0,1
U0386,CP1945,1,201,0,0,1
U0387,CP0429,0,0,1,0,3
U0387,CP0518,0,0,1,0,3
U0387,CP0832,1,263,0,0,1
U0387,CP0898,0,0,0,1,5
U0387,CP0939,0,0,1,0,3
U0387,CP0951,1,196,0,0,1
U0387,CP1143,0,0,0,1,5
U0387,CP1203,0,0,1,0,3
U0387,CP1262,1,77,0,0,1
U0387,CP1544,0,0,1,0,3
U0387,CP1860,1,293,0,0,1
U0387,CP2023,0,0,1,0,3
U0387,CP2393,0,0,0,1,5
U0387,CP2396,0,0,0,1,5
U0388,CP0024,1,225,0,0,1
U0388,CP0049,1,283,0,0,1
U0388,CP0176,1,45,0,0,1
U0388,CP0337,1,115,0,0,1
U0388,CP0717,1,118,0,0,1
U0388,CP1005,1,27,0,0,1
U0388,CP1072,1,247,0,0,1
U0388,CP1390,0,0,0,1,5
U0388,CP1460,0,0,1,0,3
U0388,CP1474,1,81,0,0,1
U0388,CP1758,1,277,0,0,1
U0388,CP2152,0,0,0,1,5
U0388,CP2345,1,234,0,0,1
U0389,CP0020,1,144,0,0,1
U0389,CP0168,1,40,0,0,1
U0389,CP0288,1,231,0,0,1
U0389,CP0384,1,260,0,0,1
U0389,CP0399,0,0,0,1,5
U0389,CP0445,1,124,0,0,1
U0389,CP0663,1,199,0,0,1
U0389,CP0807,0,0,0,1,5
U0389,CP0829,0,0,1,0,3
U0389,CP0963,1,123,0,0,1
U0389,CP1427,1,233,0,0,1
U0389,CP1533,0,0,0,1,5
U0389,CP1546,1,149,0,0,1
U0389,CP1565,0,0,0,1,5
U0389,CP1586,1,173,0,0,1
U0389,CP1719,1,186,0,0,1
U0389,CP1909,1,231,0,0,1
U0389,CP1945,1,264,0,0,1
U0389,CP2419,1,196,0,0,1
U0390,CP0318,0,0,1,0,3
U0390,CP0762,1,164,0,0,1
U0390,CP0940,1,293,0,0,1
U0390,CP0957,1,226,0,0,1
U0390,CP0988,0,0,1,0,3
U0390,CP1031,0,0,1,0,3
U0390,CP1211,1,200,0,0,1
U0390,CP1496,1,92,0,0,1
U0390,CP2049,1,136,0,0,1
U0390,CP2177,1,175,0,0,1
U0390,CP2237,1,198,0,0,1
U0391,CP0128,1,40,0,0,1
U0391,CP0178,0,0,1,0,3
U0391,CP0273,0,0,0,1,5
U0391,CP0277,1,81,0,0,1
U0391,CP0312,0,0,1,0,3
U0391,CP0366,1,146,0,0,1
U0391,CP0501,1,183,0,0,1
U0391,CP0505,0,0,0,1,5
U0391,CP0598,1,77,0,0,1
U0391,CP0655,0,0,0,1,5
U0391,CP0974,1,233,0,0,1
U0391,CP1030,1,102,0,0,1
U0391,CP1044,1,143,0,0,1
U0391,CP1354,1,117,0,0,1
U0391,CP1485,1,132,0,0,1
U0391,CP1840,1,26,0,0,1
U0391,CP1864,0,0,1,0,3
U0391,CP1913,0,0,1,0,3
U0391,CP1924,1,282,0,0,1
U0391,CP2021,1,208,0,0,1
U0391,CP2068,1,163,0,0,1
U0391,CP2328,1,135,0,0,1
U0391,CP2427,0,0,1,0,3
U0392,CP0346,0,0,0,1,5
U0392,CP0635,0,0,1,0,3
U0392,CP0644,1,220,0,0,1
U0392,CP0667,1,153,0,0,1
U0392,CP0791,1,220,0,0,1
U0392,CP0801,1,131,0,0,1
U0392,CP0803,1,25,0,0,1
U0392,CP1055,0,0,0,1,5
U0392,CP1141,0,0,0,1,5
U0392,CP1323,0,0,1,0,3
U0392,CP1669,0,0,1,0,3
U0392,CP1778,1,45,0,0,1
U0392,CP1839,1,138,0,0,1
U0392,CP2124,0,0,1,0,3
U0392,CP2138,1,146,0,0,1
U0392,CP2253,0,0,1,0,3
U0392,CP2301,1,111,0,0,1
U0393,CP0202,1,154,0,0,1
U0393,CP0344,1,297,0,0,1
U0393,CP0391,1,232,0,0,1
U0393,CP0542,0,0,1,0,3
U0393,CP0547,1,179,0,0,1
U0393,CP0591,1,181,0,0,1
U0393,CP0594,1,257,0,0,1
U0393,CP0632,1,77,0,0,1
U0393,CP1044,0,0,1,0,3
U0393,CP1377,0,0,1,0,3
U0393,CP1430,1,238,0,0,1
U0393,CP1570,1,243,0,0,1
U0393,CP1571,0,0,0,1,5
U0393,CP1925,0,0,0,1,5
U0393,CP1959,1,229,0,0,1
U0393,CP2020,1,239,0,0,1
U0393,CP2166,1,122,0,0,1
U0393,CP2368,0,0,0,1,5
U0394,CP0521,1,16,0,0,1
U0394,CP0888,0,0,0,1,5
U0394,CP0912,0,0,1,0,3
U0394,CP1507,1,244,0,0,1
U0394,CP1681,1,285,0,0,1
U0394,CP2322,1,193,0,0,1
U0394,CP2405,0,0,1,0,3
U0394,CP2441,1,70,0,0,1
U0395,CP0072,0,0,1,0,3
U0395,CP0225,0,0,0,1,5
U0395,CP0631,1,112,0,0,1
U0395,CP0744,1,238,0,0,1
U0395,CP1112,1,134,0,0,1
U0395,CP1137,0,0,1,0,3
U0395,CP1208,1,169,0,0,1
U0395,CP1416,0,0,0,1,5
U0395,CP1525,0,0,1,0,3
U0395,CP1984,1,160,0,0,1
U0395,CP2251,1,288,0,0,1
U0395,CP2367,0,0,1,0,3
U0395,CP2392,1,166,0,0,1
U0395,CP2422,1,296,0,0,1
U0396,CP0083,1,115,0,0,1
U0396,CP0119,0,0,2,0,6
U0396,CP0242,1,263,0,0,1
U0396,CP0554,1,264,0,0,1
U0396,CP0611,0,0,0,1,5
U0396,CP0624,1,160,0,0,1
U0396,CP1042,1,66,0,0,1
U0396,CP1088,1,46,0,0,1
U0396,CP1230,0,0,1,0,3
U0396,CP1505,1,15,0,0,1
U0396,CP2258,1,93,0,0,1
U0396,CP2485,1,233,0,0,1
U0397,CP0182,0,0,0,1,5
U0397,CP0881,1,297,0,0,1
U0397,CP1193,1,206,0,0,1
U0397,CP1406,1,32,0,0,1
U0397,CP1489,1,248,0,0,1
U0397,CP1780,0,0,1,0,3
U0397,CP2212,1,252,0,0,1
U0397,CP2276,1,131,0,0,1
U0398,CP0276,0,0,1,0,3
U0398,CP0308,1,73,0,0,1
U0398,CP0641,1,67,0,0,1
U0398,CP0651,1,239,0,0,1
U0398,CP0762,1,134,0,0,1
U0398,CP0896,0,0,1,0,3
U0398,CP0946,0,0,0,1,5
U0398,CP1267,0,0,0,1,5
U0398,CP1467,0,0,0,1,5
U0398,CP1635,1,259,0,0,1
U0398,CP1790,1,179,0,0,1
U0398,CP1817,1,156,0,0,1
U0398,CP1864,0,0,1,0,3
U0398,CP2130,1,139,0,0,1
U0398,CP2302,1,217,0,0,1
U0399,CP0056,1,193,0,0,1
U0399,CP0118,1,199,0,0,1
U0399,CP0458,0,0,1,0,3
U0399,CP0591,0,0,1,0,3
U0399,CP0727,1,125,0,0,1
U0399,CP0944,1,63,0,0,1
U0399,CP1029,1,298,0,0,1
U0399,CP1568,0,0,0,1,5
U0399,CP1624,1,278,0,0,1
U0399,CP1696,0,0,1,0,3
U0399,CP1917,1,231,0,0,1
U0399,CP2437,1,269,0,0,1
U0400,CP0016,0,0,1,0,3
U0400,CP0326,1,139,0,0,1
U0400,CP0767,1,33,0,0,1
U0400,CP0864,1,299,0,0,1
U0400,CP0865,1,83,0,0,1
U0400,CP1315,1,58,0,0,1
U0400,CP1688,0,0,1,0,3
U0400,CP1696,1,20,0,0,1
U0400,CP1741,1,189,0,0,1
U0400,CP2077,1,201,0,0,1
U0400,CP2384,0,0,1,0,3
U0401,CP0080,1,135,0,0,1
U0401,CP0251,1,82,0,0,1
U0401,CP0348,0,0,0,1,5
U0401,CP0823,0,0,0,1,5
U0401,CP1175,1,179,0,0,1
U0401,CP1324,1,24,0,0,1
U0401,CP1391,1,150,0,0,1
U0401,CP1568,1,202,0,0,1
U0401,CP1862,1,290,0,0,1
U0401,CP2076,1,237,0,0,1
U0401,CP2124,1,154,0,0,1
U0401,CP2200,1,179,0,0,1
U0401,CP2342,0,0,0,1,5
U0402,CP0011,1,88,0,0,1
U0402,CP0250,1,84,0,0,1
U0402,CP0647,0,0,1,0,3
U0402,CP0965,0,0,1,0,3
U0402,CP1080,1,43,0,0,1
U0402,CP1109,1,280,0,0,1
U0402,CP1699,1,41,0,0,1
U0402,CP1801,0,0,1,0,3
U0402,CP1981,1,7,0,0,1
U0402,CP2240,0,0,0,1,5
U0403,CP0714,1,64,0,0,1
U0403,CP0999,1,25,0,0,1
U0403,CP1150,1,108,0,0,1
U0403,CP1154,0,0,1,0,3
U0403,CP1519,0,0,0,1,5
U0403,CP1619,0,0,1,0,3
U0403,CP1623,1,266,0,0,1
U0403,CP1649,1,153,0,0,1
U0403,CP1788,0,0,0,1,5
U0403,CP2334,1,30,0,0,1
U0403,CP2438,1,166,0,0,1
U0404,CP0124,1,135,0,0,1
U0404,CP0171,0,0,1,0,3
U0404,CP0438,0,0,0,1,5
U0404,CP0745,1,128,0,0,1
U0404,CP0919,1,272,0,0,1
U0404,CP0942,1,295,0,0,1
U0404,CP1037,0,0,0,1,5
U0404,CP1139,1,215,0,0,1
U0404,CP1202,0,0,0,1,5
U0404,CP1223,0,0,1,0,3
U0404,CP1238,0,0,1,0,3
U0404,CP1590,0,0,1,0,3
U0404,CP1836,1,54,0,0,1
U0404,CP1897,1,6,0,0,1
U0404,CP2276,0,0,0,1,5
U0404,CP2395,0,0,0,1,5
U0405,CP0031,0,0,1,0,3
U0405,CP0075,0,0,1,0,3
U0405,CP0077,1,182,0,0,1
U0405,CP0227,1,147,0,0,1
U0405,CP0329,0,0,1,0,3
U0405,CP0367,1,112,0,0,1
U0405,CP0442,1,286,0,0,1
U0405,CP0444,1,85,0,0,1
U0405,CP0633,1,76,0,0,1
U0405,CP0734,0,0,0,1,5
U0405,CP0839,1,195,0,0,1
U0405,CP0879,0,0,1,0,3
U0405,CP0929,0,0,1,0,3
U0405,CP1051,0,0,0,1,5
U0405,CP1809,1,169,0,0,1
U0405,CP1960,1,49,0,0,1
U0405,CP1968,0,0,1,0,3
U0405,CP2251,0,0,0,1,5
U0405,CP2315,1,47,0,0,1
U0405,CP2408,1,208,0,0,1
U0405,CP2454,0,0,0,1,5
U0405,CP2456,0,0,1,0,3
U0406,CP0255,1,12,0,0,1
U0406,CP0283,1,107,0,0,1
U0406,CP0412,1,96,0,0,1
U0406,CP0420,0,0,1,0,3
U0406,CP0451,1,194,0,0,1
U0406,CP0809,1,170,0,0,1
U0406,CP1373,1,185,0,0,1
U0406,CP1529,0,0,1,0,3
U0406,CP1574,1,95,0,0,1
U0406,CP1832,0,0,0,1,5
U0406,CP1876,0,0,0,1,5
U0406,CP2188,1,128,0,0,1
U0406,CP2360,1,171,0,0,1
U0406,CP2394,1,255,0,0,1
U0406,CP2406,1,99,0,0,1
U0407,CP0159,0,0,1,0,3
U0407,CP0201,1,135,0,0,1
U0407,CP0223,0,0,1,0,3
U0407,CP0370,1,66,0,0,1
U0407,CP0475,1,292,0,0,1
U0407,CP0587,1,181,0,0,1
U0407,CP0924,1,176,0,0,1
U0407,CP1065,0,0,1,0,3
U0407,CP1355,1,98,0,0,1
U0407,CP1412,1,229,0,0,1
U0407,CP1542,1,200,0,0,1
U0407,CP1763,1,262,0,0,1
U0407,CP1772,1,95,0,1,6
U0407,CP1782,0,0,1,0,3
U0407,CP1829,1,51,0,0,1
U0407,CP2259,0,0,0,1,5
U0408,CP0178,1,296,0,0,1
U0408,CP0453,1,193,0,0,1
U0408,CP0856,1,172,0,0,1
U0408,CP1018,0,0,0,1,5
U0408,CP1052,0,0,1,0,3
U0408,CP1173,0,0,0,1,5
U0408,CP1194,1,259,0,0,1
U0408,CP1313,1,206,0,0,1
U0408,CP1343,1,118,0,0,1
U0408,CP1365,1,130,0,0,1
U0408,CP1466,1,99,0,0,1
U0408,CP1573,1,269,0,0,1
U0408,CP1777,0,0,0,1,5
U0408,CP1937,0,0,1,0,3
U0408,CP2030,0,0,0,1,5
U0408,CP2148,1,208,0,0,1
U0408,CP2422,1,253,0,0,1
U0409,CP0529,1,277,0,0,1
U0409,CP0549,1,96,0,0,1
U0409,CP0725,1,158,0,0,1
U0409,CP0778,1,214,0,0,1
U0409,CP0828,0,0,0,1,5
U0409,CP0905,0,0,0,1,5
U0409,CP0954,1,85,0,0,1
U0409,CP1458,1,167,0,0,1
U0409,CP1655,0,0,1,0,3
U0409,CP1727,0,0,1,0,3
U0409,CP1768,1,97,0,0,1
U0409,CP1794,0,0,1,0,3
U0409,CP1911,0,0,1,0,3
U0409,CP1968,0,0,0,1,5
U0409,CP2011,1,116,0,0,1
U0409,CP2217,0,0,1,0,3
U0409,CP2275,0,0,1,0,3
U0409,CP2298,0,0,0,1,5
U0410,CP0486,1,149,0,0,1
U0410,CP0653,1,31,0,0,1
U0410,CP0747,1,180,0,0,1
U0410,CP0825,1,67,0,0,1
U0410,CP0915,1,127,0,0,1
U0410,CP0923,1,54,0,0,1
U0410,CP1375,0,0,1,0,3
U0410,CP1771,1,190,0,0,1
U0410,CP2072,0,0,0,1,5
U0410,CP2112,1,45,0,0,1
U0410,CP2193,1,139,0,0,1
U0410,CP2406,1,190,0,0,1
U0411,CP0023,1,82,0,0,1
U0411,CP0084,1,27,0,0,1
U0411,CP0085,1,296,0,0,1
U0411,CP0086,1,210,0,0,1
U0411,CP0357,1,77,0,0,1
U0411,CP0768,1,88,0,0,1
U0411,CP0771,1,246,0,0,1
U0411,CP0811,1,133,0,0,1
U0411,CP0857,0,0,0,1,5
U0411,CP1016,0,0,1,0,3
U0411,CP1112,0,0,0,1,5
U0411,CP1228,0,0,0,1,5
U0411,CP1353,1,191,0,0,1
U0411,CP1569,1,227,0,0,1
U0411,CP1599,1,293,0,0,1
U0411,CP1621,0,0,1,0,3
U0411,CP1709,1,191,0,0,1
U0411,CP2452,1,28,0,0,1
U0412,CP0018,1,97,0,0,1
U0412,CP0056,0,0,0,1,5
U0412,CP0306,0,0,0,1,5
U0412,CP0320,1,60,0,0,1
U0412,CP0674,1,154,0,0,1
U0412,CP0925,0,0,1,0,3
U0412,CP0972,1,212,0,0,1
U0412,CP1121,0,0,1,0,3
U0412,CP1161,1,251,0,0,1
U0412,CP1264,1,274,0,0,1
U0412,CP1677,1,190,0,0,1
U0412,CP1708,0,0,1,0,3
U0412,CP1766,0,0,1,0,3
U0412,CP1936,1,178,0,0,1
U0412,CP1987,1,159,0,0,1
U0412,CP2097,1,178,0,0,1
U0412,CP2376,1,70,0,0,1
U0413,CP0010,1,105,0,0,1
U0413,CP0085,0,0,1,0,3
U0413,CP0847,1,184,0,0,1
U0413,CP0922,1,241,0,0,1
U0413,CP1231,1,144,0,0,1
U0413,CP1536,1,220,0,0,1
U0413,CP1855,0,0,0,1,5
U0413,CP2100,0,0,1,0,3
U0413,CP2122,0,0,1,0,3
U0413,CP2160,1,250,0,0,1
U0413,CP2438,0,0,1,0,3
U0414,CP0069,1,123,0,0,1
U0414,CP0196,1,295,0,0,1
U0414,CP0248,0,0,0,1,5
U0414,CP0459,0,0,1,0,3
U0414,CP0520,0,0,1,0,3
U0414,CP0602,1,56,0,0,1
U0414,CP0788,1,131,0,0,1
U0414,CP0931,0,0,0,1,5
U0414,CP1018,1,60,0,0,1
U0414,CP1174,1,205,0,0,1
U0414,CP1370,1,38,0,0,1
U0414,CP1614,0,0,1,0,3
U0414,CP1686,0,0,1,0,3
U0414,CP1701,1,254,0,0,1
U0414,CP1856,1,225,0,0,1
U0414,CP1872,1,90,0,0,1
U0414,CP1985,0,0,0,1,5
U0414,CP2376,1,39,0,0,1
U0414,CP2377,1,18,0,0,1
U0414,CP2408,0,0,1,0,3
U0415,CP0143,0,0,1,0,3
U0415,CP0412,0,0,0,1,5
U0415,CP0472,1,143,0,0,1
U0415,CP0679,0,0,1,0,3
U0415,CP0733,1,34,0,0,1
U0415,CP1310,0,0,0,1,5
U0415,CP1335,1,10,0,0,1
U0415,CP1450,0,0,0,1,5
U0415,CP1824,1,120,0,0,1
U0415,CP1908,1,294,0,0,1
U0415,CP1938,1,86,0,0,1
U0415,CP2184,1,281,0,0,1
U0415,CP2323,1,170,0,0,1
U0416,CP0013,1,231,0,0,1
U0416,CP0065,1,241,0,0,1
U0416,CP0482,0,0,1,0,3
U0416,CP0729,0,0,1,0,3
U0416,CP0731,1,97,0,0,1
U0416,CP0906,1,50,0,0,1
U0416,CP1327,1,194,0,0,1
U0416,CP1562,1,254,0,0,1
U0416,CP1591,0,0,1,0,3
U0416,CP1739,1,186,0,0,1
U0416,CP1890,1,142,0,0,1
U0416,CP2153,1,147,0,0,1
U0416,CP2242,1,225,0,0,1
U0416,CP2451,1,235,0,0,1
U0417,CP0020,1,242,0,0,1
U0417,CP0131,1,40,0,0,1
U0417,CP0215,0,0,1,0,3
U0417,CP0316,1,18,0,0,1
U0417,CP0368,1,100,0,0,1
U0417,CP0725,1,15,0,0,1
U0417,CP0794,0,0,1,0,3
U0417,CP1120,0,0,1,0,3
U0417,CP1322,0,0,0,1,5
U0417,CP1339,1,159,0,0,1
U0417,CP1364,1,13,0,0,1
U0417,CP1640,1,230,0,0,1
U0417,CP1659,1,17,0,0,1
U0417,CP1845,1,22,0,0,1
U0417,CP2013,1,177,0,0,1
U0417,CP2027,1,114,0,0,1
U0417,CP2037,1,75,0,0,1
U0417,CP2436,1,19,0,0,1
U0417,CP2480,1,124,0,0,1
U0418,CP1384,1,31,0,0,1
U0418,CP1638,0,0,0,1,5
U0418,CP1651,1,243,0,0,1
U0418,CP1770,1,229,0,0,1
U0418,CP1901,0,0,0,1,5
U0418,CP2361,0,0,1,0,3
U0418,CP2389,1,27,0,0,1
U0418,CP2495,1,227,0,0,1
U0419,CP0197,0,0,1,0,3
U0419,CP0253,1,282,0,0,1
U0419,CP0329,1,168,0,0,1
U0419,CP0418,0,0,1,0,3
U0419,CP0485,1,195,0,0,1
U0419,CP0766,1,208,0,0,1
U0419,CP0854,0,0,0,1,5
U0419,CP1096,1,291,0,0,1
U0419,CP1351,1,26,0,0,1
U0419,CP1593,1,287,0,0,1
U0419,CP1763,1,50,0,0,1
U0419,CP2013,0,0,0,1,5
U0419,CP2044,1,125,0,0,1
U0419,CP2220,1,289,0,0,1
U0419,CP2295,1,151,0,0,1
U0419,CP2389,1,252,0,0,1
U0419,CP2457,1,5,0,0,1
U0420,CP0086,0,0,1,0,3
U0420,CP0355,0,0,0,1,5
U0420,CP0416,1,122,0,0,1
U0420,CP0508,1,229,0,0,1
U0420,CP0945,1,216,0,0,1
U0420,CP1051,0,0,1,0,3
U0420,CP1082,1,28,0,0,1
U0420,CP1124,1,128,0,0,1
U0420,CP1617,0,0,1,0,3
U0420,CP1716,1,99,0,0,1
U0420,CP1760,1,112,0,0,1
U0420,CP1768,0,0,0,1,5
U0420,CP1805,0,0,1,0,3
U0420,CP1826,1,72,0,0,1
U0420,CP1991,0,0,0,1,5
U0420,CP2354,1,225,0,0,1
U0420,CP2429,0,0,0,1,5
U0421,CP0164,1,34,0,0,1
U0421,CP0181,1,212,0,0,1
U0421,CP0487,1,24,0,0,1
U0421,CP0535,1,286,0,0,1
U0421,CP0936,0,0,1,0,3
U0421,CP0994,1,139,0,0,1
U0421,CP1160,0,0,1,0,3
U0421,CP1186,1,70,0,0,1
U0421,CP1359,0,0,1,0,3
U0421,CP1488,0,0,0,1,5
U0421,CP1506,0,0,1,0,3
U0421,CP1535,1,293,0,0,1
U0421,CP1601,0,0,1,0,3
U0421,CP1638,1,28,0,0,1
U0421,CP1687,1,73,0,0,1
U0421,CP1694,1,90,0,0,1
U0421,CP1704,1,289,0,0,1
U0421,CP1753,1,151,0,0,1
U0421,CP2405,0,0,1,0,3
U0422,CP0107,1,238,0,0,1
U0422,CP0290,0,0,0,1,5
U0422,CP0325,0,0,1,0,3
U0422,CP0424,0,0,1,0,3
U0422,CP0426,0,0,0,1,5
U0422,CP0804,0,0,0,1,5
U0422,CP0999,0,0,0,1,5
U0422,CP1029,0,0,1,0,3
U0422,CP1077,0,0,1,0,3
U0422,CP1352,0,0,0,1,5
U0422,CP1494,0,0,1,0,3
U0422,CP1626,0,0,1,0,3
U0422,CP1875,1,229,0,0,1
U0422,CP2050,1,250,0,0,1
U0422,CP2090,0,0,0,1,5
U0422,CP2407,0,0,1,0,3
U0422,CP2436,1,238,0,0,1
U0422,CP2441,0,0,1,0,3
U0423,CP0021,0,0,0,1,5
U0423,CP0249,0,0,0,1,5
U0423,CP0464,1,76,0,0,1
U0423,CP0879,0,0,1,0,3
U0423,CP1067,1,135,0,0,1
U0423,CP1221,1,238,0,0,1
U0423,CP1418,0,0,1,0,3
U0423,CP1580,0,0,0,1,5
U0423,CP1690,1,212,0,0,1
U0423,CP2243,1,135,0,0,1
U0423,CP2410,1,172,0,0,1
U0423,CP2429,0,0,0,1,5
U0424,CP0131,1,46,0,0,1
U0424,CP0182,1,52,0,0,1
U0424,CP0284,1,81,0,0,1
U0424,CP0397,1,171,0,0,1
U0424,CP0477,1,39,0,0,1
U0424,CP0576,1,135,0,0,1
U0424,CP0648,0,0,1,0,3
U0424,CP0945,1,193,0,0,1
U0424,CP1386,1,99,0,0,1
U0424,CP1473,0,0,1,0,3
U0424,CP1717,0,0,1,0,3
U0424,CP1760,1,56,0,0,1
U0424,CP1850,1,42,0,0,1
U0424,CP2225,0,0,1,0,3
U0424,CP2330,1,94,0,0,1
U0425,CP0330,0,0,1,0,3
U0425,CP1084,1,15,0,0,1
U0425,CP1108,1,157,0,0,1
U0425,CP1122,0,0,0,1,5
U0425,CP1529,1,224,0,0,1
U0425,CP1729,1,78,0,0,1
U0425,CP1853,1,92,0,0,1
U0425,CP1930,1,37,0,0,1
U0425,CP2282,1,21,0,0,1
U0425,CP2315,1,99,0,0,1
U0425,CP2364,1,125,0,0,1
U0425,CP2373,1,20,0,0,1
U0425,CP2498,0,0,0,1,5
U0426,CP0127,0,0,0,1,5
U0426,CP0574,0,0,1,0,3
U0426,CP0588,0,0,1,0,3
U0426,CP0658,0,0,1,0,3
U0426,CP0851,1,202,0,0,1
U0426,CP1046,0,0,1,0,3
U0426,CP1051,1,72,0,0,1
U0426,CP1202,0,0,0,1,5
U0426,CP1314,1,140,0,0,1
U0426,CP2024,1,189,0,0,1
U0426,CP2069,0,0,1,0,3
U0426,CP2079,1,97,0,0,1
U0426,CP2240,0,0,0,1,5
U0426,CP2256,0,0,1,0,3
U0426,CP2367,1,233,0,0,1
U0427,CP0672,1,246,0,0,1
U0427,CP0777,1,132,0,0,1
U0427,CP0979,0,0,1,0,3
U0427,CP1101,1,40,0,0,1
U0427,CP1119,1,82,0,0,1
U0427,CP1260,1,47,0,0,1
U0427,CP1311,0,0,1,0,3
U0427,CP1354,1,76,0,0,1
U0427,CP1516,0,0,1,0,3
U0427,CP1526,1,52,0,0,1
U0427,CP1880,1,287,0,0,1
U0427,CP2071,1,95,0,0,1
U0427,CP2232,0,0,1,0,3
U0427,CP2311,1,49,0,0,1
U0427,CP2312,1,279,0,0,1
U0427,CP2357,1,216,0,0,1
U0427,CP2361,1,204,0,0,1
U0427,CP2429,1,59,0,0,1
U0427,CP2430,0,0,0,1,5
U0427,CP2440,1,27,0,0,1
U0427,CP2463,1,218,0,0,1
U0427,CP2474,1,178,0,0,1
U0428,CP0032,0,0,1,0,3
U0428,CP1035,1,49,0,0,1
U0428,CP1111,0,0,0,1,5
U0428,CP1342,1,233,0,0,1
U0428,CP1415,1,158,0,0,1
U0428,CP1466,0,0,1,0,3
U0428,CP1758,0,0,1,0,3
U0428,CP2081,1,160,0,0,1
U0428,CP2439,0,0,1,0,3
U0428,CP2496,1,88,0,0,1
U0429,CP0227,1,19,0,0,1
U0429,CP0401,1,176,0,0,1
U0429,CP0450,1,232,0,0,1
U0429,CP0630,1,40,0,0,1
U0429,CP0736,1,82,0,0,1
U0429,CP0918,1,147,0,0,1
U0429,CP1120,1,96,0,0,1
U0429,CP1177,1,253,0,0,1
U0429,CP1576,0,0,1,0,3
U0429,CP1760,0,0,1,0,3
U0429,CP1806,0,0,0,1,5
U0429,CP1899,1,274,0,0,1
U0429,CP2042,1,126,0,0,1
U0429,CP2078,0,0,0,1,5
U0430,CP0043,0,0,1,0,3
U0430,CP0090,0,0,1,0,3
U0430,CP0506,0,0,0,1,5
U0430,CP0672,1,40,0,0,1
U0430,CP0768,1,41,0,0,1
U0430,CP0771,1,240,0,0,1
U0430,CP1194,0,0,0,1,5
U0430,CP1291,0,0,1,0,3
U0430,CP1399,1,298,0,0,1
U0430,CP1410,0,0,1,0,3
U0430,CP1679,1,57,0,0,1
U0430,CP2347,1,253,0,0,1
U0431,CP0434,1,70,0,0,1
U0431,CP0646,1,239,0,0,1
U0431,CP0697,0,0,0,1,5
U0431,CP0921,0,0,0,1,5
U0431,CP1363,1,230,0,0,1
U0431,CP1650,1,189,0,0,1
U0431,CP1792,1,285,0,0,1
U0431,CP1996,1,39,0,0,1
U0431,CP2074,1,9,0,0,1
U0431,CP2134,1,125,0,0,1
U0431,CP2242,1,62,0,0,1
U0431,CP2367,0,0,0,1,5
U0431,CP2409,1,211,0,0,1
U0431,CP2446,1,231,0,0,1
U0432,CP0037,1,144,0,0,1
U0432,CP0601,1,152,0,0,1
U0432,CP0923,1,117,0,0,1
U0432,CP0928,0,0,1,0,3
U0432,CP1331,1,84,0,0,1
U0432,CP1362,1,81,0,0,1
U0432,CP1389,0,0,1,0,3
U0432,CP1501,1,162,0,0,1
U0432,CP1595,1,164,0,0,1
U0432,CP1719,1,228,0,0,1
U0432,CP1751,1,69,0,0,1
U0432,CP1901,0,0,0,1,5
U0432,CP1982,0,0,0,1,5
U0433,CP0005,0,0,1,0,3
U0433,CP0390,1,115,0,0,1
U0433,CP0450,1,219,0,0,1
U0433,CP0520,1,113,0,0,1
U0433,CP0545,1,107,0,0,1
U0433,CP0800,1,204,0,0,1
U0433,CP1114,1,121,0,0,1
U0433,CP1128,1,223,0,0,1
U0433,CP1234,1,30,0,0,1
U0433,CP1577,1,18,0,0,1
U0433,CP1755,0,0,0,1,5
U0433,CP2147,0,0,1,0,3
U0433,CP2277,1,46,0,0,1
U0433,CP2451,1,295,0,0,1
U0433,CP2499,1,26,0,0,1
U0434,CP0088,0,0,1,0,3
U0434,CP0395,1,111,0,0,1
U0434,CP0706,1,7,0,0,1
U0434,CP0825,0,0,1,0,3
U0434,CP0981,1,54,0,0,1
U0434,CP1100,0,0,1,0,3
U0434,CP1185,1,134,0,0,1
U0434,CP1186,1,235,0,0,1
U0434,CP1269,1,274,0,0,1
U0434,CP1346,0,0,0,1,5
U0434,CP1484,1,192,0,0,1
U0434,CP1991,1,236,0,0,1
U0434,CP2001,1,290,0,0,1
U0434,CP2205,1,161,0,0,1
U0435,CP0083,1,48,0,0,1
U0435,CP0179,1,173,0,0,1
U0435,CP0657,0,0,1,0,3
U0435,CP0881,1,295,0,0,1
U0435,CP0905,1,100,0,0,1
U0435,CP1086,1,58,0,0,1
U0435,CP1470,1,241,0,0,1
U0435,CP1580,0,0,1,0,3
U0435,CP1866,1,139,0,0,1
U0435,CP2149,1,183,0,0,1
U0435,CP2235,1,158,0,0,1
U0435,CP2466,0,0,1,0,3
U0436,CP0094,0,0,1,0,3
U0436,CP0268,1,13,0,0,1
U0436,CP0278,1,233,0,0,1
U0436,CP0391,1,235,0,0,1
U0436,CP0762,1,154,0,0,1
U0436,CP0858,0,0,1,0,3
U0436,CP0922,1,213,0,0,1
U0436,CP1230,1,201,0,0,1
U0436,CP1388,1,12,0,0,1
U0436,CP1484,0,0,0,1,5
U0436,CP1552,1,138,0,0,1
U0436,CP1653,1,29,0,0,1
U0436,CP1970,1,117,0,0,1
U0436,CP2356,0,0,0,1,5
U0436,CP2390,1,22,0,0,1
U0437,CP0269,1,58,0,0,1
U0437,CP0384,0,0,1,0,3
U0437,CP0834,1,43,0,0,1
U0437,CP0952,0,0,1,0,3
U0437,CP1057,1,270,0,0,1
U0437,CP1287,1,118,0,0,1
U0437,CP1633,0,0,1,0,3
U0437,CP1741,1,29,0,0,1
U0437,CP1944,1,174,0,0,1
U0437,CP2081,1,284,0,0,1
U0438,CP0018,1,268,0,0,1
U0438,CP0132,0,0,0,1,5
U0438,CP0216,1,50,0,0,1
U0438,CP0838,1,287,0,0,1
U0438,CP0914,1,272,0,0,1
U0438,CP0937,1,275,0,0,1
U0438,CP1115,1,281,0,0,1
U0438,CP1167,1,114,0,0,1
U0438,CP1302,0,0,0,1,5
U0438,CP1599,1,227,0,0,1
U0438,CP1808,0,0,1,0,3
U0438,CP1811,0,0,0,1,5
U0438,CP2106,0,0,0,1,5
U0438,CP2157,1,231,0,0,1
U0438,CP2344,1,110,0,0,1
U0439,CP0041,0,0,1,0,3
U0439,CP0180,0,0,1,0,3
U0439,CP0223,1,189,0,0,1
U0439,CP0279,0,0,0,1,5
U0439,CP0511,1,47,0,0,1
U0439,CP1285,1,125,0,0,1
U0439,CP1290,1,283,0,0,1
U0439,CP1446,0,0,1,0,3
U0439,CP1996,0,0,0,1,5
U0439,CP2213,1,66,0,0,1
U0439,CP2341,1,92,0,0,1
U0439,CP2400,0,0,1,0,3
U0440,CP0207,1,208,0,0,1
U0440,CP0233,1,218,0,0,1
U0440,CP0618,0,0,1,0,3
U0440,CP0667,1,85,0,0,1
U0440,CP0762,1,72,0,0,1
U0440,CP0866,1,295,0,0,1
U0440,CP0889,0,0,0,1,5
U0440,CP0993,1,105,0,0,1
U0440,CP1401,1,111,0,0,1
U0440,CP1599,1,249,0,0,1
U0440,CP1647,1,221,0,0,1
U0440,CP1656,1,272,0,0,1
U0440,CP1886,1,164,0,0,1
U0440,CP1944,0,0,0,1,5
U0440,CP1993,0,0,1,0,3
U0440,CP2058,0,0,0,1,5
U0440,CP2176,0,0,0,1,5
U0441,CP0195,1,59,0,0,1
U0441,CP0846,1,191,0,0,1
U0441,CP0857,1,202,0,0,1
U0441,CP1078,1,169,0,0,1
U0441,CP1250,1,224,0,0,1
U0441,CP1279,1,248,0,0,1
U0441,CP1301,1,16,0,0,1
U0441,CP1422,0,0,1,0,3
U0441,CP1837,1,294,0,0,1
U0441,CP1854,0,0,1,0,3
U0441,CP2292,1,81,0,0,1
U0441,CP2293,1,265,0,0,1
U0441,CP2415,0,0,1,0,3
U0442,CP0517,0,0,1,0,3
U0442,CP0708,0,0,1,0,3
U0442,CP0763,1,253,0,0,1
U0442,CP0926,0,0,1,0,3
U0442,CP1022,1,249,0,0,1
U0442,CP1042,1,56,0,0,1
U0442,CP1251,1,130,0,0,1
U0442,CP1272,0,0,0,1,5
U0442,CP1364,1,264,0,0,1
U0442,CP1475,1,42,0,0,1
U0442,CP1737,1,146,0,0,1
U0442,CP1839,1,122,0,0,1
U0442,CP2026,1,79,0,0,1
U0442,CP2125,1,169,0,0,1
U0442,CP2289,1,108,0,0,1
U0442,CP2371,1,5,0,0,1
U0443,CP0214,1,59,0,0,1
U0443,CP0258,0,0,1,0,3
U0443,CP0269,0,0,1,0,3
U0443,CP0411,1,289,0,0,1
U0443,CP0554,1,33,0,0,1
U0443,CP0589,1,136,0,0,1
U0443,CP0625,1,171,1,0,4
U0443,CP0810,1,206,0,0,1
U0443,CP0911,1,91,0,0,1
U0443,CP1087,0,0,1,0,3
U0443,CP1192,0,0,0,1,5
U0443,CP1381,1,55,0,0,1
U0443,CP1392,0,0,1,0,3
U0443,CP1525,0,0,1,0,3
U0443,CP1864,1,283,0,0,1
U0443,CP2032,0,0,1,0,3
U0443,CP2073,1,97,0,0,1
U0443,CP2133,1,119,0,1,6
U0443,CP2354,1,188,0,0,1
U0443,CP2495,0,0,1,0,3
U0444,CP0031,0,0,0,1,5
U0444,CP0068,1,69,0,0,1
U0444,CP0265,0,0,1,0,3
U0444,CP0361,1,232,0,0,1
U0444,CP0416,1,44,0,0,1
U0444,CP0440,1,37,0,0,1
U0444,CP0494,1,49,0,0,1
U0444,CP0675,1,111,0,0,1
U0444,CP0865,1,264,0,0,1
U0444,CP1489,0,0,0,1,5
U0444,CP1513,1,110,0,0,1
U0444,CP1972,1,8,0,0,1
U0444,CP2022,0,0,1,0,3
U0444,CP2097,1,48,0,0,1
U0444,CP2298,0,0,0,1,5
U0444,CP2433,1,156,0,0,1
U0444,CP2490,0,0,0,1,5
U0445,CP0411,1,112,0,0,1
U0445,CP0718,1,32,0,0,1
U0445,CP0774,0,0,1,0,3
U0445,CP0776,0,0,1,0,3
U0445,CP1732,1,219,0,0,1
U0445,CP1992,1,95,0,0,1
U0445,CP2355,0,0,0,1,5
U0445,CP2395,0,0,1,0,3
U0446,CP0228,1,261,0,0,1
U0446,CP0421,1,284,0,0,1
U0446,CP0559,0,0,1,0,3
U0446,CP0570,1,232,0,0,1
U0446,CP0777,1,157,0,0,1
U0446,CP0857,1,142,0,0,1
U0446,CP1101,1,71,0,0,1
U0446,CP1300,1,196,0,0,1
U0446,CP1312,1,255,0,0,1
U0446,CP1434,0,0,0,1,5
U0446,CP1520,1,237,0,0,1
U0446,CP1635,0,0,1,0,3
U0446,CP1777,1,198,0,0,1
U0446,CP1856,1,262,0,0,1
U0446,CP2150,1,163,0,0,1
U0446,CP2279,1,206,0,0,1
U0447,CP0027,1,17,0,0,1
U0447,CP0064,1,191,0,0,1
U0447,CP0210,1,277,0,0,1
U0447,CP0679,1,139,0,0,1
U0447,CP0724,1,36,0,0,1
U0447,CP0741,0,0,0,1,5
U0447,CP0897,1,38,0,0,1
U0447,CP0974,1,170,0,0,1
U0447,CP1650,0,0,1,0,3
U0447,CP1788,1,46,0,0,1
U0447,CP2139,0,0,1,0,3
U0447,CP2263,1,189,0,0,1
U0447,CP2485,1,243,0,0,1
U0447,CP2488,1,137,0,0,1
U0448,CP0137,1,280,0,0,1
U0448,CP0229,1,34,0,0,1
U0448,CP1058,0,0,1,0,3
U0448,CP1300,1,233,0,0,1
U0448,CP1415,1,255,0,0,1
U0448,CP1524,0,0,1,0,3
U0448,CP1591,0,0,1,0,3
U0448,CP1617,0,0,0,1,5
U0448,CP1635,1,165,0,0,1
U0448,CP1679,1,272,0,0,1
U0448,CP1838,1,74,0,0,1
U0448,CP2066,1,10,0,0,1
U0448,CP2164,1,298,0,0,1
U0448,CP2329,1,33,0,0,1
U0448,CP2338,1,201,1,0,4
U0448,CP2360,1,103,0,0,1
U0448,CP2418,1,198,0,0,1
U0448,CP2486,1,223,0,0,1
U0449,CP0335,0,0,1,0,3
U0449,CP0366,1,45,0,0,1
U0449,CP0370,1,127,0,0,1
U0449,CP0480,1,211,0,0,1
U0449,CP0645,1,264,0,0,1
U0449,CP0690,1,56,0,0,1
U0449,CP0726,0,0,1,0,3
U0449,CP0823,1,39,0,0,1
U0449,CP1176,0,0,0,1,5
U0449,CP1202,0,0,1,0,3
U0449,CP1216,0,0,0,1,5
U0449,CP1291,0,0,0,1,5
U0449,CP1316,0,0,1,0,3
U0449,CP1493,0,0,1,0,3
U0449,CP1510,1,165,0,0,1
U0449,CP2260,0,0,1,0,3
U0449,CP2317,1,102,0,0,1
U0449,CP2414,1,221,0,0,1
U0450,CP0138,1,24,0,0,1
U0450,CP0551,1,198,0,0,1
U0450,CP0589,0,0,0,1,5
U0450,CP0648,0,0,0,1,5
U0450,CP0790,0,0,1,0,3
U0450,CP0944,0,0,0,1,5
U0450,CP0945,1,88,0,0,1
U0450,CP0958,1,72,0,0,1
U0450,CP1323,1,71,0,0,1
U0450,CP1377,1,265,0,0,1
U0450,CP1448,0,0,1,0,3
U0450,CP1577,1,219,0,0,1
U0450,CP1801,1,110,0,0,1
U0450,CP1938,1,154,0,0,1
U0450,CP2134,1,176,0,0,1
U0451,CP0091,1,155,0,0,1
U0451,CP0222,1,149,0,0,1
U0451,CP0324,1,90,0,0,1
U0451,CP0410,1,290,0,0,1
U0451,CP0747,1,173,0,0,1
U0451,CP0988,1,33,0,0,1
U0451,CP1047,1,248,0,0,1
U0451,CP1066,0,0,0,1,5
U0451,CP1170,0,0,1,0,3
U0451,CP1176,1,276,0,0,1
U0451,CP1383,0,0,1,0,3
U0451,CP1557,0,0,1,0,3
U0451,CP1611,1,43,0,0,1
U0451,CP1736,1,10,0,0,1
U0451,CP2173,1,63,0,0,1
U0451,CP2353,0,0,1,0,3
U0452,CP0355,0,0,0,1,5
U0452,CP0576,0,0,1,0,3
U0452,CP0789,1,249,0,0,1
U0452,CP1093,1,199,0,0,1
U0452,CP1095,0,0,1,0,3
U0452,CP1204,0,0,0,1,5
U0452,CP1292,0,0,0,1,5
U0452,CP1570,0,0,1,0,3
U0452,CP1606,0,0,1,0,3
U0452,CP1621,1,193,0,0,1
U0452,CP1685,1,259,0,0,1
U0452,CP1720,0,0,1,0,3
U0452,CP1723,1,186,0,0,1
U0452,CP1749,0,0,1,0,3
U0452,CP2024,0,0,1,0,3
U0452,CP2084,1,7,0,0,1
U0452,CP2141,0,0,1,0,3
U0453,CP0294,0,0,1,0,3
U0453,CP0775,0,0,1,0,3
U0453,CP0962,1,22,0,0,1
U0453,CP1055,1,160,0,0,1
U0453,CP1434,1,239,0,0,1
U0453,CP1447,1,293,0,0,1
U0453,CP1485,1,277,0,0,1
U0453,CP1533,0,0,0,1,5
U0454,CP0086,1,96,0,0,1
U0454,CP0559,1,61,0,0,1
U0454,CP1177,0,0,0,1,5
U0454,CP1641,1,48,0,0,1
U0454,CP1760,0,0,1,0,3
U0454,CP1896,1,111,0,0,1
U0454,CP1978,0,0,1,0,3
U0454,CP2018,1,235,0,0,1
U0454,CP2132,1,292,0,0,1
U0454,CP2149,0,0,1,0,3
U0455,CP0004,1,155,0,0,1
U0455,CP0070,0,0,0,1,5
U0455,CP0285,0,0,1,0,3
U0455,CP0289,1,198,0,0,1
U0455,CP0459,1,106,0,0,1
U0455,CP0538,1,182,0,0,1
U0455,CP0661,1,290,0,0,1
U0455,CP1032,1,156,0,0,1
U0455,CP1045,1,254,0,0,1
U0455,CP1086,1,71,0,0,1
U0455,CP1220,1,44,0,0,1
U0455,CP1251,1,230,0,0,1
U0455,CP1293,1,137,0,0,1
U0455,CP1440,1,67,0,0,1
U0455,CP1653,1,234,0,0,1
U0455,CP2069,1,259,0,0,1
U0455,CP2319,1,99,0,0,1
U0455,CP2321,1,9,0,0,1
U0456,CP0021,1,201,0,0,1
U0456,CP0062,1,32,0,0,1
U0456,CP0123,1,201,0,0,1
U0456,CP0184,1,29,0,0,1
U0456,CP0278,1,270,0,0,1
U0456,CP0562,1,87,0,0,1
U0456,CP0749,1,215,0,0,1
U0456,CP1011,1,56,0,0,1
U0456,CP1319,0,0,1,0,3
U0456,CP1424,1,193,0,0,1
U0456,CP1643,1,13,0,0,1
U0456,CP1666,1,211,0,0,1
U0456,CP1723,0,0,1,0,3
U0456,CP1881,0,0,0,1,5
U0456,CP2054,0,0,1,0,3
U0456,CP2108,1,201,0,0,1
U0456,CP2362,1,19,0,0,1
U0456,CP2453,0,0,1,0,3
U0457,CP0481,1,31,0,0,1
U0457,CP0504,1,238,0,0,1
U0457,CP0524,1,169,0,0,1
U0457,CP0561,0,0,1,0,3
U0457,CP0696,1,263,0,0,1
U0457,CP1194,1,46,0,0,1
U0457,CP1205,1,68,0,0,1
U0457,CP1217,1,28,0,0,1
U0457,CP1395,0,0,0,1,5
U0457,CP1924,1,20,0,0,1
U0457,CP2303,1,299,0,0,1
U0457,CP2423,1,25,0,0,1
U0457,CP2486,1,114,0,0,1
U0458,CP0073,1,284,0,0,1
U0458,CP0118,1,229,0,0,1
U0458,CP0356,1,177,0,0,1
U0458,CP0533,0,0,0,1,5
U0458,CP0727,1,31,0,0,1
U0458,CP0799,1,177,0,0,1
U0458,CP0854,0,0,0,1,5
U0458,CP0892,1,190,0,0,1
U0458,CP0936,0,0,0,1,5
U0458,CP1352,1,266,0,0,1
U0458,CP1560,1,105,0,0,1
U0458,CP1646,1,61,0,0,1
U0458,CP1811,1,163,0,0,1
U0458,CP1819,0,0,1,0,3
U0458,CP1861,1,284,0,0,1
U0458,CP1922,0,0,1,0,3
U0458,CP1926,0,0,1,0,3
U0458,CP2082,0,0,1,0,3
U0458,CP2491,1,230,0,0,1
U0459,CP0060,1,194,0,0,1
U0459,CP0305,1,212,0,0,1
U0459,CP0315,1,120,0,0,1
U0459,CP0329,1,168,0,0,1
U0459,CP0837,0,0,1,0,3
U0459,CP0857,1,234,0,0,1
U0459,CP0973,1,33,0,0,1
U0459,CP1790,0,0,1,0,3
U0459,CP2104,1,33,0,0,1
U0459,CP2329,1,116,0,0,1
U0459,CP2500,0,0,1,0,3
U0460,CP0056,1,175,0,0,1
U0460,CP0193,0,0,1,0,3
U0460,CP0230,1,101,0,0,1
U0460,CP0345,1,43,0,0,1
U0460,CP0382,0,0,1,0,3
U0460,CP0485,1,256,0,0,1
U0460,CP0684,1,81,0,0,1
U0460,CP0714,1,226,0,0,1
U0460,CP0748,1,23,0,0,1
U0460,CP0836,0,0,1,0,3
U0460,CP0966,1,250,0,0,1
U0460,CP1228,1,279,0,0,1
U0460,CP1362,0,0,1,0,3
U0460,CP1569,1,221,0,0,1
U0460,CP1710,1,23,0,0,1
U0460,CP1824,0,0,0,1,5
U0460,CP1986,1,84,0,0,1
U0460,CP2319,1,139,0,0,1
U0461,CP0349,0,0,1,0,3
U0461,CP0372,0,0,1,0,3
U0461,CP0433,1,9,0,0,1
U0461,CP0695,1,299,0,0,1
U0461,CP0825,1,115,0,0,1
U0461,CP0884,1,201,0,0,1
U0461,CP1103,1,19,0,0,1
U0461,CP1304,1,239,0,0,1
U0461,CP1329,1,254,0,0,1
U0461,CP1399,1,10,0,0,1
U0461,CP1711,0,0,1,0,3
U0461,CP1839,1,288,0,0,1
U0461,CP2012,1,53,0,0,1
U0462,CP0561,0,0,1,0,3
U0462,CP1077,1,131,0,0,1
U0462,CP1468,0,0,0,1,5
U0462,CP1712,0,0,1,0,3
U0462,CP1776,1,270,0,0,1
U0462,CP2104,1,59,0,0,1
U0462,CP2322,0,0,0,1,5
U0462,CP2365,0,0,0,1,5
U0463,CP0163,0,0,1,0,3
U0463,CP0168,1,143,0,0,1
U0463,CP0263,0,0,1,0,3
U0463,CP0459,1,76,0,0,1
U0463,CP0570,1,142,0,0,1
U0463,CP0889,0,0,0,1,5
U0463,CP1288,0,0,1,0,3
U0463,CP1593,0,0,1,0,3
U0463,CP1719,0,0,1,0,3
U0463,CP1842,1,266,0,0,1
U0463,CP1871,1,29,0,0,1
U0463,CP2033,0,0,1,0,3
U0463,CP2039,1,112,0,0,1
U0463,CP2192,0,0,1,0,3
U0463,CP2221,1,5,0,0,1
U0463,CP2234,1,110,0,0,1
U0464,CP0225,1,167,0,0,1
U0464,CP0309,1,208,0,0,1
U0464,CP0352,0,0,1,0,3
U0464,CP0550,1,14,0,0,1
U0464,CP0673,1,151,0,0,1
U0464,CP0715,0,0,1,0,3
U0464,CP0736,0,0,1,0,3
U0464,CP0749,0,0,1,0,3
U0464,CP1143,1,138,0,0,1
U0464,CP2009,0,0,1,0,3
U0464,CP2047,1,195,0,0,1
U0464,CP2339,1,26,0,0,1
U0465,CP0343,1,29,0,0,1
U0465,CP0477,0,0,1,0,3
U0465,CP0638,1,291,0,0,1
U0465,CP0719,1,218,0,0,1
U0465,CP0845,0,0,1,0,3
U0465,CP0881,0,0,1,0,3
U0465,CP0994,1,77,0,0,1
U0465,CP1115,1,41,0,0,1
U0465,CP1131,0,0,1,0,3
U0465,CP1526,0,0,1,0,3
U0465,CP1763,1,298,0,0,1
U0465,CP1857,1,42,0,0,1
U0465,CP1972,1,167,0,0,1
U0465,CP2017,0,0,1,0,3
U0465,CP2335,1,125,0,0,1
U0466,CP0585,1,258,0,0,1
U0466,CP0781,1,237,0,0,1
U0466,CP1264,1,133,0,0,1
U0466,CP1572,0,0,1,0,3
U0466,CP2174,1,287,0,0,1
U0466,CP2448,1,93,0,0,1
U0467,CP0264,0,0,0,1,5
U0467,CP0265,1,136,0,0,1
U0467,CP0267,0,0,0,1,5
U0467,CP0361,1,213,0,0,1
U0467,CP0435,1,260,0,0,1
U0467,CP0548,1,108,0,0,1
U0467,CP0800,1,27,0,0,1
U0467,CP0978,1,168,0,0,1
U0467,CP1149,1,273,0,0,1
U0467,CP1160,1,268,0,0,1
U0467,CP1192,1,144,0,0,1
U0467,CP1300,0,0,1,0,3
U0467,CP1538,0,0,1,0,3
U0467,CP1627,1,231,0,0,1
U0467,CP1664,1,165,0,0,1
U0467,CP1693,1,25,0,0,1
U0467,CP1833,0,0,0,1,5
U0467,CP2008,1,290,0,0,1
U0467,CP2076,1,68,0,0,1
U0467,CP2078,0,0,0,1,5
U0468,CP0214,1,205,0,0,1
U0468,CP0301,1,286,0,0,1
U0468,CP0615,0,0,0,1,5
U0468,CP0638,1,115,0,0,1
U0468,CP0722,1,22,0,0,1
U0468,CP0899,1,164,0,0,1
U0468,CP1104,0,0,0,1,5
U0468,CP1191,1,234,0,0,1
U0468,CP1378,0,0,0,1,5
U0468,CP1433,1,280,0,0,1
U0468,CP1558,1,40,0,0,1
U0468,CP1976,0,0,1,0,3
U0468,CP2025,0,0,1,0,3
U0468,CP2115,0,0,0,1,5
U0468,CP2156,1,103,0,0,1
U0468,CP2310,1,100,0,0,1
U0468,CP2384,0,0,1,0,3
U0469,CP0033,1,52,0,0,1
U0469,CP0195,0,0,0,1,5
U0469,CP0261,0,0,1,0,3
U0469,CP0374,0,0,0,1,5
U0469,CP0379,0,0,1,0,3
U0469,CP0392,0,0,1,0,3
U0469,CP0495,1,53,0,0,1
U0469,CP0555,1,35,0,0,1
U0469,CP0573,1,53,0,0,1
U0469,CP0931,1,29,0,0,1
U0469,CP1032,0,0,1,0,3
U0469,CP1227,1,15,0,0,1
U0469,CP1283,1,143,0,0,1
U0469,CP1318,1,261,0,0,1
U0469,CP1417,1,136,0,0,1
U0469,CP1485,1,296,0,0,1
U0469,CP1628,0,0,1,0,3
U0469,CP1772,1,139,0,0,1
U0469,CP1872,0,0,0,1,5
U0470,CP0013,1,262,0,0,1
U0470,CP0360,0,0,1,0,3
U0470,CP0399,1,24,0,0,1
U0470,CP0407,0,0,1,0,3
U0470,CP1203,1,124,0,0,1
U0470,CP1371,1,218,0,0,1
U0470,CP1433,1,298,0,0,1
U0470,CP1585,1,51,0,0,1
U0470,CP1617,0,0,0,1,5
U0470,CP1715,1,61,0,0,1
U0470,CP1835,0,0,1,0,3
U0470,CP1875,1,99,0,0,1
U0470,CP2004,1,135,0,0,1
U0470,CP2080,1,277,0,0,1
U0470,CP2176,1,48,0,0,1
U0470,CP2335,1,20,0,0,1
U0470,CP2465,1,218,0,0,1
U0471,CP0022,1,252,0,0,1
U0471,CP0030,0,0,1,0,3
U0471,CP0174,1,147,0,0,1
U0471,CP0245,1,11,0,0,1
U0471,CP0261,0,0,0,1,5
U0471,CP0291,1,59,0,0,1
U0471,CP1100,0,0,1,0,3
U0471,CP1783,1,294,0,0,1
U0471,CP2184,1,250,0,0,1
U0471,CP2376,1,18,0,0,1
U0471,CP2378,0,0,1,0,3
U0472,CP0023,0,0,1,0,3
U0472,CP0309,1,18,0,0,1
U0472,CP0345,0,0,0,1,5
U0472,CP0674,0,0,0,1,5
U0472,CP0766,1,294,0,0,1
U0472,CP1019,0,0,1,0,3
U0472,CP1223,0,0,1,0,3
U0472,CP1226,1,122,0,0,1
U0472,CP1239,1,132,0,0,1
U0472,CP1416,1,97,0,0,1
U0472,CP1437,0,0,0,1,5
U0472,CP1540,1,229,0,0,1
U0472,CP2094,1,209,0,0,1
U0472,CP2153,0,0,0,1,5
U0472,CP2236,1,285,0,0,1
U0472,CP2269,1,21,0,0,1
U0472,CP2337,1,262,0,0,1
U0473,CP0073,1,74,0,0,1
U0473,CP0175,1,29,0,0,1
U0473,CP0544,1,292,0,0,1
U0473,CP0630,0,0,1,0,3
U0473,CP0642,1,270,0,0,1
U0473,CP0815,1,7,0,0,1
U0473,CP1061,1,201,0,0,1
U0473,CP1545,0,0,0,1,5
U0473,CP1744,1,212,0,0,1
U0473,CP2128,0,0,0,1,5
U0473,CP2298,0,0,1,0,3
U0473,CP2320,1,95,0,0,1
U0473,CP2458,1,78,0,0,1
U0474,CP0084,0,0,1,0,3
U0474,CP0099,1,119,0,0,1
U0474,CP0124,0,0,0,1,5
U0474,CP0313,0,0,1,0,3
U0474,CP0604,0,0,1,0,3
U0474,CP0965,1,209,0,0,1
U0474,CP0967,1,56,0,0,1
U0474,CP1122,1,168,0,0,1
U0474,CP1179,1,181,0,0,1
U0474,CP1182,1,224,0,0,1
U0474,CP1427,1,284,0,0,1
U0474,CP1606,0,0,1,0,3
U0474,CP1627,0,0,1,0,3
U0474,CP1658,0,0,0,1,5
U0474,CP1868,0,0,0,1,5
U0474,CP2281,0,0,1,0,3
U0475,CP0284,1,194,0,0,1
U0475,CP0377,1,167,0,0,1
U0475,CP0487,1,252,0,0,1
U0475,CP0738,1,191,0,0,1
U0475,CP1314,0,0,1,0,3
U0475,CP1495,1,215,0,0,1
U0475,CP1651,1,92,0,0,1
U0475,CP1975,0,0,1,0,3
U0475,CP2460,1,69,0,0,1
U0476,CP0072,1,202,0,0,1
U0476,CP0222,0,0,0,1,5
U0476,CP0269,0,0,1,0,3
U0476,CP0381,0,0,0,1,5
U0476,CP0427,1,153,0,0,1
U0476,CP0556,1,44,0,0,1
U0476,CP0691,1,286,0,0,1
U0476,CP1225,1,265,0,0,1
U0476,CP1319,0,0,1,0,3
U0476,CP1480,0,0,0,1,5
U0476,CP1926,1,275,0,0,1
U0476,CP2099,1,182,0,0,1
U0476,CP2115,1,255,0,0,1
U0476,CP2246,1,245,0,0,1
U0476,CP2286,1,84,0,0,1
U0477,CP0076,1,266,1,0,4
U0477,CP0272,1,30,0,0,1
U0477,CP0375,1,219,0,0,1
U0477,CP0437,1,31,0,0,1
U0477,CP0543,1,77,0,0,1
U0477,CP0795,1,216,0,0,1
U0477,CP0820,1,295,0,0,1
U0477,CP1180,0,0,0,1,5
U0477,CP1782,1,41,0,0,1
U0477,CP1809,1,256,0,0,1
U0477,CP1962,0,0,1,0,3
U0477,CP2033,1,226,0,0,1
U0477,CP2188,1,274,0,0,1
U0477,CP2347,1,78,0,0,1
U0477,CP2455,1,255,0,0,1
U0477,CP2493,1,27,0,0,1
U0478,CP0054,1,224,0,0,1
U0478,CP0525,1,95,0,0,1
U0478,CP0534,1,116,0,0,1
U0478,CP0717,1,107,0,0,1
U0478,CP0867,0,0,0,1,5
U0478,CP0957,0,0,1,0,3
U0478,CP1011,0,0,0,1,5
U0478,CP1046,1,71,0,0,1
U0478,CP1201,1,281,0,0,1
U0478,CP1303,1,82,0,0,1
U0478,CP1354,0,0,0,1,5
U0478,CP1380,1,286,0,0,1
U0478,CP1392,1,37,0,0,1
U0478,CP1430,1,161,0,0,1
U0478,CP1435,0,0,1,0,3
U0478,CP1447,0,0,0,1,5
U0478,CP1533,1,278,0,0,1
U0478,CP1626,1,73,0,0,1
U0478,CP1714,1,108,0,0,1
U0478,CP1738,1,147,0,0,1
U0478,CP1897,1,135,0,0,1
U0478,CP1911,0,0,0,1,5
U0478,CP2096,0,0,1,0,3
U0478,CP2251,1,278,0,0,1
U0478,CP2340,0,0,1,0,3
U0478,CP2398,1,297,0,0,1
U0478,CP2471,1,15,0,0,1
U0479,CP0092,1,93,0,0,1
U0479,CP0175,1,40,0,0,1
U0479,CP0192,1,257,0,0,1
U0479,CP0254,1,205,0,0,1
U0479,CP0818,0,0,1,0,3
U0479,CP0970,0,0,1,0,3
U0479,CP1197,1,186,0,0,1
U0479,CP1499,0,0,1,0,3
U0479,CP1540,1,284,0,0,1
U0479,CP1609,0,0,1,0,3
U0479,CP2355,0,0,0,1,5
U0479,CP2358,1,62,0,0,1
U0479,CP2398,0,0,0,1,5
U0479,CP2449,0,0,0,1,5
U0480,CP0041,0,0,0,1,5
U0480,CP0711,1,198,0,0,1
U0480,CP0891,1,265,0,0,1
U0480,CP1146,1,93,0,0,1
U0480,CP1207,1,111,0,0,1
U0480,CP1609,0,0,1,0,3
U0480,CP1843,1,184,0,0,1
U0480,CP1936,0,0,1,0,3
U0480,CP2025,1,58,0,0,1
U0480,CP2113,1,10,0,0,1
U0480,CP2186,0,0,0,1,5
U0481,CP0040,1,197,0,0,1
U0481,CP0213,1,287,0,0,1
U0481,CP0490,1,130,0,0,1
U0481,CP0693,1,11,0,0,1
U0481,CP1023,1,200,0,0,1
U0481,CP1234,0,0,1,0,3
U0481,CP1273,1,15,0,0,1
U0481,CP1319,0,0,1,0,3
U0481,CP1333,1,88,0,0,1
U0481,CP2228,0,0,0,1,5
U0481,CP2331,1,296,0,0,1
U0481,CP2495,1,127,0,0,1
U0482,CP0011,0,0,1,0,3
U0482,CP0075,0,0,0,1,5
U0482,CP0215,1,242,0,0,1
U0482,CP0245,1,110,0,0,1
U0482,CP0448,1,157,0,0,1
U0482,CP0471,1,96,0,0,1
U0482,CP0983,1,190,0,0,1
U0482,CP1025,1,161,0,0,1
U0482,CP1077,1,171,0,0,1
U0482,CP1104,0,0,1,0,3
U0482,CP1167,1,203,0,0,1
U0482,CP1221,1,223,0,0,1
U0482,CP1284,1,133,0,0,1
U0482,CP1372,0,0,1,0,3
U0482,CP1586,0,0,1,0,3
U0482,CP1865,0,0,0,1,5
U0482,CP2056,1,290,0,0,1
U0482,CP2358,1,111,0,0,1
U0483,CP0213,1,125,0,0,1
U0483,CP0249,0,0,0,1,5
U0483,CP0387,1,63,0,0,1
U0483,CP0512,1,83,0,0,1
U0483,CP0539,0,0,1,0,3
U0483,CP0801,1,98,0,0,1
U0483,CP0841,0,0,1,0,3
U0483,CP1003,1,27,0,0,1
U0483,CP1357,0,0,1,0,3
U0483,CP1680,1,128,0,0,1
U0483,CP1791,1,287,0,0,1
U0483,CP1908,0,0,1,0,3
U0483,CP2105,0,0,1,0,3
U0483,CP2186,1,130,0,0,1
U0484,CP0057,0,0,0,1,5
U0484,CP0091,1,194,0,0,1
U0484,CP0227,1,191,0,0,1
U0484,CP0323,0,0,1,0,3
U0484,CP0682,1,159,0,0,1
U0484,CP0928,1,49,0,0,1
U0484,CP0949,0,0,1,0,3
U0484,CP1346,1,299,0,0,1
U0484,CP1534,1,85,0,0,1
U0484,CP1604,1,62,0,0,1
U0484,CP1753,1,72,0,0,1
U0484,CP1756,0,0,1,0,3
U0484,CP1770,1,196,0,0,1
U0484,CP2022,1,296,0,0,1
U0484,CP2303,1,202,0,0,1
U0485,CP0088,1,277,0,0,1
U0485,CP0167,1,206,0,0,1
U0485,CP0405,0,0,0,1,5
U0485,CP0478,1,105,0,0,1
U0485,CP0590,0,0,1,0,3
U0485,CP0699,0,0,1,0,3
U0485,CP0715,1,229,0,0,1
U0485,CP0764,1,190,0,0,1
U0485,CP0997,0,0,0,1,5
U0485,CP1077,0,0,1,0,3
U0485,CP1301,1,115,0,0,1
U0485,CP1438,1,248,0,0,1
U0485,CP1467,1,100,0,0,1
U0485,CP1535,0,0,1,0,3
U0485,CP1603,0,0,1,0,3
U0485,CP1820,1,88,0,0,1
U0485,CP1828,0,0,0,1,5
U0485,CP2059,1,37,0,0,1
U0485,CP2095,0,0,1,0,3
U0485,CP2216,0,0,0,1,5
U0485,CP2246,0,0,1,0,3
U0485,CP2425,1,179,0,0,1
U0486,CP0870,0,0,0,1,5
U0486,CP1120,1,66,0,0,1
U0486,CP1229,1,235,0,0,1
U0486,CP1516,1,253,0,0,1
U0486,CP1526,0,0,0,1,5
U0486,CP1598,1,272,0,0,1
U0486,CP1688,1,130,0,0,1
U0486,CP1701,1,98,0,0,1
U0486,CP1800,0,0,0,1,5
U0486,CP1870,0,0,1,0,3
U0486,CP2044,1,32,0,0,1
U0486,CP2267,0,0,0,1,5
U0486,CP2415,1,87,0,0,1
U0486,CP2494,1,164,0,0,1
U0487,CP0368,1,201,0,0,1
U0487,CP0444,1,295,0,0,1
U0487,CP0458,1,288,0,0,1
U0487,CP0505,1,26,0,0,1
U0487,CP0729,0,0,0,1,5
U0487,CP0804,1,158,0,0,1
U0487,CP1070,1,5,0,0,1
U0487,CP1095,1,187,0,0,1
U0487,CP1184,1,198,0,0,1
U0487,CP1859,0,0,1,0,3
U0487,CP1863,0,0,1,0,3
U0487,CP1984,1,101,0,0,1
U0487,CP1985,1,240,0,0,1
U0487,CP2326,0,0,0,1,5
U0487,CP2348,0,0,0,1,5
U0487,CP2407,1,235,0,0,1
U0487,CP2457,0,0,0,1,5
U0487,CP2493,1,183,0,0,1
U0488,CP0075,1,189,0,0,1
U0488,CP0223,1,175,0,0,1
U0488,CP0317,1,211,0,0,1
U0488,CP0511,0,0,0,1,5
U0488,CP0692,0,0,1,0,3
U0488,CP0959,0,0,0,1,5
U0488,CP1312,0,0,1,0,3
U0488,CP1361,1,49,0,0,1
U0488,CP1488,1,209,0,0,1
U0488,CP1498,1,261,0,0,1
U0488,CP1826,1,96,0,0,1
U0488,CP1878,1,88,0,0,1
U0488,CP1897,1,199,0,0,1
U0488,CP2134,0,0,1,0,3
U0488,CP2204,0,0,1,0,3
U0489,CP0207,1,45,0,0,1
U0489,CP0355,1,83,0,0,1
U0489,CP0410,1,48,0,0,1
U0489,CP1265,0,0,1,0,3
U0489,CP1312,0,0,0,1,5
U0489,CP1729,1,11,0,0,1
U0489,CP1775,1,50,0,0,1
U0489,CP1776,1,163,0,0,1
U0489,CP2080,0,0,1,0,3
U0489,CP2155,0,0,0,1,5
U0489,CP2288,1,254,0,0,1
U0490,CP0024,1,171,0,0,1
U0490,CP0563,0,0,0,1,5
U0490,CP0785,0,0,1,0,3
U0490,CP0874,0,0,1,0,3
U0490,CP1147,0,0,1,0,3
U0490,CP1241,1,31,0,0,1
U0490,CP1483,1,147,0,0,1
U0490,CP1533,1,83,0,0,1
U0490,CP1652,0,0,1,0,3
U0490,CP1692,1,300,0,0,1
U0490,CP1704,1,38,0,0,1
U0490,CP1738,1,208,0,0,1
U0490,CP1777,0,0,1,0,3
U0490,CP2090,1,80,0,0,1
U0490,CP2116,0,0,0,1,5
U0490,CP2131,0,0,0,1,5
U0490,CP2297,0,0,0,1,5
U0490,CP2435,1,19,0,0,1
U0490,CP2497,0,0,1,0,3
U0491,CP0069,0,0,0,1,5
U0491,CP1048,0,0,0,1,5
U0491,CP1070,1,102,0,0,1
U0491,CP1073,1,261,0,0,1
U0491,CP1701,1,129,0,0,1
U0491,CP1736,0,0,0,1,5
U0491,CP1932,0,0,0,1,5
U0491,CP2064,0,0,1,0,3
U0491,CP2079,0,0,1,0,3
U0491,CP2123,1,24,0,0,1
U0491,CP2463,1,292,0,0,1
U0492,CP0286,1,134,0,0,1
U0492,CP0291,0,0,1,0,3
U0492,CP0628,0,0,1,0,3
U0492,CP0840,0,0,1,0,3
U0492,CP1392,1,149,0,0,1
U0492,CP1833,1,290,0,0,1
U0492,CP1975,1,57,0,0,1
U0492,CP2115,0,0,1,0,3
U0492,CP2185,1,119,0,0,1
U0493,CP0187,1,298,0,0,1
U0493,CP0480,1,119,0,0,1
U0493,CP0713,0,0,1,0,3
U0493,CP0839,1,233,0,0,1
U0493,CP0841,0,0,1,0,3
U0493,CP1236,0,0,0,1,5
U0493,CP1526,0,0,0,1,5
U0493,CP1558,1,253,0,0,1
U0493,CP1630,1,208,0,0,1
U0493,CP1780,1,226,0,0,1
U0493,CP1888,0,0,1,0,3
U0493,CP2123,0,0,1,0,3
U0493,CP2283,1,285,0,0,1
U0493,CP2300,0,0,0,1,5
U0494,CP0184,0,0,1,0,3
U0494,CP0233,0,0,1,0,3
U0494,CP0269,1,166,0,0,1
U0494,CP0342,1,23,0,0,1
U0494,CP0370,0,0,1,0,3
U0494,CP0675,1,153,0,0,1
U0494,CP0708,1,176,0,0,1
U0494,CP0732,1,26,0,0,1
U0494,CP0742,1,182,0,0,1
U0494,CP0860,0,0,1,0,3
U0494,CP0923,1,168,0,0,1
U0494,CP1007,1,241,0,0,1
U0494,CP1018,1,293,0,0,1
U0494,CP1084,1,255,0,0,1
U0494,CP1136,0,0,0,1,5
U0494,CP1188,0,0,1,0,3
U0494,CP1319,1,169,0,0,1
U0494,CP1344,1,24,0,0,1
U0494,CP1390,1,124,0,0,1
U0494,CP1470,0,0,0,1,5
U0494,CP1540,1,216,0,0,1
U0494,CP1550,1,217,0,0,1
U0494,CP2117,0,0,0,1,5
U0495,CP0073,1,300,0,0,1
U0495,CP0132,0,0,0,1,5
U0495,CP0216,1,55,0,0,1
U0495,CP0789,1,245,0,0,1
U0495,CP0892,1,223,0,0,1
U0495,CP0901,0,0,0,1,5
U0495,CP0907,0,0,1,0,3
U0495,CP0912,0,0,1,0,3
U0495,CP1403,1,182,0,0,1
U0495,CP1791,1,113,0,0,1
U0495,CP1870,1,7,0,0,1
U0495,CP1943,1,69,0,0,1
U0495,CP2088,0,0,1,0,3
U0495,CP2281,0,0,0,1,5
U0495,CP2333,0,0,1,0,3
U0496,CP0274,0,0,0,1,5
U0496,CP0378,1,32,0,0,1
U0496,CP0435,0,0,1,0,3
U0496,CP0442,1,103,0,0,1
U0496,CP0474,1,213,0,0,1
U0496,CP0986,1,169,0,0,1
U0496,CP1032,1,219,0,0,1
U0496,CP1132,1,188,0,0,1
U0496,CP1450,1,66,0,0,1
U0496,CP1669,0,0,0,1,5
U0496,CP1713,0,0,0,1,5
U0496,CP2000,1,197,0,0,1
U0496,CP2052,1,273,0,0,1
U0497,CP0009,1,245,0,0,1
U0497,CP0129,1,101,0,0,1
U0497,CP0207,1,150,0,0,1
U0497,CP0359,0,0,1,0,3
U0497,CP0960,1,133,0,0,1
U0497,CP1152,0,0,1,0,3
U0497,CP1408,1,87,0,0,1
U0497,CP1424,1,274,0,0,1
U0497,CP1539,0,0,0,1,5
U0497,CP1582,1,64,0,0,1
U0497,CP1590,0,0,1,0,3
U0497,CP1789,1,123,0,0,1
U0497,CP1829,1,155,0,0,1
U0497,CP2260,0,0,1,0,3
U0498,CP0121,1,148,0,0,1
U0498,CP0374,1,192,0,0,1
U0498,CP0434,1,63,0,0,1
U0498,CP1038,1,148,0,0,1
U0498,CP1166,0,0,0,1,5
U0498,CP1169,1,254,0,0,1
U0498,CP1628,1,250,0,0,1
U0498,CP1675,1,196,0,0,1
U0498,CP1774,1,117,0,0,1
U0498,CP1936,1,140,0,0,1
U0498,CP2093,1,168,0,0,1
U0498,CP2210,1,265,0,0,1
U0498,CP2257,0,0,1,0,3
U0498,CP2484,1,159,0,0,1
U0499,CP0224,1,80,0,0,1
U0499,CP0481,1,204,0,0,1
U0499,CP0589,0,0,1,0,3
U0499,CP0772,1,38,0,0,1
U0499,CP0774,1,92,0,0,1
U0499,CP0818,0,0,0,1,5
U0499,CP1050,1,203,0,0,1
U0499,CP1114,1,12,0,0,1
U0499,CP1192,0,0,0,1,5
U0499,CP1291,1,189,0,0,1
U0499,CP1372,1,5,0,0,1
U0499,CP1507,1,238,0,0,1
U0499,CP1516,1,219,0,0,1
U0499,CP1813,0,0,1,0,3
U0499,CP2103,1,300,0,0,1
U0499,CP2235,0,0,1,0,3
U0499,CP2489,0,0,1,0,3
U0499,CP2492,0,0,1,0,3
U0500,CP0001,1,163,0,0,1
U0500,CP0146,0,0,0,1,5
U0500,CP0243,0,0,0,1,5
U0500,CP0364,1,135,0,0,1
U0500,CP0382,1,250,0,0,1
U0500,CP0383,1,48,0,0,1
U0500,CP0398,0,0,1,0,3
U0500,CP0616,1,19,0,0,1
U0500,CP0631,1,60,0,0,1
U0500,CP1162,1,30,0,0,1
U0500,CP1215,0,0,1,0,3
U0500,CP1503,0,0,1,0,3
U0500,CP1566,1,229,0,0,1
U0500,CP1646,0,0,1,0,3
U0500,CP1865,1,27,0,0,1
U0500,CP2016,0,0,1,0,3
U0500,CP2231,1,235,0,0,1
U0500,CP2261,0,0,1,0,3
U0500,CP2445,0,0,0,1,5
